reading_id,waterpoint_id,habitation,flow_ok,flow_value,usage_count,status,priority,fault_reason,recorded_at
R00001,WP001,Othappai,1,3385,13,WORKING,NORMAL,,2026-06-27 11:41:03
R00002,WP001,Othappai,1,2376,6,WORKING,NORMAL,,2026-07-08 08:12:22
R00003,WP001,Othappai,1,2796,7,WORKING,NORMAL,,2026-07-08 10:06:37
R00004,WP001,Othappai,1,3080,7,WORKING,NORMAL,,2026-07-13 22:41:15
R00005,WP001,Othappai,1,2930,10,WORKING,NORMAL,,2026-07-25 05:13:27
R00006,WP001,Othappai,1,1274,8,WORKING,NORMAL,,2026-07-05 06:06:26
R00007,WP001,Othappai,1,3508,13,WORKING,NORMAL,,2026-07-03 22:16:45
R00008,WP001,Othappai,1,1805,12,WORKING,NORMAL,,2026-07-10 07:47:32
R00009,WP001,Othappai,1,1215,10,WORKING,NORMAL,,2026-07-10 21:07:54
R00010,WP001,Othappai,1,1499,8,WORKING,NORMAL,,2026-06-30 15:01:48
R00011,WP001,Othappai,1,3279,5,WORKING,NORMAL,,2026-06-27 04:11:28
R00012,WP001,Othappai,1,2333,11,WORKING,NORMAL,,2026-07-08 14:32:32
R00013,WP001,Othappai,1,2764,8,WORKING,NORMAL,,2026-06-29 15:44:53
R00014,WP001,Othappai,1,2522,14,WORKING,NORMAL,,2026-07-24 20:26:29
R00015,WP001,Othappai,0,0,0,NOT_WORKING,CRITICAL,Zero flow detected,2026-07-19 02:55:37
R00016,WP001,Othappai,1,3400,10,WORKING,NORMAL,,2026-07-06 10:11:11
R00017,WP001,Othappai,1,2634,7,WORKING,NORMAL,,2026-07-25 21:27:48
R00018,WP001,Othappai,1,2671,8,WORKING,NORMAL,,2026-07-08 20:45:01
R00019,WP001,Othappai,1,1950,10,WORKING,NORMAL,,2026-06-27 10:51:33
R00020,WP001,Othappai,1,2241,7,WORKING,NORMAL,,2026-07-20 05:12:31
R00021,WP001,Othappai,1,348,1,LOW_FLOW,MEDIUM,Flow below operational threshold,2026-07-23 05:16:24
R00022,WP001,Othappai,1,2974,5,WORKING,NORMAL,,2026-06-29 02:52:16
R00023,WP001,Othappai,1,3538,12,WORKING,NORMAL,,2026-07-13 02:18:37
R00024,WP001,Othappai,1,3082,14,WORKING,NORMAL,,2026-07-08 22:56:33
R00025,WP001,Othappai,1,3294,13,WORKING,NORMAL,,2026-07-15 12:58:36
R00026,WP001,Othappai,1,360,2,LOW_FLOW,MEDIUM,Flow below operational threshold,2026-07-06 03:43:20
R00027,WP001,Othappai,0,0,0,NOT_WORKING,CRITICAL,Zero flow detected,2026-07-10 06:08:35
R00028,WP001,Othappai,1,717,3,LOW_FLOW,MEDIUM,Flow below operational threshold,2026-07-25 20:35:33
R00029,WP001,Othappai,1,2007,8,WORKING,NORMAL,,2026-07-08 21:48:15
R00030,WP001,Othappai,0,0,0,NOT_WORKING,CRITICAL,Zero flow detected,2026-06-30 06:47:44
R00031,WP001,Othappai,1,3372,10,WORKING,NORMAL,,2026-07-03 16:13:31
R00032,WP001,Othappai,1,2713,7,WORKING,NORMAL,,2026-07-12 14:46:55
R00033,WP001,Othappai,1,1600,5,WORKING,NORMAL,,2026-07-15 02:40:08
R00034,WP001,Othappai,1,2932,14,WORKING,NORMAL,,2026-07-13 23:09:39
R00035,WP001,Othappai,1,1496,8,WORKING,NORMAL,,2026-07-12 02:51:04
R00036,WP001,Othappai,1,1614,5,WORKING,NORMAL,,2026-07-03 21:29:09
R00037,WP001,Othappai,1,1808,12,WORKING,NORMAL,,2026-06-27 11:21:26
R00038,WP001,Othappai,0,0,0,NOT_WORKING,CRITICAL,Zero flow detected,2026-07-03 12:19:01
R00039,WP001,Othappai,1,2874,14,WORKING,NORMAL,,2026-06-29 04:42:23
R00040,WP001,Othappai,1,2203,10,WORKING,NORMAL,,2026-07-24 16:52:58
R00041,WP001,Othappai,1,2688,10,WORKING,NORMAL,,2026-07-04 08:38:20
R00042,WP001,Othappai,1,2378,5,WORKING,NORMAL,,2026-07-13 06:22:09
R00043,WP001,Othappai,1,2934,9,WORKING,NORMAL,,2026-07-15 09:12:42
R00044,WP001,Othappai,1,3105,10,WORKING,NORMAL,,2026-07-25 10:00:41
R00045,WP001,Othappai,1,1513,11,WORKING,NORMAL,,2026-07-16 12:00:38
R00046,WP001,Othappai,1,3617,14,WORKING,NORMAL,,2026-07-09 18:40:38
R00047,WP001,Othappai,1,3628,10,WORKING,NORMAL,,2026-07-17 08:50:47
R00048,WP001,Othappai,1,2819,14,WORKING,NORMAL,,2026-07-07 22:31:45
R00049,WP001,Othappai,0,0,0,NOT_WORKING,CRITICAL,Zero flow detected,2026-07-01 07:25:13
R00050,WP001,Othappai,1,202,1,LOW_FLOW,MEDIUM,Flow below operational threshold,2026-07-10 04:15:24
R00051,WP001,Othappai,1,2093,5,WORKING,NORMAL,,2026-07-10 19:37:22
R00052,WP001,Othappai,1,1761,14,WORKING,NORMAL,,2026-07-11 08:58:47
R00053,WP001,Othappai,1,2632,6,WORKING,NORMAL,,2026-07-13 12:52:37
R00054,WP001,Othappai,1,2317,8,WORKING,NORMAL,,2026-06-29 10:20:15
R00055,WP001,Othappai,1,3310,11,WORKING,NORMAL,,2026-07-03 00:47:11
R00056,WP001,Othappai,1,2442,10,WORKING,NORMAL,,2026-07-12 02:24:52
R00057,WP001,Othappai,1,2564,7,WORKING,NORMAL,,2026-07-13 01:15:52
R00058,WP001,Othappai,1,3059,7,WORKING,NORMAL,,2026-07-12 22:18:29
R00059,WP001,Othappai,1,2486,14,WORKING,NORMAL,,2026-07-17 04:37:20
R00060,WP001,Othappai,1,1622,8,WORKING,NORMAL,,2026-07-11 05:21:25
R00061,WP001,Othappai,1,3493,8,WORKING,NORMAL,,2026-07-05 23:53:20
R00062,WP001,Othappai,1,1543,13,WORKING,NORMAL,,2026-07-26 11:00:23
R00063,WP001,Othappai,1,1396,8,WORKING,NORMAL,,2026-07-20 01:01:53
R00064,WP001,Othappai,1,1600,14,WORKING,NORMAL,,2026-07-19 09:59:56
R00065,WP001,Othappai,1,3157,8,WORKING,NORMAL,,2026-06-27 23:54:33
R00066,WP001,Othappai,1,2377,10,WORKING,NORMAL,,2026-07-19 16:26:59
R00067,WP001,Othappai,1,1057,7,WORKING,NORMAL,,2026-07-08 15:53:48
R00068,WP001,Othappai,1,3685,7,WORKING,NORMAL,,2026-07-04 04:44:15
R00069,WP001,Othappai,1,3755,10,WORKING,NORMAL,,2026-06-30 20:32:36
R00070,WP001,Othappai,1,2252,7,WORKING,NORMAL,,2026-07-24 16:51:53
R00071,WP001,Othappai,1,3671,14,WORKING,NORMAL,,2026-07-22 11:05:32
R00072,WP001,Othappai,1,2486,11,WORKING,NORMAL,,2026-07-15 01:06:25
R00073,WP001,Othappai,1,3739,5,WORKING,NORMAL,,2026-07-21 12:02:06
R00074,WP001,Othappai,1,2553,10,WORKING,NORMAL,,2026-07-23 11:20:06
R00075,WP001,Othappai,1,3487,14,WORKING,NORMAL,,2026-07-07 18:45:37
R00076,WP001,Othappai,1,3018,6,WORKING,NORMAL,,2026-07-09 12:43:16
R00077,WP001,Othappai,1,3028,9,WORKING,NORMAL,,2026-07-26 10:08:42
R00078,WP001,Othappai,1,1621,11,WORKING,NORMAL,,2026-07-12 15:26:18
R00079,WP001,Othappai,1,3168,12,WORKING,NORMAL,,2026-07-10 01:50:30
R00080,WP001,Othappai,1,1758,10,WORKING,NORMAL,,2026-07-26 08:40:32
R00081,WP001,Othappai,1,2409,10,WORKING,NORMAL,,2026-07-11 03:31:55
R00082,WP001,Othappai,1,1208,12,WORKING,NORMAL,,2026-07-05 07:47:38
R00083,WP001,Othappai,1,3339,9,WORKING,NORMAL,,2026-07-06 02:24:00
R00084,WP001,Othappai,1,427,5,LOW_FLOW,MEDIUM,Flow below operational threshold,2026-07-24 16:48:02
R00085,WP001,Othappai,1,2682,7,WORKING,NORMAL,,2026-06-30 17:05:03
R00086,WP001,Othappai,1,964,1,LOW_FLOW,MEDIUM,Flow below operational threshold,2026-07-20 10:27:55
R00087,WP001,Othappai,1,3160,13,WORKING,NORMAL,,2026-07-04 03:25:57
R00088,WP001,Othappai,1,3246,14,WORKING,NORMAL,,2026-07-05 14:38:27
R00089,WP001,Othappai,1,1848,12,WORKING,NORMAL,,2026-07-14 09:32:31
R00090,WP001,Othappai,1,1009,12,WORKING,NORMAL,,2026-06-30 23:30:45
R00091,WP001,Othappai,1,3041,6,WORKING,NORMAL,,2026-07-11 01:29:19
R00092,WP001,Othappai,1,1077,9,WORKING,NORMAL,,2026-07-12 02:07:27
R00093,WP001,Othappai,1,3227,13,WORKING,NORMAL,,2026-07-16 11:26:35
R00094,WP001,Othappai,0,0,0,NOT_WORKING,CRITICAL,Zero flow detected,2026-07-19 07:43:25
R00095,WP001,Othappai,1,1308,6,WORKING,NORMAL,,2026-07-26 09:08:34
R00096,WP001,Othappai,1,2729,12,WORKING,NORMAL,,2026-07-24 21:27:37
R00097,WP001,Othappai,1,1874,13,WORKING,NORMAL,,2026-07-26 15:10:51
R00098,WP001,Othappai,1,2138,6,WORKING,NORMAL,,2026-07-25 18:56:16
R00099,WP001,Othappai,1,1628,13,WORKING,NORMAL,,2026-07-20 14:59:28
R00100,WP001,Othappai,1,3482,9,WORKING,NORMAL,,2026-07-12 19:38:16
R00101,WP002,Putlur,1,2554,13,WORKING,NORMAL,,2026-07-09 10:19:18
R00102,WP002,Putlur,1,2036,10,WORKING,NORMAL,,2026-07-02 08:46:24
R00103,WP002,Putlur,1,1990,8,WORKING,NORMAL,,2026-07-23 00:46:34
R00104,WP002,Putlur,1,3131,6,WORKING,NORMAL,,2026-07-04 05:45:52
R00105,WP002,Putlur,1,3801,13,WORKING,NORMAL,,2026-07-20 14:56:50
R00106,WP002,Putlur,1,428,5,LOW_FLOW,MEDIUM,Flow below operational threshold,2026-07-22 06:33:01
R00107,WP002,Putlur,1,1788,9,WORKING,NORMAL,,2026-07-13 13:53:23
R00108,WP002,Putlur,1,419,2,LOW_FLOW,MEDIUM,Flow below operational threshold,2026-07-03 23:45:06
R00109,WP002,Putlur,1,2566,9,WORKING,NORMAL,,2026-07-18 08:13:51
R00110,WP002,Putlur,1,2941,8,WORKING,NORMAL,,2026-07-23 12:16:03
R00111,WP002,Putlur,1,3733,12,WORKING,NORMAL,,2026-07-12 18:50:33
R00112,WP002,Putlur,1,3545,11,WORKING,NORMAL,,2026-07-18 20:39:39
R00113,WP002,Putlur,1,3180,14,WORKING,NORMAL,,2026-07-18 20:59:53
R00114,WP002,Putlur,1,3912,13,WORKING,NORMAL,,2026-07-06 20:54:49
R00115,WP002,Putlur,1,2224,7,WORKING,NORMAL,,2026-07-19 02:13:28
R00116,WP002,Putlur,0,0,0,NOT_WORKING,CRITICAL,Zero flow detected,2026-07-16 08:35:59
R00117,WP002,Putlur,1,2180,10,WORKING,NORMAL,,2026-07-09 10:51:13
R00118,WP002,Putlur,1,2561,5,WORKING,NORMAL,,2026-07-05 23:58:18
R00119,WP002,Putlur,1,1267,6,WORKING,NORMAL,,2026-07-18 01:35:12
R00120,WP002,Putlur,1,1690,10,WORKING,NORMAL,,2026-07-10 23:21:19
R00121,WP002,Putlur,1,2039,11,WORKING,NORMAL,,2026-07-20 11:04:58
R00122,WP002,Putlur,1,3169,13,WORKING,NORMAL,,2026-07-15 23:27:59
R00123,WP002,Putlur,1,2241,9,WORKING,NORMAL,,2026-07-06 04:06:03
R00124,WP002,Putlur,1,527,4,LOW_FLOW,MEDIUM,Flow below operational threshold,2026-07-26 13:16:53
R00125,WP002,Putlur,1,530,2,LOW_FLOW,MEDIUM,Flow below operational threshold,2026-07-25 01:38:34
R00126,WP002,Putlur,1,1664,8,WORKING,NORMAL,,2026-07-11 20:37:34
R00127,WP002,Putlur,1,310,1,LOW_FLOW,MEDIUM,Flow below operational threshold,2026-07-01 00:38:53
R00128,WP002,Putlur,1,3484,6,WORKING,NORMAL,,2026-07-11 11:57:52
R00129,WP002,Putlur,1,2518,7,WORKING,NORMAL,,2026-07-17 08:27:49
R00130,WP002,Putlur,1,3995,10,WORKING,NORMAL,,2026-07-24 15:12:37
R00131,WP002,Putlur,1,1698,8,WORKING,NORMAL,,2026-07-17 15:22:28
R00132,WP002,Putlur,1,3447,13,WORKING,NORMAL,,2026-07-15 05:51:51
R00133,WP002,Putlur,1,1468,12,WORKING,NORMAL,,2026-07-13 21:08:15
R00134,WP002,Putlur,1,3312,13,WORKING,NORMAL,,2026-07-08 00:32:18
R00135,WP002,Putlur,1,1955,12,WORKING,NORMAL,,2026-07-19 18:10:47
R00136,WP002,Putlur,1,1006,10,WORKING,NORMAL,,2026-07-01 06:07:11
R00137,WP002,Putlur,1,275,3,LOW_FLOW,MEDIUM,Flow below operational threshold,2026-07-15 22:31:40
R00138,WP002,Putlur,1,1770,13,WORKING,NORMAL,,2026-07-18 16:17:15
R00139,WP002,Putlur,1,2396,13,WORKING,NORMAL,,2026-07-01 07:22:27
R00140,WP002,Putlur,1,3756,10,WORKING,NORMAL,,2026-07-08 18:59:13
R00141,WP002,Putlur,1,1120,13,WORKING,NORMAL,,2026-06-29 07:47:42
R00142,WP002,Putlur,1,3189,7,WORKING,NORMAL,,2026-07-06 04:13:33
R00143,WP002,Putlur,1,1745,11,WORKING,NORMAL,,2026-07-20 13:56:48
R00144,WP002,Putlur,1,2542,14,WORKING,NORMAL,,2026-07-14 20:01:08
R00145,WP002,Putlur,1,3099,6,WORKING,NORMAL,,2026-07-09 10:31:13
R00146,WP002,Putlur,1,2838,13,WORKING,NORMAL,,2026-06-30 06:08:59
R00147,WP002,Putlur,1,2759,12,WORKING,NORMAL,,2026-07-16 08:38:34
R00148,WP002,Putlur,1,1462,5,WORKING,NORMAL,,2026-07-26 06:48:50
R00149,WP002,Putlur,1,2633,13,WORKING,NORMAL,,2026-07-14 01:44:16
R00150,WP002,Putlur,1,3105,8,WORKING,NORMAL,,2026-07-05 08:06:58
R00151,WP002,Putlur,1,3421,12,WORKING,NORMAL,,2026-07-17 08:17:22
R00152,WP002,Putlur,1,1339,14,WORKING,NORMAL,,2026-07-03 09:38:35
R00153,WP002,Putlur,1,1334,6,WORKING,NORMAL,,2026-07-13 23:50:35
R00154,WP002,Putlur,1,2532,10,WORKING,NORMAL,,2026-07-22 10:03:24
R00155,WP002,Putlur,1,1710,9,WORKING,NORMAL,,2026-07-11 10:56:47
R00156,WP002,Putlur,1,1798,10,WORKING,NORMAL,,2026-07-15 11:18:38
R00157,WP002,Putlur,1,2482,13,WORKING,NORMAL,,2026-06-30 06:11:58
R00158,WP002,Putlur,1,1533,11,WORKING,NORMAL,,2026-07-05 18:14:42
R00159,WP002,Putlur,1,3477,14,WORKING,NORMAL,,2026-07-26 01:20:56
R00160,WP002,Putlur,1,3827,14,WORKING,NORMAL,,2026-07-24 04:09:33
R00161,WP002,Putlur,1,1154,13,WORKING,NORMAL,,2026-07-20 20:52:02
R00162,WP002,Putlur,1,1906,10,WORKING,NORMAL,,2026-07-18 07:59:08
R00163,WP002,Putlur,1,1448,11,WORKING,NORMAL,,2026-06-28 15:37:01
R00164,WP002,Putlur,1,1973,13,WORKING,NORMAL,,2026-07-01 19:31:11
R00165,WP002,Putlur,1,2909,13,WORKING,NORMAL,,2026-07-15 22:25:39
R00166,WP002,Putlur,1,2481,10,WORKING,NORMAL,,2026-07-01 12:58:42
R00167,WP002,Putlur,1,1937,5,WORKING,NORMAL,,2026-07-24 07:59:12
R00168,WP002,Putlur,1,1518,13,WORKING,NORMAL,,2026-07-14 05:22:31
R00169,WP002,Putlur,1,3323,14,WORKING,NORMAL,,2026-07-23 18:57:18
R00170,WP002,Putlur,1,3292,7,WORKING,NORMAL,,2026-06-29 22:57:04
R00171,WP002,Putlur,1,1428,12,WORKING,NORMAL,,2026-07-14 07:35:31
R00172,WP002,Putlur,1,1139,11,WORKING,NORMAL,,2026-07-03 06:54:22
R00173,WP002,Putlur,1,3150,7,WORKING,NORMAL,,2026-07-16 21:42:15
R00174,WP002,Putlur,1,1458,13,WORKING,NORMAL,,2026-06-27 12:08:46
R00175,WP002,Putlur,0,0,0,NOT_WORKING,CRITICAL,Zero flow detected,2026-07-03 18:13:19
R00176,WP002,Putlur,1,2776,12,WORKING,NORMAL,,2026-06-27 09:46:15
R00177,WP002,Putlur,1,1632,8,WORKING,NORMAL,,2026-06-27 22:36:47
R00178,WP002,Putlur,1,3957,9,WORKING,NORMAL,,2026-07-13 01:31:27
R00179,WP002,Putlur,1,2173,5,WORKING,NORMAL,,2026-07-03 00:34:46
R00180,WP002,Putlur,1,3056,11,WORKING,NORMAL,,2026-07-13 02:54:05
R00181,WP002,Putlur,1,2791,5,WORKING,NORMAL,,2026-07-10 07:53:02
R00182,WP002,Putlur,1,1781,14,WORKING,NORMAL,,2026-07-08 13:20:41
R00183,WP002,Putlur,1,2106,9,WORKING,NORMAL,,2026-07-18 10:41:30
R00184,WP002,Putlur,1,1930,10,WORKING,NORMAL,,2026-07-16 21:02:27
R00185,WP002,Putlur,1,2611,11,WORKING,NORMAL,,2026-07-09 14:51:07
R00186,WP002,Putlur,1,1162,13,WORKING,NORMAL,,2026-06-30 01:02:01
R00187,WP002,Putlur,1,2781,14,WORKING,NORMAL,,2026-07-07 10:14:02
R00188,WP002,Putlur,1,1473,13,WORKING,NORMAL,,2026-07-16 04:57:53
R00189,WP002,Putlur,1,3959,8,WORKING,NORMAL,,2026-07-05 04:57:11
R00190,WP002,Putlur,1,3131,6,WORKING,NORMAL,,2026-07-01 02:13:54
R00191,WP002,Putlur,1,3561,9,WORKING,NORMAL,,2026-07-22 18:57:12
R00192,WP002,Putlur,1,3523,9,WORKING,NORMAL,,2026-07-24 09:14:45
R00193,WP002,Putlur,1,2606,14,WORKING,NORMAL,,2026-07-17 09:03:44
R00194,WP002,Putlur,1,3982,11,WORKING,NORMAL,,2026-07-26 03:36:05
R00195,WP002,Putlur,1,3531,13,WORKING,NORMAL,,2026-07-24 23:12:34
R00196,WP002,Putlur,1,3045,10,WORKING,NORMAL,,2026-07-07 13:20:34
R00197,WP002,Putlur,1,3305,7,WORKING,NORMAL,,2026-07-26 03:10:03
R00198,WP002,Putlur,1,3656,9,WORKING,NORMAL,,2026-07-19 21:45:59
R00199,WP002,Putlur,1,3721,11,WORKING,NORMAL,,2026-07-13 02:17:50
R00200,WP002,Putlur,1,2751,5,WORKING,NORMAL,,2026-07-22 22:15:59
R00201,WP003,Mappedu,1,2435,13,WORKING,NORMAL,,2026-07-09 09:21:52
R00202,WP003,Mappedu,1,1848,14,WORKING,NORMAL,,2026-07-18 01:42:12
R00203,WP003,Mappedu,1,1206,8,WORKING,NORMAL,,2026-07-19 16:58:08
R00204,WP003,Mappedu,1,2711,14,WORKING,NORMAL,,2026-07-06 13:51:46
R00205,WP003,Mappedu,1,1285,14,WORKING,NORMAL,,2026-07-06 18:14:39
R00206,WP003,Mappedu,1,1577,13,WORKING,NORMAL,,2026-07-08 20:46:24
R00207,WP003,Mappedu,1,1153,12,WORKING,NORMAL,,2026-07-22 13:17:06
R00208,WP003,Mappedu,1,1050,11,WORKING,NORMAL,,2026-07-15 04:26:53
R00209,WP003,Mappedu,1,1026,10,WORKING,NORMAL,,2026-07-16 10:49:47
R00210,WP003,Mappedu,1,2984,5,WORKING,NORMAL,,2026-07-26 09:20:16
R00211,WP003,Mappedu,1,2111,6,WORKING,NORMAL,,2026-07-12 03:22:45
R00212,WP003,Mappedu,1,2820,6,WORKING,NORMAL,,2026-07-06 14:37:52
R00213,WP003,Mappedu,1,1888,11,WORKING,NORMAL,,2026-07-11 08:49:21
R00214,WP003,Mappedu,1,1231,12,WORKING,NORMAL,,2026-07-16 01:38:23
R00215,WP003,Mappedu,1,3118,8,WORKING,NORMAL,,2026-07-03 13:54:06
R00216,WP003,Mappedu,1,1813,5,WORKING,NORMAL,,2026-07-07 02:33:27
R00217,WP003,Mappedu,1,2940,13,WORKING,NORMAL,,2026-07-20 10:23:39
R00218,WP003,Mappedu,1,1293,13,WORKING,NORMAL,,2026-07-24 15:19:04
R00219,WP003,Mappedu,1,374,3,LOW_FLOW,MEDIUM,Flow below operational threshold,2026-07-14 21:43:39
R00220,WP003,Mappedu,1,1914,12,WORKING,NORMAL,,2026-07-06 01:28:35
R00221,WP003,Mappedu,0,0,0,NOT_WORKING,CRITICAL,Zero flow detected,2026-07-17 00:16:45
R00222,WP003,Mappedu,1,1865,13,WORKING,NORMAL,,2026-06-30 10:07:22
R00223,WP003,Mappedu,1,254,2,LOW_FLOW,MEDIUM,Flow below operational threshold,2026-07-05 11:49:19
R00224,WP003,Mappedu,1,2510,5,WORKING,NORMAL,,2026-07-10 07:44:59
R00225,WP003,Mappedu,1,1490,10,WORKING,NORMAL,,2026-07-01 03:50:16
R00226,WP003,Mappedu,1,3623,5,WORKING,NORMAL,,2026-07-01 09:24:46
R00227,WP003,Mappedu,1,3654,7,WORKING,NORMAL,,2026-07-08 12:03:48
R00228,WP003,Mappedu,1,1206,13,WORKING,NORMAL,,2026-07-11 08:03:19
R00229,WP003,Mappedu,1,1717,11,WORKING,NORMAL,,2026-06-28 18:31:05
R00230,WP003,Mappedu,0,0,0,NOT_WORKING,CRITICAL,Zero flow detected,2026-07-24 14:02:47
R00231,WP003,Mappedu,1,3150,10,WORKING,NORMAL,,2026-07-01 06:44:33
R00232,WP003,Mappedu,1,841,4,LOW_FLOW,MEDIUM,Flow below operational threshold,2026-07-24 01:43:00
R00233,WP003,Mappedu,1,442,2,LOW_FLOW,MEDIUM,Flow below operational threshold,2026-07-03 07:49:15
R00234,WP003,Mappedu,1,3369,6,WORKING,NORMAL,,2026-07-17 14:12:34
R00235,WP003,Mappedu,1,1140,8,WORKING,NORMAL,,2026-06-26 18:40:16
R00236,WP003,Mappedu,1,3495,6,WORKING,NORMAL,,2026-07-24 12:44:44
R00237,WP003,Mappedu,1,2313,7,WORKING,NORMAL,,2026-07-03 23:30:41
R00238,WP003,Mappedu,1,1536,6,WORKING,NORMAL,,2026-07-10 12:08:36
R00239,WP003,Mappedu,0,0,0,NOT_WORKING,CRITICAL,Zero flow detected,2026-07-06 16:30:41
R00240,WP003,Mappedu,1,1853,9,WORKING,NORMAL,,2026-07-20 21:18:47
R00241,WP003,Mappedu,1,2002,11,WORKING,NORMAL,,2026-06-29 16:31:54
R00242,WP003,Mappedu,1,2738,5,WORKING,NORMAL,,2026-07-06 03:19:45
R00243,WP003,Mappedu,1,1948,11,WORKING,NORMAL,,2026-07-13 23:28:18
R00244,WP003,Mappedu,1,1340,10,WORKING,NORMAL,,2026-06-29 10:20:19
R00245,WP003,Mappedu,1,1831,11,WORKING,NORMAL,,2026-06-28 23:27:45
R00246,WP003,Mappedu,1,2801,12,WORKING,NORMAL,,2026-07-10 06:34:19
R00247,WP003,Mappedu,1,2969,6,WORKING,NORMAL,,2026-07-26 05:51:57
R00248,WP003,Mappedu,1,1687,13,WORKING,NORMAL,,2026-07-17 01:22:54
R00249,WP003,Mappedu,1,1151,14,WORKING,NORMAL,,2026-07-19 20:14:37
R00250,WP003,Mappedu,1,3923,12,WORKING,NORMAL,,2026-06-28 21:09:16
R00251,WP003,Mappedu,1,2608,6,WORKING,NORMAL,,2026-07-09 09:17:01
R00252,WP003,Mappedu,1,3700,8,WORKING,NORMAL,,2026-07-03 14:41:00
R00253,WP003,Mappedu,1,2879,5,WORKING,NORMAL,,2026-07-23 15:46:00
R00254,WP003,Mappedu,1,3195,14,WORKING,NORMAL,,2026-07-08 16:09:00
R00255,WP003,Mappedu,1,2710,7,WORKING,NORMAL,,2026-06-28 01:15:27
R00256,WP003,Mappedu,1,3199,14,WORKING,NORMAL,,2026-06-26 23:31:25
R00257,WP003,Mappedu,1,3654,13,WORKING,NORMAL,,2026-06-27 17:53:36
R00258,WP003,Mappedu,1,2205,7,WORKING,NORMAL,,2026-07-22 15:00:50
R00259,WP003,Mappedu,1,1637,7,WORKING,NORMAL,,2026-06-28 05:38:13
R00260,WP003,Mappedu,1,2033,8,WORKING,NORMAL,,2026-07-14 09:59:34
R00261,WP003,Mappedu,1,567,2,LOW_FLOW,MEDIUM,Flow below operational threshold,2026-07-07 20:33:01
R00262,WP003,Mappedu,1,1257,8,WORKING,NORMAL,,2026-07-08 11:22:29
R00263,WP003,Mappedu,1,3768,14,WORKING,NORMAL,,2026-07-16 07:45:14
R00264,WP003,Mappedu,1,3210,14,WORKING,NORMAL,,2026-07-15 10:38:45
R00265,WP003,Mappedu,1,2344,5,WORKING,NORMAL,,2026-07-02 21:19:15
R00266,WP003,Mappedu,1,3434,7,WORKING,NORMAL,,2026-07-13 13:56:08
R00267,WP003,Mappedu,1,3828,6,WORKING,NORMAL,,2026-07-24 15:53:09
R00268,WP003,Mappedu,1,2909,14,WORKING,NORMAL,,2026-07-26 15:47:03
R00269,WP003,Mappedu,1,2952,8,WORKING,NORMAL,,2026-07-17 03:30:35
R00270,WP003,Mappedu,1,2928,9,WORKING,NORMAL,,2026-07-03 18:26:09
R00271,WP003,Mappedu,1,2123,11,WORKING,NORMAL,,2026-07-06 01:34:40
R00272,WP003,Mappedu,1,1161,9,WORKING,NORMAL,,2026-07-11 10:39:47
R00273,WP003,Mappedu,1,1107,13,WORKING,NORMAL,,2026-07-17 22:13:16
R00274,WP003,Mappedu,1,813,5,LOW_FLOW,MEDIUM,Flow below operational threshold,2026-07-09 17:48:40
R00275,WP003,Mappedu,1,1571,11,WORKING,NORMAL,,2026-07-01 18:06:50
R00276,WP003,Mappedu,1,1567,8,WORKING,NORMAL,,2026-07-17 08:16:09
R00277,WP003,Mappedu,1,3069,7,WORKING,NORMAL,,2026-07-19 04:49:01
R00278,WP003,Mappedu,1,3079,6,WORKING,NORMAL,,2026-06-29 12:03:25
R00279,WP003,Mappedu,0,0,0,NOT_WORKING,CRITICAL,Zero flow detected,2026-07-02 18:05:50
R00280,WP003,Mappedu,1,2605,11,WORKING,NORMAL,,2026-07-18 16:35:49
R00281,WP003,Mappedu,1,2692,11,WORKING,NORMAL,,2026-07-11 14:54:05
R00282,WP003,Mappedu,1,1953,9,WORKING,NORMAL,,2026-07-05 18:06:08
R00283,WP003,Mappedu,1,3632,6,WORKING,NORMAL,,2026-07-20 16:14:22
R00284,WP003,Mappedu,1,2330,11,WORKING,NORMAL,,2026-07-11 20:09:06
R00285,WP003,Mappedu,1,2578,13,WORKING,NORMAL,,2026-07-26 16:40:20
R00286,WP003,Mappedu,1,814,4,LOW_FLOW,MEDIUM,Flow below operational threshold,2026-06-27 09:04:45
R00287,WP003,Mappedu,1,735,4,LOW_FLOW,MEDIUM,Flow below operational threshold,2026-06-28 06:52:37
R00288,WP003,Mappedu,1,2817,12,WORKING,NORMAL,,2026-06-29 07:59:14
R00289,WP003,Mappedu,1,2838,8,WORKING,NORMAL,,2026-07-23 03:21:52
R00290,WP003,Mappedu,1,2175,11,WORKING,NORMAL,,2026-07-06 05:17:05
R00291,WP003,Mappedu,1,1326,7,WORKING,NORMAL,,2026-07-22 03:08:40
R00292,WP003,Mappedu,1,2809,11,WORKING,NORMAL,,2026-06-30 17:44:18
R00293,WP003,Mappedu,1,1250,14,WORKING,NORMAL,,2026-07-20 09:37:40
R00294,WP003,Mappedu,0,0,0,NOT_WORKING,CRITICAL,Zero flow detected,2026-06-28 21:22:07
R00295,WP003,Mappedu,1,1647,8,WORKING,NORMAL,,2026-07-19 07:59:59
R00296,WP003,Mappedu,1,1451,10,WORKING,NORMAL,,2026-07-05 13:06:18
R00297,WP003,Mappedu,1,1618,13,WORKING,NORMAL,,2026-07-06 09:10:01
R00298,WP003,Mappedu,1,3229,5,WORKING,NORMAL,,2026-07-05 17:54:11
R00299,WP003,Mappedu,1,1953,7,WORKING,NORMAL,,2026-07-16 17:55:24
R00300,WP003,Mappedu,1,1897,12,WORKING,NORMAL,,2026-07-05 23:09:11
R00301,WP004,Othappai,1,1883,6,WORKING,NORMAL,,2026-07-21 01:42:32
R00302,WP004,Othappai,1,2525,7,WORKING,NORMAL,,2026-06-27 10:54:26
R00303,WP004,Othappai,1,3748,11,WORKING,NORMAL,,2026-07-19 21:38:06
R00304,WP004,Othappai,1,2992,14,WORKING,NORMAL,,2026-07-20 09:27:35
R00305,WP004,Othappai,1,3327,8,WORKING,NORMAL,,2026-07-03 08:25:30
R00306,WP004,Othappai,1,3921,5,WORKING,NORMAL,,2026-07-04 18:50:33
R00307,WP004,Othappai,1,900,2,LOW_FLOW,MEDIUM,Flow below operational threshold,2026-07-13 12:10:23
R00308,WP004,Othappai,1,1961,9,WORKING,NORMAL,,2026-07-21 22:11:11
R00309,WP004,Othappai,1,3431,12,WORKING,NORMAL,,2026-07-22 10:47:10
R00310,WP004,Othappai,1,3693,14,WORKING,NORMAL,,2026-06-27 11:34:57
R00311,WP004,Othappai,0,0,0,NOT_WORKING,CRITICAL,Zero flow detected,2026-07-05 01:42:54
R00312,WP004,Othappai,1,1950,9,WORKING,NORMAL,,2026-07-01 18:23:24
R00313,WP004,Othappai,1,1177,10,WORKING,NORMAL,,2026-07-13 14:14:38
R00314,WP004,Othappai,1,2000,11,WORKING,NORMAL,,2026-07-02 23:27:01
R00315,WP004,Othappai,1,2814,5,WORKING,NORMAL,,2026-07-09 07:40:31
R00316,WP004,Othappai,1,1017,11,WORKING,NORMAL,,2026-07-17 04:19:03
R00317,WP004,Othappai,1,773,1,LOW_FLOW,MEDIUM,Flow below operational threshold,2026-07-22 06:17:40
R00318,WP004,Othappai,1,2225,13,WORKING,NORMAL,,2026-07-18 06:38:32
R00319,WP004,Othappai,1,1466,7,WORKING,NORMAL,,2026-07-24 08:52:47
R00320,WP004,Othappai,1,1299,10,WORKING,NORMAL,,2026-07-16 17:13:16
R00321,WP004,Othappai,1,3151,14,WORKING,NORMAL,,2026-07-24 11:47:56
R00322,WP004,Othappai,1,3190,10,WORKING,NORMAL,,2026-06-29 00:32:43
R00323,WP004,Othappai,1,2581,11,WORKING,NORMAL,,2026-07-08 00:03:51
R00324,WP004,Othappai,1,2785,9,WORKING,NORMAL,,2026-06-29 20:41:35
R00325,WP004,Othappai,1,1494,5,WORKING,NORMAL,,2026-07-25 10:56:08
R00326,WP004,Othappai,1,2041,13,WORKING,NORMAL,,2026-07-26 16:16:43
R00327,WP004,Othappai,0,0,0,NOT_WORKING,CRITICAL,Zero flow detected,2026-06-26 20:11:07
R00328,WP004,Othappai,1,3433,14,WORKING,NORMAL,,2026-06-30 08:23:43
R00329,WP004,Othappai,1,1699,12,WORKING,NORMAL,,2026-07-08 04:26:54
R00330,WP004,Othappai,1,2516,10,WORKING,NORMAL,,2026-06-30 06:03:54
R00331,WP004,Othappai,1,2904,10,WORKING,NORMAL,,2026-07-05 09:54:48
R00332,WP004,Othappai,1,1988,9,WORKING,NORMAL,,2026-07-18 01:57:58
R00333,WP004,Othappai,0,0,0,NOT_WORKING,CRITICAL,Zero flow detected,2026-07-01 19:38:26
R00334,WP004,Othappai,1,2663,5,WORKING,NORMAL,,2026-07-21 17:43:46
R00335,WP004,Othappai,1,1293,5,WORKING,NORMAL,,2026-07-19 11:15:13
R00336,WP004,Othappai,1,3661,11,WORKING,NORMAL,,2026-07-03 21:57:23
R00337,WP004,Othappai,1,3285,12,WORKING,NORMAL,,2026-06-27 10:57:25
R00338,WP004,Othappai,1,1786,6,WORKING,NORMAL,,2026-07-11 23:04:12
R00339,WP004,Othappai,1,2648,5,WORKING,NORMAL,,2026-07-25 09:31:18
R00340,WP004,Othappai,1,3159,5,WORKING,NORMAL,,2026-07-18 08:01:26
R00341,WP004,Othappai,1,1141,10,WORKING,NORMAL,,2026-07-03 08:28:32
R00342,WP004,Othappai,1,3437,5,WORKING,NORMAL,,2026-07-21 09:03:03
R00343,WP004,Othappai,1,767,3,LOW_FLOW,MEDIUM,Flow below operational threshold,2026-07-11 06:06:58
R00344,WP004,Othappai,1,3982,14,WORKING,NORMAL,,2026-07-21 05:55:44
R00345,WP004,Othappai,1,2528,8,WORKING,NORMAL,,2026-07-26 07:26:30
R00346,WP004,Othappai,1,2133,9,WORKING,NORMAL,,2026-07-04 14:12:33
R00347,WP004,Othappai,1,2524,8,WORKING,NORMAL,,2026-07-03 03:28:38
R00348,WP004,Othappai,1,414,5,LOW_FLOW,MEDIUM,Flow below operational threshold,2026-07-16 11:18:56
R00349,WP004,Othappai,1,1963,13,WORKING,NORMAL,,2026-07-16 12:14:11
R00350,WP004,Othappai,1,3531,10,WORKING,NORMAL,,2026-07-05 08:03:16
R00351,WP004,Othappai,1,2888,9,WORKING,NORMAL,,2026-07-18 11:11:01
R00352,WP004,Othappai,1,1790,14,WORKING,NORMAL,,2026-07-09 19:33:00
R00353,WP004,Othappai,1,1532,9,WORKING,NORMAL,,2026-07-24 20:06:46
R00354,WP004,Othappai,1,946,3,LOW_FLOW,MEDIUM,Flow below operational threshold,2026-07-06 15:07:56
R00355,WP004,Othappai,0,0,0,NOT_WORKING,CRITICAL,Zero flow detected,2026-07-14 04:27:29
R00356,WP004,Othappai,1,3700,13,WORKING,NORMAL,,2026-07-22 05:38:44
R00357,WP004,Othappai,1,2406,6,WORKING,NORMAL,,2026-07-15 21:40:49
R00358,WP004,Othappai,1,1606,11,WORKING,NORMAL,,2026-07-05 00:18:45
R00359,WP004,Othappai,1,2276,12,WORKING,NORMAL,,2026-07-17 05:23:27
R00360,WP004,Othappai,1,3434,5,WORKING,NORMAL,,2026-07-03 19:52:20
R00361,WP004,Othappai,1,2139,10,WORKING,NORMAL,,2026-06-30 23:09:03
R00362,WP004,Othappai,1,3321,6,WORKING,NORMAL,,2026-06-30 14:55:01
R00363,WP004,Othappai,1,3116,7,WORKING,NORMAL,,2026-07-10 20:57:54
R00364,WP004,Othappai,1,2106,12,WORKING,NORMAL,,2026-07-16 18:53:24
R00365,WP004,Othappai,1,3317,12,WORKING,NORMAL,,2026-07-10 16:44:37
R00366,WP004,Othappai,1,3634,7,WORKING,NORMAL,,2026-07-07 19:27:39
R00367,WP004,Othappai,1,2783,7,WORKING,NORMAL,,2026-07-14 06:44:02
R00368,WP004,Othappai,1,3942,14,WORKING,NORMAL,,2026-06-29 23:22:18
R00369,WP004,Othappai,1,3230,11,WORKING,NORMAL,,2026-07-08 23:28:05
R00370,WP004,Othappai,1,3813,9,WORKING,NORMAL,,2026-07-13 12:33:07
R00371,WP004,Othappai,1,2514,13,WORKING,NORMAL,,2026-07-01 02:11:13
R00372,WP004,Othappai,1,1567,5,WORKING,NORMAL,,2026-06-28 13:45:38
R00373,WP004,Othappai,1,3619,14,WORKING,NORMAL,,2026-07-16 19:42:30
R00374,WP004,Othappai,1,2661,11,WORKING,NORMAL,,2026-07-06 00:03:24
R00375,WP004,Othappai,1,2822,9,WORKING,NORMAL,,2026-07-13 09:48:09
R00376,WP004,Othappai,1,1186,11,WORKING,NORMAL,,2026-07-06 10:50:14
R00377,WP004,Othappai,1,3966,11,WORKING,NORMAL,,2026-07-15 09:12:28
R00378,WP004,Othappai,1,1287,13,WORKING,NORMAL,,2026-07-01 13:02:36
R00379,WP004,Othappai,1,1637,10,WORKING,NORMAL,,2026-07-19 01:25:31
R00380,WP004,Othappai,1,214,3,LOW_FLOW,MEDIUM,Flow below operational threshold,2026-07-12 08:49:27
R00381,WP004,Othappai,1,645,2,LOW_FLOW,MEDIUM,Flow below operational threshold,2026-06-26 21:52:54
R00382,WP004,Othappai,1,1070,14,WORKING,NORMAL,,2026-07-05 00:30:55
R00383,WP004,Othappai,1,2213,9,WORKING,NORMAL,,2026-07-16 08:13:05
R00384,WP004,Othappai,1,1371,10,WORKING,NORMAL,,2026-07-16 14:58:09
R00385,WP004,Othappai,0,0,0,NOT_WORKING,CRITICAL,Zero flow detected,2026-07-26 12:10:12
R00386,WP004,Othappai,1,1481,5,WORKING,NORMAL,,2026-07-01 13:27:54
R00387,WP004,Othappai,1,1789,6,WORKING,NORMAL,,2026-07-09 00:34:59
R00388,WP004,Othappai,1,2999,12,WORKING,NORMAL,,2026-06-27 23:30:32
R00389,WP004,Othappai,1,2790,14,WORKING,NORMAL,,2026-07-18 06:27:33
R00390,WP004,Othappai,1,571,2,LOW_FLOW,MEDIUM,Flow below operational threshold,2026-07-01 19:25:22
R00391,WP004,Othappai,1,1403,9,WORKING,NORMAL,,2026-07-26 00:40:31
R00392,WP004,Othappai,1,2030,13,WORKING,NORMAL,,2026-07-25 09:59:54
R00393,WP004,Othappai,0,0,0,NOT_WORKING,CRITICAL,Zero flow detected,2026-07-22 15:32:18
R00394,WP004,Othappai,1,382,3,LOW_FLOW,MEDIUM,Flow below operational threshold,2026-07-12 11:10:36
R00395,WP004,Othappai,1,2928,12,WORKING,NORMAL,,2026-07-18 15:19:11
R00396,WP004,Othappai,1,3030,9,WORKING,NORMAL,,2026-06-29 13:03:55
R00397,WP004,Othappai,1,3860,6,WORKING,NORMAL,,2026-07-03 05:41:49
R00398,WP004,Othappai,1,3368,8,WORKING,NORMAL,,2026-07-21 09:42:50
R00399,WP004,Othappai,1,2743,7,WORKING,NORMAL,,2026-07-25 17:51:48
R00400,WP004,Othappai,1,3446,6,WORKING,NORMAL,,2026-07-02 19:12:49
R00401,WP005,Othappai,1,1256,7,WORKING,NORMAL,,2026-07-04 06:10:34
R00402,WP005,Othappai,1,3546,11,WORKING,NORMAL,,2026-07-17 19:07:04
R00403,WP005,Othappai,1,2473,6,WORKING,NORMAL,,2026-07-08 21:15:44
R00404,WP005,Othappai,1,1881,14,WORKING,NORMAL,,2026-07-11 15:19:10
R00405,WP005,Othappai,1,2273,9,WORKING,NORMAL,,2026-07-04 18:08:14
R00406,WP005,Othappai,1,3676,14,WORKING,NORMAL,,2026-07-21 01:32:40
R00407,WP005,Othappai,1,2273,10,WORKING,NORMAL,,2026-07-13 05:23:54
R00408,WP005,Othappai,1,1514,11,WORKING,NORMAL,,2026-06-29 15:45:41
R00409,WP005,Othappai,1,3095,5,WORKING,NORMAL,,2026-07-24 12:15:34
R00410,WP005,Othappai,0,0,0,NOT_WORKING,CRITICAL,Zero flow detected,2026-07-02 20:32:20
R00411,WP005,Othappai,1,580,3,LOW_FLOW,MEDIUM,Flow below operational threshold,2026-07-04 11:58:47
R00412,WP005,Othappai,1,3313,6,WORKING,NORMAL,,2026-07-07 17:48:43
R00413,WP005,Othappai,1,479,1,LOW_FLOW,MEDIUM,Flow below operational threshold,2026-07-10 22:40:59
R00414,WP005,Othappai,1,2807,12,WORKING,NORMAL,,2026-07-03 09:33:02
R00415,WP005,Othappai,1,1684,14,WORKING,NORMAL,,2026-06-29 03:36:17
R00416,WP005,Othappai,1,2410,13,WORKING,NORMAL,,2026-07-05 13:04:40
R00417,WP005,Othappai,1,948,4,LOW_FLOW,MEDIUM,Flow below operational threshold,2026-07-26 04:08:40
R00418,WP005,Othappai,1,469,4,LOW_FLOW,MEDIUM,Flow below operational threshold,2026-06-29 22:05:33
R00419,WP005,Othappai,1,367,3,LOW_FLOW,MEDIUM,Flow below operational threshold,2026-07-16 16:00:52
R00420,WP005,Othappai,1,3586,9,WORKING,NORMAL,,2026-07-01 07:23:03
R00421,WP005,Othappai,1,3579,8,WORKING,NORMAL,,2026-07-06 19:23:48
R00422,WP005,Othappai,1,2753,13,WORKING,NORMAL,,2026-07-02 06:09:38
R00423,WP005,Othappai,1,2720,11,WORKING,NORMAL,,2026-07-19 10:29:00
R00424,WP005,Othappai,1,2190,13,WORKING,NORMAL,,2026-06-30 02:43:09
R00425,WP005,Othappai,1,3921,6,WORKING,NORMAL,,2026-07-15 12:32:24
R00426,WP005,Othappai,1,1663,9,WORKING,NORMAL,,2026-07-11 05:31:51
R00427,WP005,Othappai,1,3662,10,WORKING,NORMAL,,2026-07-18 01:45:04
R00428,WP005,Othappai,1,3253,13,WORKING,NORMAL,,2026-07-26 09:14:36
R00429,WP005,Othappai,1,2168,7,WORKING,NORMAL,,2026-07-05 21:22:56
R00430,WP005,Othappai,1,1358,6,WORKING,NORMAL,,2026-07-03 15:04:41
R00431,WP005,Othappai,1,3557,8,WORKING,NORMAL,,2026-07-18 20:03:16
R00432,WP005,Othappai,1,3252,5,WORKING,NORMAL,,2026-07-11 05:39:21
R00433,WP005,Othappai,1,1020,11,WORKING,NORMAL,,2026-07-09 13:17:29
R00434,WP005,Othappai,1,3369,9,WORKING,NORMAL,,2026-06-27 20:18:48
R00435,WP005,Othappai,1,2217,14,WORKING,NORMAL,,2026-07-22 05:58:23
R00436,WP005,Othappai,1,1161,14,WORKING,NORMAL,,2026-07-23 07:32:02
R00437,WP005,Othappai,1,2501,10,WORKING,NORMAL,,2026-07-03 20:14:26
R00438,WP005,Othappai,1,3964,6,WORKING,NORMAL,,2026-07-10 23:38:38
R00439,WP005,Othappai,1,441,5,LOW_FLOW,MEDIUM,Flow below operational threshold,2026-07-04 16:12:48
R00440,WP005,Othappai,1,3994,6,WORKING,NORMAL,,2026-07-19 06:25:00
R00441,WP005,Othappai,1,2381,14,WORKING,NORMAL,,2026-07-22 14:13:33
R00442,WP005,Othappai,1,3285,7,WORKING,NORMAL,,2026-07-06 20:12:07
R00443,WP005,Othappai,1,2177,6,WORKING,NORMAL,,2026-07-17 16:11:14
R00444,WP005,Othappai,1,1547,5,WORKING,NORMAL,,2026-07-19 00:41:22
R00445,WP005,Othappai,1,3826,5,WORKING,NORMAL,,2026-07-17 21:12:18
R00446,WP005,Othappai,1,2011,13,WORKING,NORMAL,,2026-06-28 18:28:16
R00447,WP005,Othappai,1,1225,6,WORKING,NORMAL,,2026-07-24 17:14:39
R00448,WP005,Othappai,1,2262,11,WORKING,NORMAL,,2026-06-27 16:18:38
R00449,WP005,Othappai,1,3141,6,WORKING,NORMAL,,2026-07-17 07:23:01
R00450,WP005,Othappai,1,3057,5,WORKING,NORMAL,,2026-07-18 17:18:35
R00451,WP005,Othappai,1,2084,10,WORKING,NORMAL,,2026-07-13 03:30:39
R00452,WP005,Othappai,1,3077,13,WORKING,NORMAL,,2026-07-01 08:28:46
R00453,WP005,Othappai,1,2020,9,WORKING,NORMAL,,2026-07-15 21:17:12
R00454,WP005,Othappai,1,2883,7,WORKING,NORMAL,,2026-07-12 12:13:55
R00455,WP005,Othappai,1,2431,13,WORKING,NORMAL,,2026-07-02 01:49:35
R00456,WP005,Othappai,1,2874,12,WORKING,NORMAL,,2026-07-16 13:55:42
R00457,WP005,Othappai,1,2827,7,WORKING,NORMAL,,2026-07-01 07:29:12
R00458,WP005,Othappai,1,1609,9,WORKING,NORMAL,,2026-07-06 12:38:04
R00459,WP005,Othappai,1,2152,13,WORKING,NORMAL,,2026-07-15 12:42:54
R00460,WP005,Othappai,1,3066,6,WORKING,NORMAL,,2026-07-20 06:53:01
R00461,WP005,Othappai,1,2156,6,WORKING,NORMAL,,2026-07-18 06:42:25
R00462,WP005,Othappai,1,2724,5,WORKING,NORMAL,,2026-07-06 11:08:09
R00463,WP005,Othappai,1,1311,7,WORKING,NORMAL,,2026-07-25 18:28:38
R00464,WP005,Othappai,1,3208,6,WORKING,NORMAL,,2026-07-04 04:09:45
R00465,WP005,Othappai,0,0,0,NOT_WORKING,CRITICAL,Zero flow detected,2026-07-08 00:19:49
R00466,WP005,Othappai,1,2552,11,WORKING,NORMAL,,2026-07-15 00:43:38
R00467,WP005,Othappai,1,3701,11,WORKING,NORMAL,,2026-07-24 10:37:56
R00468,WP005,Othappai,1,3917,8,WORKING,NORMAL,,2026-07-21 15:40:45
R00469,WP005,Othappai,1,3035,14,WORKING,NORMAL,,2026-07-01 23:12:24
R00470,WP005,Othappai,1,2737,12,WORKING,NORMAL,,2026-07-21 23:02:08
R00471,WP005,Othappai,1,1419,10,WORKING,NORMAL,,2026-07-03 18:21:08
R00472,WP005,Othappai,1,2112,9,WORKING,NORMAL,,2026-07-03 04:33:28
R00473,WP005,Othappai,1,2882,9,WORKING,NORMAL,,2026-07-09 23:03:46
R00474,WP005,Othappai,0,0,0,NOT_WORKING,CRITICAL,Zero flow detected,2026-07-12 07:57:27
R00475,WP005,Othappai,1,2610,14,WORKING,NORMAL,,2026-07-15 09:30:44
R00476,WP005,Othappai,1,3425,14,WORKING,NORMAL,,2026-07-13 00:39:53
R00477,WP005,Othappai,1,3300,7,WORKING,NORMAL,,2026-07-20 05:14:34
R00478,WP005,Othappai,1,2430,14,WORKING,NORMAL,,2026-06-28 03:57:18
R00479,WP005,Othappai,1,3606,9,WORKING,NORMAL,,2026-07-23 11:29:35
R00480,WP005,Othappai,1,836,3,LOW_FLOW,MEDIUM,Flow below operational threshold,2026-07-24 18:50:40
R00481,WP005,Othappai,1,3878,9,WORKING,NORMAL,,2026-07-02 06:45:16
R00482,WP005,Othappai,1,1551,11,WORKING,NORMAL,,2026-06-27 22:42:44
R00483,WP005,Othappai,1,3488,9,WORKING,NORMAL,,2026-07-14 02:56:40
R00484,WP005,Othappai,1,3898,8,WORKING,NORMAL,,2026-07-25 05:52:35
R00485,WP005,Othappai,1,2706,6,WORKING,NORMAL,,2026-07-04 07:59:09
R00486,WP005,Othappai,1,1145,5,WORKING,NORMAL,,2026-07-15 00:04:53
R00487,WP005,Othappai,1,3500,10,WORKING,NORMAL,,2026-07-20 17:52:59
R00488,WP005,Othappai,1,3108,5,WORKING,NORMAL,,2026-07-24 00:27:05
R00489,WP005,Othappai,1,3533,7,WORKING,NORMAL,,2026-06-29 02:39:48
R00490,WP005,Othappai,1,3754,7,WORKING,NORMAL,,2026-07-04 09:58:41
R00491,WP005,Othappai,1,3289,6,WORKING,NORMAL,,2026-07-21 20:35:20
R00492,WP005,Othappai,1,3091,13,WORKING,NORMAL,,2026-07-19 14:15:02
R00493,WP005,Othappai,1,2999,11,WORKING,NORMAL,,2026-07-23 03:56:44
R00494,WP005,Othappai,0,0,0,NOT_WORKING,CRITICAL,Zero flow detected,2026-07-09 03:19:13
R00495,WP005,Othappai,0,0,0,NOT_WORKING,CRITICAL,Zero flow detected,2026-07-22 17:27:59
R00496,WP005,Othappai,1,321,2,LOW_FLOW,MEDIUM,Flow below operational threshold,2026-07-18 09:40:05
R00497,WP005,Othappai,1,1137,7,WORKING,NORMAL,,2026-07-21 23:28:00
R00498,WP005,Othappai,1,2516,6,WORKING,NORMAL,,2026-07-07 05:48:34
R00499,WP005,Othappai,1,2583,8,WORKING,NORMAL,,2026-07-21 14:33:02
R00500,WP005,Othappai,1,3349,6,WORKING,NORMAL,,2026-07-07 15:35:29
R00501,WP006,Perambakkam,1,2511,14,WORKING,NORMAL,,2026-07-15 22:03:33
R00502,WP006,Perambakkam,1,887,1,LOW_FLOW,MEDIUM,Flow below operational threshold,2026-07-04 14:56:41
R00503,WP006,Perambakkam,1,1640,11,WORKING,NORMAL,,2026-07-23 02:02:58
R00504,WP006,Perambakkam,1,2307,12,WORKING,NORMAL,,2026-07-20 22:57:32
R00505,WP006,Perambakkam,1,1763,11,WORKING,NORMAL,,2026-07-13 14:04:54
R00506,WP006,Perambakkam,1,2185,5,WORKING,NORMAL,,2026-07-13 08:09:46
R00507,WP006,Perambakkam,1,1725,8,WORKING,NORMAL,,2026-07-15 03:34:53
R00508,WP006,Perambakkam,1,3526,11,WORKING,NORMAL,,2026-07-03 15:42:28
R00509,WP006,Perambakkam,1,3952,5,WORKING,NORMAL,,2026-07-19 15:37:10
R00510,WP006,Perambakkam,1,3152,6,WORKING,NORMAL,,2026-07-17 10:05:45
R00511,WP006,Perambakkam,1,2744,8,WORKING,NORMAL,,2026-07-24 10:45:09
R00512,WP006,Perambakkam,1,3730,10,WORKING,NORMAL,,2026-07-12 02:51:31
R00513,WP006,Perambakkam,1,3236,9,WORKING,NORMAL,,2026-07-01 08:34:01
R00514,WP006,Perambakkam,1,3115,5,WORKING,NORMAL,,2026-07-23 06:24:11
R00515,WP006,Perambakkam,1,3554,7,WORKING,NORMAL,,2026-07-03 23:48:06
R00516,WP006,Perambakkam,1,3349,7,WORKING,NORMAL,,2026-07-19 10:59:44
R00517,WP006,Perambakkam,0,0,0,NOT_WORKING,CRITICAL,Zero flow detected,2026-07-08 19:19:04
R00518,WP006,Perambakkam,1,2111,11,WORKING,NORMAL,,2026-07-03 01:51:37
R00519,WP006,Perambakkam,1,1391,10,WORKING,NORMAL,,2026-07-10 14:45:53
R00520,WP006,Perambakkam,1,471,3,LOW_FLOW,MEDIUM,Flow below operational threshold,2026-07-25 14:45:21
R00521,WP006,Perambakkam,0,0,0,NOT_WORKING,CRITICAL,Zero flow detected,2026-07-04 12:33:19
R00522,WP006,Perambakkam,1,3327,14,WORKING,NORMAL,,2026-07-22 14:06:56
R00523,WP006,Perambakkam,1,1527,5,WORKING,NORMAL,,2026-07-13 15:21:16
R00524,WP006,Perambakkam,1,3200,6,WORKING,NORMAL,,2026-07-01 03:21:38
R00525,WP006,Perambakkam,1,2623,9,WORKING,NORMAL,,2026-06-27 01:57:39
R00526,WP006,Perambakkam,1,3873,14,WORKING,NORMAL,,2026-06-28 15:52:57
R00527,WP006,Perambakkam,1,3002,11,WORKING,NORMAL,,2026-07-11 01:00:56
R00528,WP006,Perambakkam,1,3038,6,WORKING,NORMAL,,2026-07-18 13:28:51
R00529,WP006,Perambakkam,1,1848,10,WORKING,NORMAL,,2026-07-22 00:14:44
R00530,WP006,Perambakkam,1,3897,10,WORKING,NORMAL,,2026-07-10 17:09:29
R00531,WP006,Perambakkam,1,1495,7,WORKING,NORMAL,,2026-07-08 19:01:31
R00532,WP006,Perambakkam,1,3836,11,WORKING,NORMAL,,2026-07-13 04:56:40
R00533,WP006,Perambakkam,1,3221,12,WORKING,NORMAL,,2026-06-30 11:17:38
R00534,WP006,Perambakkam,1,1304,7,WORKING,NORMAL,,2026-06-27 15:23:01
R00535,WP006,Perambakkam,1,2391,7,WORKING,NORMAL,,2026-07-12 01:42:53
R00536,WP006,Perambakkam,0,0,0,NOT_WORKING,CRITICAL,Zero flow detected,2026-07-09 05:14:50
R00537,WP006,Perambakkam,1,3595,9,WORKING,NORMAL,,2026-07-03 13:39:23
R00538,WP006,Perambakkam,1,2586,9,WORKING,NORMAL,,2026-07-10 22:31:39
R00539,WP006,Perambakkam,1,1334,9,WORKING,NORMAL,,2026-06-27 08:28:22
R00540,WP006,Perambakkam,1,2665,7,WORKING,NORMAL,,2026-07-23 16:08:01
R00541,WP006,Perambakkam,1,2924,6,WORKING,NORMAL,,2026-07-15 03:39:03
R00542,WP006,Perambakkam,1,1177,13,WORKING,NORMAL,,2026-06-29 19:41:36
R00543,WP006,Perambakkam,1,3777,5,WORKING,NORMAL,,2026-07-16 06:55:24
R00544,WP006,Perambakkam,1,2851,7,WORKING,NORMAL,,2026-07-02 10:27:22
R00545,WP006,Perambakkam,1,2192,9,WORKING,NORMAL,,2026-06-29 02:34:40
R00546,WP006,Perambakkam,1,3193,5,WORKING,NORMAL,,2026-07-03 00:38:43
R00547,WP006,Perambakkam,1,1090,5,WORKING,NORMAL,,2026-07-20 23:21:22
R00548,WP006,Perambakkam,1,3535,11,WORKING,NORMAL,,2026-07-17 17:30:53
R00549,WP006,Perambakkam,1,3241,8,WORKING,NORMAL,,2026-07-14 15:43:54
R00550,WP006,Perambakkam,1,1992,8,WORKING,NORMAL,,2026-07-04 12:36:02
R00551,WP006,Perambakkam,1,1461,7,WORKING,NORMAL,,2026-07-17 21:59:33
R00552,WP006,Perambakkam,1,2907,12,WORKING,NORMAL,,2026-07-26 04:37:10
R00553,WP006,Perambakkam,1,2920,11,WORKING,NORMAL,,2026-07-24 19:24:53
R00554,WP006,Perambakkam,1,1469,13,WORKING,NORMAL,,2026-07-07 14:37:29
R00555,WP006,Perambakkam,1,2767,7,WORKING,NORMAL,,2026-07-10 03:18:24
R00556,WP006,Perambakkam,1,2387,9,WORKING,NORMAL,,2026-07-03 23:36:47
R00557,WP006,Perambakkam,1,3561,5,WORKING,NORMAL,,2026-07-16 06:26:15
R00558,WP006,Perambakkam,1,282,1,LOW_FLOW,MEDIUM,Flow below operational threshold,2026-07-08 14:07:29
R00559,WP006,Perambakkam,1,1409,13,WORKING,NORMAL,,2026-07-24 16:17:23
R00560,WP006,Perambakkam,1,1403,11,WORKING,NORMAL,,2026-07-06 22:11:17
R00561,WP006,Perambakkam,1,3740,11,WORKING,NORMAL,,2026-07-18 08:44:24
R00562,WP006,Perambakkam,1,1974,14,WORKING,NORMAL,,2026-07-22 09:51:41
R00563,WP006,Perambakkam,1,1569,9,WORKING,NORMAL,,2026-07-02 20:38:41
R00564,WP006,Perambakkam,1,3876,14,WORKING,NORMAL,,2026-07-10 19:07:30
R00565,WP006,Perambakkam,1,3969,11,WORKING,NORMAL,,2026-07-07 22:31:04
R00566,WP006,Perambakkam,1,1395,11,WORKING,NORMAL,,2026-07-12 14:06:05
R00567,WP006,Perambakkam,1,3202,8,WORKING,NORMAL,,2026-06-27 12:15:44
R00568,WP006,Perambakkam,1,3724,12,WORKING,NORMAL,,2026-07-20 11:08:48
R00569,WP006,Perambakkam,1,2123,13,WORKING,NORMAL,,2026-07-24 15:42:19
R00570,WP006,Perambakkam,1,1892,11,WORKING,NORMAL,,2026-07-16 08:38:04
R00571,WP006,Perambakkam,0,0,0,NOT_WORKING,CRITICAL,Zero flow detected,2026-07-25 15:12:31
R00572,WP006,Perambakkam,1,1270,11,WORKING,NORMAL,,2026-07-26 15:06:30
R00573,WP006,Perambakkam,1,1002,11,WORKING,NORMAL,,2026-07-08 15:11:37
R00574,WP006,Perambakkam,1,2047,12,WORKING,NORMAL,,2026-07-24 02:24:37
R00575,WP006,Perambakkam,1,1385,12,WORKING,NORMAL,,2026-06-27 06:54:45
R00576,WP006,Perambakkam,1,1372,14,WORKING,NORMAL,,2026-07-08 23:21:27
R00577,WP006,Perambakkam,1,2176,12,WORKING,NORMAL,,2026-07-24 01:30:32
R00578,WP006,Perambakkam,1,1924,9,WORKING,NORMAL,,2026-06-29 00:50:00
R00579,WP006,Perambakkam,1,3469,11,WORKING,NORMAL,,2026-07-01 12:39:01
R00580,WP006,Perambakkam,1,2056,5,WORKING,NORMAL,,2026-07-16 11:52:57
R00581,WP006,Perambakkam,1,1892,8,WORKING,NORMAL,,2026-07-21 16:34:54
R00582,WP006,Perambakkam,1,3042,7,WORKING,NORMAL,,2026-07-18 09:15:08
R00583,WP006,Perambakkam,1,1890,6,WORKING,NORMAL,,2026-07-17 21:20:34
R00584,WP006,Perambakkam,1,1523,13,WORKING,NORMAL,,2026-07-25 12:35:40
R00585,WP006,Perambakkam,1,1399,11,WORKING,NORMAL,,2026-07-11 06:49:28
R00586,WP006,Perambakkam,1,1003,6,WORKING,NORMAL,,2026-07-18 07:04:04
R00587,WP006,Perambakkam,1,3867,13,WORKING,NORMAL,,2026-07-21 14:37:01
R00588,WP006,Perambakkam,1,2714,13,WORKING,NORMAL,,2026-06-30 14:19:21
R00589,WP006,Perambakkam,1,1514,10,WORKING,NORMAL,,2026-07-16 03:23:33
R00590,WP006,Perambakkam,1,491,5,LOW_FLOW,MEDIUM,Flow below operational threshold,2026-07-19 08:48:52
R00591,WP006,Perambakkam,1,3209,9,WORKING,NORMAL,,2026-07-14 11:50:19
R00592,WP006,Perambakkam,1,2394,12,WORKING,NORMAL,,2026-07-03 16:46:29
R00593,WP006,Perambakkam,1,2730,7,WORKING,NORMAL,,2026-07-07 18:45:17
R00594,WP006,Perambakkam,1,2315,10,WORKING,NORMAL,,2026-07-25 01:49:43
R00595,WP006,Perambakkam,1,1857,12,WORKING,NORMAL,,2026-07-25 06:59:26
R00596,WP006,Perambakkam,1,1586,14,WORKING,NORMAL,,2026-07-23 21:31:34
R00597,WP006,Perambakkam,1,641,1,LOW_FLOW,MEDIUM,Flow below operational threshold,2026-07-23 01:36:20
R00598,WP006,Perambakkam,1,1252,5,WORKING,NORMAL,,2026-07-19 06:24:27
R00599,WP006,Perambakkam,1,2916,12,WORKING,NORMAL,,2026-07-04 22:02:43
R00600,WP006,Perambakkam,1,3814,5,WORKING,NORMAL,,2026-07-23 07:05:50
R00601,WP007,Pannur,1,3845,9,WORKING,NORMAL,,2026-07-04 10:43:20
R00602,WP007,Pannur,1,2609,11,WORKING,NORMAL,,2026-07-16 22:26:52
R00603,WP007,Pannur,1,2207,14,WORKING,NORMAL,,2026-06-30 01:18:09
R00604,WP007,Pannur,1,3373,9,WORKING,NORMAL,,2026-07-23 21:59:19
R00605,WP007,Pannur,1,1383,7,WORKING,NORMAL,,2026-07-19 09:13:54
R00606,WP007,Pannur,1,1735,7,WORKING,NORMAL,,2026-07-20 02:08:04
R00607,WP007,Pannur,1,334,1,LOW_FLOW,MEDIUM,Flow below operational threshold,2026-07-25 04:08:06
R00608,WP007,Pannur,1,1616,10,WORKING,NORMAL,,2026-07-18 23:04:51
R00609,WP007,Pannur,1,1428,12,WORKING,NORMAL,,2026-07-13 18:13:21
R00610,WP007,Pannur,0,0,0,NOT_WORKING,CRITICAL,Zero flow detected,2026-07-25 19:49:42
R00611,WP007,Pannur,1,1960,7,WORKING,NORMAL,,2026-06-28 19:56:11
R00612,WP007,Pannur,1,3257,5,WORKING,NORMAL,,2026-06-29 10:52:53
R00613,WP007,Pannur,1,3586,6,WORKING,NORMAL,,2026-07-09 00:20:54
R00614,WP007,Pannur,1,3401,8,WORKING,NORMAL,,2026-07-10 06:25:19
R00615,WP007,Pannur,1,2618,12,WORKING,NORMAL,,2026-07-18 16:02:15
R00616,WP007,Pannur,1,2629,6,WORKING,NORMAL,,2026-07-18 20:36:09
R00617,WP007,Pannur,1,873,5,LOW_FLOW,MEDIUM,Flow below operational threshold,2026-07-14 02:46:03
R00618,WP007,Pannur,1,1250,12,WORKING,NORMAL,,2026-07-20 13:53:08
R00619,WP007,Pannur,1,1285,10,WORKING,NORMAL,,2026-07-22 02:55:53
R00620,WP007,Pannur,1,1496,9,WORKING,NORMAL,,2026-07-19 23:58:10
R00621,WP007,Pannur,1,2739,13,WORKING,NORMAL,,2026-07-21 17:41:15
R00622,WP007,Pannur,1,2776,9,WORKING,NORMAL,,2026-07-22 17:45:11
R00623,WP007,Pannur,1,1704,8,WORKING,NORMAL,,2026-07-24 22:42:32
R00624,WP007,Pannur,1,1482,11,WORKING,NORMAL,,2026-07-01 10:16:55
R00625,WP007,Pannur,1,3887,13,WORKING,NORMAL,,2026-07-11 16:28:59
R00626,WP007,Pannur,1,3978,11,WORKING,NORMAL,,2026-07-06 10:01:57
R00627,WP007,Pannur,1,1383,9,WORKING,NORMAL,,2026-07-07 06:30:16
R00628,WP007,Pannur,1,1082,6,WORKING,NORMAL,,2026-07-22 19:00:22
R00629,WP007,Pannur,1,2293,14,WORKING,NORMAL,,2026-06-29 06:18:21
R00630,WP007,Pannur,1,3507,9,WORKING,NORMAL,,2026-07-19 23:54:02
R00631,WP007,Pannur,1,1934,5,WORKING,NORMAL,,2026-07-21 21:52:37
R00632,WP007,Pannur,1,2320,7,WORKING,NORMAL,,2026-07-07 00:41:41
R00633,WP007,Pannur,1,1629,11,WORKING,NORMAL,,2026-07-16 06:27:43
R00634,WP007,Pannur,1,1566,12,WORKING,NORMAL,,2026-06-27 02:49:53
R00635,WP007,Pannur,1,2645,12,WORKING,NORMAL,,2026-07-21 02:25:14
R00636,WP007,Pannur,1,3889,5,WORKING,NORMAL,,2026-07-10 16:11:27
R00637,WP007,Pannur,1,1648,9,WORKING,NORMAL,,2026-07-05 14:56:56
R00638,WP007,Pannur,1,2878,8,WORKING,NORMAL,,2026-07-18 23:44:07
R00639,WP007,Pannur,0,0,0,NOT_WORKING,CRITICAL,Zero flow detected,2026-06-29 14:55:50
R00640,WP007,Pannur,1,2953,7,WORKING,NORMAL,,2026-07-18 16:36:22
R00641,WP007,Pannur,0,0,0,NOT_WORKING,CRITICAL,Zero flow detected,2026-07-08 06:06:33
R00642,WP007,Pannur,1,3235,11,WORKING,NORMAL,,2026-07-03 05:41:53
R00643,WP007,Pannur,1,1813,13,WORKING,NORMAL,,2026-07-11 11:38:34
R00644,WP007,Pannur,1,1107,10,WORKING,NORMAL,,2026-07-13 10:48:06
R00645,WP007,Pannur,1,2068,14,WORKING,NORMAL,,2026-07-11 15:03:43
R00646,WP007,Pannur,1,1917,7,WORKING,NORMAL,,2026-06-28 02:30:08
R00647,WP007,Pannur,1,1528,13,WORKING,NORMAL,,2026-06-28 08:37:06
R00648,WP007,Pannur,1,3175,10,WORKING,NORMAL,,2026-07-11 15:29:17
R00649,WP007,Pannur,1,3200,9,WORKING,NORMAL,,2026-07-04 03:34:53
R00650,WP007,Pannur,1,1274,12,WORKING,NORMAL,,2026-07-07 11:35:34
R00651,WP007,Pannur,1,850,5,LOW_FLOW,MEDIUM,Flow below operational threshold,2026-07-13 01:17:48
R00652,WP007,Pannur,1,1093,5,WORKING,NORMAL,,2026-07-17 22:33:13
R00653,WP007,Pannur,1,1608,11,WORKING,NORMAL,,2026-07-11 00:31:16
R00654,WP007,Pannur,1,3229,13,WORKING,NORMAL,,2026-07-22 22:37:14
R00655,WP007,Pannur,1,3575,9,WORKING,NORMAL,,2026-07-21 19:36:10
R00656,WP007,Pannur,1,3630,6,WORKING,NORMAL,,2026-07-19 02:04:55
R00657,WP007,Pannur,1,2743,14,WORKING,NORMAL,,2026-07-19 01:22:21
R00658,WP007,Pannur,1,1835,10,WORKING,NORMAL,,2026-07-23 06:28:34
R00659,WP007,Pannur,1,2243,10,WORKING,NORMAL,,2026-07-02 22:51:51
R00660,WP007,Pannur,1,2916,12,WORKING,NORMAL,,2026-06-27 01:45:28
R00661,WP007,Pannur,1,2701,10,WORKING,NORMAL,,2026-07-22 23:04:04
R00662,WP007,Pannur,1,3895,14,WORKING,NORMAL,,2026-07-12 11:50:11
R00663,WP007,Pannur,1,2532,10,WORKING,NORMAL,,2026-07-25 16:02:18
R00664,WP007,Pannur,1,2037,7,WORKING,NORMAL,,2026-07-25 10:01:21
R00665,WP007,Pannur,1,1710,9,WORKING,NORMAL,,2026-07-18 10:26:03
R00666,WP007,Pannur,1,3255,7,WORKING,NORMAL,,2026-07-12 09:15:57
R00667,WP007,Pannur,1,3414,6,WORKING,NORMAL,,2026-07-25 14:02:18
R00668,WP007,Pannur,1,2809,13,WORKING,NORMAL,,2026-07-10 06:49:36
R00669,WP007,Pannur,0,0,0,NOT_WORKING,CRITICAL,Zero flow detected,2026-07-20 11:58:18
R00670,WP007,Pannur,1,3122,6,WORKING,NORMAL,,2026-07-02 00:13:12
R00671,WP007,Pannur,1,1860,10,WORKING,NORMAL,,2026-07-16 16:51:13
R00672,WP007,Pannur,1,2335,14,WORKING,NORMAL,,2026-07-19 21:36:16
R00673,WP007,Pannur,1,3329,8,WORKING,NORMAL,,2026-07-01 09:57:24
R00674,WP007,Pannur,1,3534,14,WORKING,NORMAL,,2026-07-23 15:39:44
R00675,WP007,Pannur,1,2783,7,WORKING,NORMAL,,2026-07-16 12:06:34
R00676,WP007,Pannur,1,3530,7,WORKING,NORMAL,,2026-07-25 09:49:03
R00677,WP007,Pannur,1,2579,5,WORKING,NORMAL,,2026-07-08 22:28:56
R00678,WP007,Pannur,1,1381,11,WORKING,NORMAL,,2026-07-26 09:34:27
R00679,WP007,Pannur,1,3753,12,WORKING,NORMAL,,2026-07-02 15:23:06
R00680,WP007,Pannur,1,2217,6,WORKING,NORMAL,,2026-07-14 06:46:25
R00681,WP007,Pannur,1,1311,13,WORKING,NORMAL,,2026-07-06 05:20:55
R00682,WP007,Pannur,1,1508,5,WORKING,NORMAL,,2026-07-14 07:47:54
R00683,WP007,Pannur,1,2164,5,WORKING,NORMAL,,2026-07-11 10:22:08
R00684,WP007,Pannur,1,3724,11,WORKING,NORMAL,,2026-07-06 04:14:20
R00685,WP007,Pannur,1,3295,7,WORKING,NORMAL,,2026-07-19 17:48:47
R00686,WP007,Pannur,1,1783,10,WORKING,NORMAL,,2026-07-04 10:52:41
R00687,WP007,Pannur,1,3980,13,WORKING,NORMAL,,2026-06-30 04:09:11
R00688,WP007,Pannur,1,2941,6,WORKING,NORMAL,,2026-06-27 11:23:10
R00689,WP007,Pannur,1,2680,12,WORKING,NORMAL,,2026-07-25 17:13:47
R00690,WP007,Pannur,1,2517,6,WORKING,NORMAL,,2026-07-12 05:31:43
R00691,WP007,Pannur,1,1277,14,WORKING,NORMAL,,2026-07-24 16:28:11
R00692,WP007,Pannur,1,2625,6,WORKING,NORMAL,,2026-07-07 05:51:06
R00693,WP007,Pannur,1,1137,9,WORKING,NORMAL,,2026-07-14 09:24:55
R00694,WP007,Pannur,1,3303,13,WORKING,NORMAL,,2026-07-09 14:21:42
R00695,WP007,Pannur,0,0,0,NOT_WORKING,CRITICAL,Zero flow detected,2026-07-03 01:12:55
R00696,WP007,Pannur,1,2586,8,WORKING,NORMAL,,2026-07-12 18:20:43
R00697,WP007,Pannur,1,1395,8,WORKING,NORMAL,,2026-07-17 22:15:41
R00698,WP007,Pannur,1,3034,8,WORKING,NORMAL,,2026-07-07 17:59:34
R00699,WP007,Pannur,1,3317,14,WORKING,NORMAL,,2026-07-22 13:10:40
R00700,WP007,Pannur,1,3625,12,WORKING,NORMAL,,2026-07-14 10:37:04
R00701,WP008,Othappai,1,2332,9,WORKING,NORMAL,,2026-06-30 06:28:12
R00702,WP008,Othappai,1,1103,5,WORKING,NORMAL,,2026-07-15 11:02:19
R00703,WP008,Othappai,1,2335,5,WORKING,NORMAL,,2026-07-22 14:44:49
R00704,WP008,Othappai,1,3295,6,WORKING,NORMAL,,2026-07-01 07:23:13
R00705,WP008,Othappai,1,1886,6,WORKING,NORMAL,,2026-07-13 18:08:09
R00706,WP008,Othappai,1,1375,12,WORKING,NORMAL,,2026-07-10 11:42:50
R00707,WP008,Othappai,1,3098,12,WORKING,NORMAL,,2026-07-24 21:40:46
R00708,WP008,Othappai,1,2936,5,WORKING,NORMAL,,2026-07-24 20:25:51
R00709,WP008,Othappai,1,3968,10,WORKING,NORMAL,,2026-07-25 16:07:23
R00710,WP008,Othappai,1,2262,10,WORKING,NORMAL,,2026-07-22 01:50:52
R00711,WP008,Othappai,1,751,5,LOW_FLOW,MEDIUM,Flow below operational threshold,2026-07-14 16:33:40
R00712,WP008,Othappai,1,3494,11,WORKING,NORMAL,,2026-07-03 04:12:37
R00713,WP008,Othappai,1,721,4,LOW_FLOW,MEDIUM,Flow below operational threshold,2026-07-24 04:16:40
R00714,WP008,Othappai,1,3862,10,WORKING,NORMAL,,2026-07-20 13:03:43
R00715,WP008,Othappai,1,1482,11,WORKING,NORMAL,,2026-07-08 09:00:52
R00716,WP008,Othappai,1,2249,11,WORKING,NORMAL,,2026-07-06 23:20:54
R00717,WP008,Othappai,1,1053,11,WORKING,NORMAL,,2026-07-06 11:00:20
R00718,WP008,Othappai,1,3898,6,WORKING,NORMAL,,2026-07-12 20:12:58
R00719,WP008,Othappai,1,3682,13,WORKING,NORMAL,,2026-06-27 12:32:29
R00720,WP008,Othappai,1,266,1,LOW_FLOW,MEDIUM,Flow below operational threshold,2026-07-14 22:32:21
R00721,WP008,Othappai,0,0,0,NOT_WORKING,CRITICAL,Zero flow detected,2026-06-28 10:46:23
R00722,WP008,Othappai,1,1864,10,WORKING,NORMAL,,2026-07-18 12:26:28
R00723,WP008,Othappai,1,2753,7,WORKING,NORMAL,,2026-07-12 11:09:49
R00724,WP008,Othappai,1,2336,7,WORKING,NORMAL,,2026-07-11 23:15:57
R00725,WP008,Othappai,1,1425,5,WORKING,NORMAL,,2026-07-08 23:37:13
R00726,WP008,Othappai,1,2206,10,WORKING,NORMAL,,2026-07-13 22:54:00
R00727,WP008,Othappai,1,1664,11,WORKING,NORMAL,,2026-06-30 21:17:36
R00728,WP008,Othappai,1,1302,12,WORKING,NORMAL,,2026-07-15 00:36:47
R00729,WP008,Othappai,1,2883,12,WORKING,NORMAL,,2026-07-12 23:41:25
R00730,WP008,Othappai,1,249,3,LOW_FLOW,MEDIUM,Flow below operational threshold,2026-07-01 13:20:58
R00731,WP008,Othappai,1,1915,5,WORKING,NORMAL,,2026-07-23 21:04:11
R00732,WP008,Othappai,1,2480,10,WORKING,NORMAL,,2026-06-28 01:12:54
R00733,WP008,Othappai,1,3798,9,WORKING,NORMAL,,2026-07-20 12:10:37
R00734,WP008,Othappai,1,646,1,LOW_FLOW,MEDIUM,Flow below operational threshold,2026-07-05 01:05:24
R00735,WP008,Othappai,1,3371,9,WORKING,NORMAL,,2026-06-28 12:08:17
R00736,WP008,Othappai,1,2704,9,WORKING,NORMAL,,2026-07-19 01:27:58
R00737,WP008,Othappai,1,2850,11,WORKING,NORMAL,,2026-06-27 07:56:56
R00738,WP008,Othappai,1,1835,11,WORKING,NORMAL,,2026-07-18 10:29:48
R00739,WP008,Othappai,1,1159,9,WORKING,NORMAL,,2026-07-06 03:33:14
R00740,WP008,Othappai,1,2447,8,WORKING,NORMAL,,2026-07-03 17:38:27
R00741,WP008,Othappai,1,1247,8,WORKING,NORMAL,,2026-07-25 14:43:25
R00742,WP008,Othappai,1,1202,7,WORKING,NORMAL,,2026-07-24 12:43:05
R00743,WP008,Othappai,1,1034,14,WORKING,NORMAL,,2026-07-21 15:10:04
R00744,WP008,Othappai,1,3552,11,WORKING,NORMAL,,2026-07-13 22:29:36
R00745,WP008,Othappai,1,1677,9,WORKING,NORMAL,,2026-07-06 18:53:14
R00746,WP008,Othappai,1,1353,14,WORKING,NORMAL,,2026-07-05 18:19:35
R00747,WP008,Othappai,1,3778,11,WORKING,NORMAL,,2026-07-06 01:35:06
R00748,WP008,Othappai,1,1812,14,WORKING,NORMAL,,2026-06-30 22:49:15
R00749,WP008,Othappai,1,223,3,LOW_FLOW,MEDIUM,Flow below operational threshold,2026-07-03 00:56:33
R00750,WP008,Othappai,1,2121,6,WORKING,NORMAL,,2026-07-11 06:06:04
R00751,WP008,Othappai,1,3485,7,WORKING,NORMAL,,2026-07-02 04:21:03
R00752,WP008,Othappai,1,1313,11,WORKING,NORMAL,,2026-07-16 18:45:20
R00753,WP008,Othappai,1,2490,11,WORKING,NORMAL,,2026-07-16 10:46:51
R00754,WP008,Othappai,1,1853,10,WORKING,NORMAL,,2026-07-16 04:56:34
R00755,WP008,Othappai,0,0,0,NOT_WORKING,CRITICAL,Zero flow detected,2026-07-04 19:20:43
R00756,WP008,Othappai,0,0,0,NOT_WORKING,CRITICAL,Zero flow detected,2026-06-29 04:20:33
R00757,WP008,Othappai,1,2216,12,WORKING,NORMAL,,2026-07-05 06:27:32
R00758,WP008,Othappai,1,2283,9,WORKING,NORMAL,,2026-07-02 23:06:38
R00759,WP008,Othappai,1,1243,14,WORKING,NORMAL,,2026-07-11 00:11:20
R00760,WP008,Othappai,1,3715,9,WORKING,NORMAL,,2026-07-26 03:29:26
R00761,WP008,Othappai,1,2635,12,WORKING,NORMAL,,2026-07-07 18:38:38
R00762,WP008,Othappai,1,1108,14,WORKING,NORMAL,,2026-07-23 09:54:54
R00763,WP008,Othappai,1,3605,10,WORKING,NORMAL,,2026-07-02 10:05:02
R00764,WP008,Othappai,1,3945,5,WORKING,NORMAL,,2026-07-13 17:18:34
R00765,WP008,Othappai,1,3087,7,WORKING,NORMAL,,2026-07-09 03:30:42
R00766,WP008,Othappai,1,2100,8,WORKING,NORMAL,,2026-07-04 22:55:02
R00767,WP008,Othappai,1,2855,12,WORKING,NORMAL,,2026-07-08 04:25:07
R00768,WP008,Othappai,1,3610,12,WORKING,NORMAL,,2026-07-19 09:51:01
R00769,WP008,Othappai,0,0,0,NOT_WORKING,CRITICAL,Zero flow detected,2026-07-22 23:21:49
R00770,WP008,Othappai,1,3307,13,WORKING,NORMAL,,2026-07-22 22:03:32
R00771,WP008,Othappai,1,1545,8,WORKING,NORMAL,,2026-07-08 22:12:20
R00772,WP008,Othappai,1,3550,11,WORKING,NORMAL,,2026-06-29 04:35:17
R00773,WP008,Othappai,1,3506,9,WORKING,NORMAL,,2026-07-06 03:10:45
R00774,WP008,Othappai,1,3837,14,WORKING,NORMAL,,2026-07-03 12:13:56
R00775,WP008,Othappai,1,2735,14,WORKING,NORMAL,,2026-07-21 00:45:58
R00776,WP008,Othappai,1,3129,12,WORKING,NORMAL,,2026-07-02 17:42:09
R00777,WP008,Othappai,1,2741,5,WORKING,NORMAL,,2026-07-05 08:16:43
R00778,WP008,Othappai,1,1631,13,WORKING,NORMAL,,2026-07-07 20:04:42
R00779,WP008,Othappai,1,2988,14,WORKING,NORMAL,,2026-07-04 14:07:51
R00780,WP008,Othappai,1,3684,12,WORKING,NORMAL,,2026-06-27 00:01:01
R00781,WP008,Othappai,1,1178,8,WORKING,NORMAL,,2026-07-14 03:12:59
R00782,WP008,Othappai,1,2207,8,WORKING,NORMAL,,2026-07-14 21:41:24
R00783,WP008,Othappai,1,3150,13,WORKING,NORMAL,,2026-07-19 11:37:10
R00784,WP008,Othappai,1,3210,10,WORKING,NORMAL,,2026-07-07 09:16:42
R00785,WP008,Othappai,1,3786,8,WORKING,NORMAL,,2026-07-14 01:13:18
R00786,WP008,Othappai,1,2256,14,WORKING,NORMAL,,2026-07-22 10:58:27
R00787,WP008,Othappai,1,760,3,LOW_FLOW,MEDIUM,Flow below operational threshold,2026-07-04 00:47:57
R00788,WP008,Othappai,1,1240,12,WORKING,NORMAL,,2026-07-20 10:24:17
R00789,WP008,Othappai,1,1768,13,WORKING,NORMAL,,2026-07-09 15:56:39
R00790,WP008,Othappai,1,3842,5,WORKING,NORMAL,,2026-07-13 23:06:08
R00791,WP008,Othappai,1,2867,6,WORKING,NORMAL,,2026-07-02 14:07:54
R00792,WP008,Othappai,0,0,0,NOT_WORKING,CRITICAL,Zero flow detected,2026-07-22 12:08:38
R00793,WP008,Othappai,0,0,0,NOT_WORKING,CRITICAL,Zero flow detected,2026-07-01 23:31:07
R00794,WP008,Othappai,1,2085,9,WORKING,NORMAL,,2026-07-02 03:22:02
R00795,WP008,Othappai,1,3108,11,WORKING,NORMAL,,2026-07-19 17:58:51
R00796,WP008,Othappai,1,1299,13,WORKING,NORMAL,,2026-07-24 14:38:38
R00797,WP008,Othappai,1,1674,6,WORKING,NORMAL,,2026-07-12 12:16:26
R00798,WP008,Othappai,0,0,0,NOT_WORKING,CRITICAL,Zero flow detected,2026-07-12 14:05:55
R00799,WP008,Othappai,1,1555,5,WORKING,NORMAL,,2026-07-10 07:19:16
R00800,WP008,Othappai,1,3717,11,WORKING,NORMAL,,2026-06-27 09:47:10
R00801,WP009,Othappai,1,3570,8,WORKING,NORMAL,,2026-07-15 06:35:29
R00802,WP009,Othappai,1,561,3,LOW_FLOW,MEDIUM,Flow below operational threshold,2026-07-25 13:18:19
R00803,WP009,Othappai,1,973,4,LOW_FLOW,MEDIUM,Flow below operational threshold,2026-07-14 03:35:18
R00804,WP009,Othappai,1,2153,12,WORKING,NORMAL,,2026-07-18 00:03:16
R00805,WP009,Othappai,1,1746,10,WORKING,NORMAL,,2026-07-09 02:49:51
R00806,WP009,Othappai,1,1394,8,WORKING,NORMAL,,2026-07-14 08:18:33
R00807,WP009,Othappai,1,615,1,LOW_FLOW,MEDIUM,Flow below operational threshold,2026-07-12 22:57:08
R00808,WP009,Othappai,1,3932,9,WORKING,NORMAL,,2026-07-09 09:21:43
R00809,WP009,Othappai,1,1131,8,WORKING,NORMAL,,2026-07-16 14:04:53
R00810,WP009,Othappai,1,2654,8,WORKING,NORMAL,,2026-06-29 09:03:37
R00811,WP009,Othappai,1,369,1,LOW_FLOW,MEDIUM,Flow below operational threshold,2026-07-12 10:08:21
R00812,WP009,Othappai,1,227,1,LOW_FLOW,MEDIUM,Flow below operational threshold,2026-07-17 12:56:19
R00813,WP009,Othappai,1,3266,12,WORKING,NORMAL,,2026-07-22 22:01:47
R00814,WP009,Othappai,1,1279,5,WORKING,NORMAL,,2026-07-24 22:03:41
R00815,WP009,Othappai,1,2934,13,WORKING,NORMAL,,2026-07-13 13:36:18
R00816,WP009,Othappai,1,2946,13,WORKING,NORMAL,,2026-07-12 15:22:36
R00817,WP009,Othappai,1,3221,9,WORKING,NORMAL,,2026-07-04 19:13:07
R00818,WP009,Othappai,1,2273,12,WORKING,NORMAL,,2026-07-09 11:01:51
R00819,WP009,Othappai,1,3321,5,WORKING,NORMAL,,2026-07-03 21:56:07
R00820,WP009,Othappai,1,3240,13,WORKING,NORMAL,,2026-07-03 16:57:06
R00821,WP009,Othappai,1,2706,10,WORKING,NORMAL,,2026-06-29 14:54:44
R00822,WP009,Othappai,1,3242,9,WORKING,NORMAL,,2026-07-09 08:49:33
R00823,WP009,Othappai,1,2937,11,WORKING,NORMAL,,2026-07-21 21:10:58
R00824,WP009,Othappai,1,2694,8,WORKING,NORMAL,,2026-07-19 07:17:24
R00825,WP009,Othappai,1,2511,14,WORKING,NORMAL,,2026-07-24 02:14:28
R00826,WP009,Othappai,1,2015,8,WORKING,NORMAL,,2026-06-28 14:11:02
R00827,WP009,Othappai,1,1417,6,WORKING,NORMAL,,2026-07-12 18:13:11
R00828,WP009,Othappai,1,2209,5,WORKING,NORMAL,,2026-07-24 07:18:32
R00829,WP009,Othappai,1,2061,6,WORKING,NORMAL,,2026-07-15 05:12:09
R00830,WP009,Othappai,1,2877,9,WORKING,NORMAL,,2026-07-12 20:23:10
R00831,WP009,Othappai,1,1401,9,WORKING,NORMAL,,2026-07-25 20:18:39
R00832,WP009,Othappai,1,2067,8,WORKING,NORMAL,,2026-07-16 08:15:35
R00833,WP009,Othappai,1,3759,7,WORKING,NORMAL,,2026-07-06 03:50:35
R00834,WP009,Othappai,1,3150,9,WORKING,NORMAL,,2026-07-23 18:49:43
R00835,WP009,Othappai,1,2899,5,WORKING,NORMAL,,2026-07-21 10:09:29
R00836,WP009,Othappai,1,3243,8,WORKING,NORMAL,,2026-07-19 03:11:07
R00837,WP009,Othappai,1,2602,10,WORKING,NORMAL,,2026-06-26 17:52:50
R00838,WP009,Othappai,1,1776,9,WORKING,NORMAL,,2026-07-05 21:55:11
R00839,WP009,Othappai,1,1614,8,WORKING,NORMAL,,2026-07-20 06:45:07
R00840,WP009,Othappai,1,2669,11,WORKING,NORMAL,,2026-07-11 00:43:21
R00841,WP009,Othappai,1,555,4,LOW_FLOW,MEDIUM,Flow below operational threshold,2026-07-06 16:26:27
R00842,WP009,Othappai,1,3421,10,WORKING,NORMAL,,2026-07-18 16:42:28
R00843,WP009,Othappai,1,1783,5,WORKING,NORMAL,,2026-07-14 14:59:13
R00844,WP009,Othappai,1,3030,7,WORKING,NORMAL,,2026-07-04 08:37:59
R00845,WP009,Othappai,1,1396,11,WORKING,NORMAL,,2026-07-14 11:33:28
R00846,WP009,Othappai,1,3094,10,WORKING,NORMAL,,2026-07-19 04:21:35
R00847,WP009,Othappai,1,3638,10,WORKING,NORMAL,,2026-07-22 17:50:51
R00848,WP009,Othappai,1,3936,6,WORKING,NORMAL,,2026-07-23 09:07:27
R00849,WP009,Othappai,1,2346,13,WORKING,NORMAL,,2026-07-08 14:53:52
R00850,WP009,Othappai,0,0,0,NOT_WORKING,CRITICAL,Zero flow detected,2026-07-12 02:31:13
R00851,WP009,Othappai,1,1395,12,WORKING,NORMAL,,2026-07-05 07:57:47
R00852,WP009,Othappai,1,1024,11,WORKING,NORMAL,,2026-07-24 14:05:23
R00853,WP009,Othappai,1,2978,9,WORKING,NORMAL,,2026-06-26 20:31:46
R00854,WP009,Othappai,1,1518,11,WORKING,NORMAL,,2026-07-23 03:06:38
R00855,WP009,Othappai,1,2514,6,WORKING,NORMAL,,2026-07-23 02:31:58
R00856,WP009,Othappai,1,545,3,LOW_FLOW,MEDIUM,Flow below operational threshold,2026-07-10 23:04:43
R00857,WP009,Othappai,1,1345,10,WORKING,NORMAL,,2026-07-16 01:17:04
R00858,WP009,Othappai,1,1789,8,WORKING,NORMAL,,2026-06-27 23:19:20
R00859,WP009,Othappai,1,1538,12,WORKING,NORMAL,,2026-07-25 18:13:30
R00860,WP009,Othappai,1,2973,9,WORKING,NORMAL,,2026-07-26 10:43:31
R00861,WP009,Othappai,1,3032,6,WORKING,NORMAL,,2026-07-01 02:46:24
R00862,WP009,Othappai,1,2195,5,WORKING,NORMAL,,2026-07-12 18:33:26
R00863,WP009,Othappai,1,3683,8,WORKING,NORMAL,,2026-07-16 14:42:03
R00864,WP009,Othappai,1,3673,5,WORKING,NORMAL,,2026-07-11 00:31:40
R00865,WP009,Othappai,1,328,5,LOW_FLOW,MEDIUM,Flow below operational threshold,2026-07-15 05:32:10
R00866,WP009,Othappai,1,3573,9,WORKING,NORMAL,,2026-07-05 04:20:23
R00867,WP009,Othappai,1,2155,10,WORKING,NORMAL,,2026-07-07 18:31:06
R00868,WP009,Othappai,1,600,1,LOW_FLOW,MEDIUM,Flow below operational threshold,2026-07-18 21:36:04
R00869,WP009,Othappai,1,1398,14,WORKING,NORMAL,,2026-07-11 20:02:03
R00870,WP009,Othappai,1,1880,6,WORKING,NORMAL,,2026-07-07 10:25:04
R00871,WP009,Othappai,1,1731,12,WORKING,NORMAL,,2026-07-10 19:52:49
R00872,WP009,Othappai,1,2643,10,WORKING,NORMAL,,2026-07-15 17:57:39
R00873,WP009,Othappai,1,3046,14,WORKING,NORMAL,,2026-07-05 00:55:29
R00874,WP009,Othappai,1,2639,11,WORKING,NORMAL,,2026-07-15 22:16:07
R00875,WP009,Othappai,1,284,5,LOW_FLOW,MEDIUM,Flow below operational threshold,2026-07-10 15:17:02
R00876,WP009,Othappai,1,3148,5,WORKING,NORMAL,,2026-07-04 01:59:50
R00877,WP009,Othappai,1,1827,11,WORKING,NORMAL,,2026-06-30 14:11:37
R00878,WP009,Othappai,1,1820,6,WORKING,NORMAL,,2026-07-22 19:39:43
R00879,WP009,Othappai,1,3791,10,WORKING,NORMAL,,2026-07-13 11:49:20
R00880,WP009,Othappai,1,1310,6,WORKING,NORMAL,,2026-07-16 07:46:57
R00881,WP009,Othappai,1,1429,7,WORKING,NORMAL,,2026-07-17 08:36:35
R00882,WP009,Othappai,1,2287,12,WORKING,NORMAL,,2026-07-21 10:39:27
R00883,WP009,Othappai,1,1102,11,WORKING,NORMAL,,2026-07-17 16:56:13
R00884,WP009,Othappai,1,3140,7,WORKING,NORMAL,,2026-06-29 08:08:50
R00885,WP009,Othappai,1,1836,8,WORKING,NORMAL,,2026-07-24 00:45:42
R00886,WP009,Othappai,1,1777,8,WORKING,NORMAL,,2026-07-17 00:02:29
R00887,WP009,Othappai,1,1727,8,WORKING,NORMAL,,2026-07-07 02:56:06
R00888,WP009,Othappai,1,2889,5,WORKING,NORMAL,,2026-07-14 06:50:43
R00889,WP009,Othappai,1,2264,12,WORKING,NORMAL,,2026-07-21 15:18:46
R00890,WP009,Othappai,1,1154,14,WORKING,NORMAL,,2026-06-30 10:34:49
R00891,WP009,Othappai,1,1715,7,WORKING,NORMAL,,2026-07-15 18:46:35
R00892,WP009,Othappai,1,2523,11,WORKING,NORMAL,,2026-07-22 19:52:39
R00893,WP009,Othappai,1,2335,14,WORKING,NORMAL,,2026-07-24 01:17:58
R00894,WP009,Othappai,1,1940,13,WORKING,NORMAL,,2026-07-11 01:52:33
R00895,WP009,Othappai,1,2152,13,WORKING,NORMAL,,2026-07-16 05:19:38
R00896,WP009,Othappai,1,2851,6,WORKING,NORMAL,,2026-07-14 16:16:12
R00897,WP009,Othappai,1,1907,9,WORKING,NORMAL,,2026-07-17 19:23:03
R00898,WP009,Othappai,1,3913,12,WORKING,NORMAL,,2026-07-20 02:15:07
R00899,WP009,Othappai,1,457,5,LOW_FLOW,MEDIUM,Flow below operational threshold,2026-07-01 02:14:29
R00900,WP009,Othappai,1,2158,14,WORKING,NORMAL,,2026-07-20 10:18:31
R00901,WP010,Putlur,1,429,3,LOW_FLOW,MEDIUM,Flow below operational threshold,2026-07-06 18:04:15
R00902,WP010,Putlur,1,2324,13,WORKING,NORMAL,,2026-07-22 23:13:55
R00903,WP010,Putlur,0,0,0,NOT_WORKING,CRITICAL,Zero flow detected,2026-07-14 12:26:43
R00904,WP010,Putlur,1,549,5,LOW_FLOW,MEDIUM,Flow below operational threshold,2026-07-17 01:04:12
R00905,WP010,Putlur,1,1690,9,WORKING,NORMAL,,2026-07-13 13:48:54
R00906,WP010,Putlur,1,1269,6,WORKING,NORMAL,,2026-07-11 12:34:48
R00907,WP010,Putlur,1,2452,8,WORKING,NORMAL,,2026-07-10 12:11:09
R00908,WP010,Putlur,1,3391,13,WORKING,NORMAL,,2026-07-20 16:45:45
R00909,WP010,Putlur,1,363,5,LOW_FLOW,MEDIUM,Flow below operational threshold,2026-07-01 11:48:31
R00910,WP010,Putlur,1,3132,14,WORKING,NORMAL,,2026-07-08 18:34:02
R00911,WP010,Putlur,1,2448,13,WORKING,NORMAL,,2026-07-13 08:36:23
R00912,WP010,Putlur,1,1340,5,WORKING,NORMAL,,2026-07-11 10:29:25
R00913,WP010,Putlur,1,3126,11,WORKING,NORMAL,,2026-07-20 10:29:08
R00914,WP010,Putlur,1,572,1,LOW_FLOW,MEDIUM,Flow below operational threshold,2026-07-14 03:00:12
R00915,WP010,Putlur,1,1771,14,WORKING,NORMAL,,2026-07-08 12:13:20
R00916,WP010,Putlur,1,2077,12,WORKING,NORMAL,,2026-07-21 06:21:49
R00917,WP010,Putlur,1,1435,5,WORKING,NORMAL,,2026-07-13 04:11:06
R00918,WP010,Putlur,1,2533,6,WORKING,NORMAL,,2026-07-06 08:21:13
R00919,WP010,Putlur,1,2912,7,WORKING,NORMAL,,2026-07-18 00:58:32
R00920,WP010,Putlur,1,1041,8,WORKING,NORMAL,,2026-07-12 06:41:28
R00921,WP010,Putlur,1,207,5,LOW_FLOW,MEDIUM,Flow below operational threshold,2026-07-18 11:02:17
R00922,WP010,Putlur,1,1063,8,WORKING,NORMAL,,2026-07-19 02:31:09
R00923,WP010,Putlur,1,2601,5,WORKING,NORMAL,,2026-07-06 02:07:06
R00924,WP010,Putlur,1,3035,10,WORKING,NORMAL,,2026-07-10 08:52:43
R00925,WP010,Putlur,1,3535,9,WORKING,NORMAL,,2026-07-11 09:35:50
R00926,WP010,Putlur,1,2737,7,WORKING,NORMAL,,2026-07-12 02:45:35
R00927,WP010,Putlur,1,1021,14,WORKING,NORMAL,,2026-07-07 01:32:24
R00928,WP010,Putlur,1,1563,13,WORKING,NORMAL,,2026-07-03 16:11:48
R00929,WP010,Putlur,1,2343,13,WORKING,NORMAL,,2026-06-27 15:43:04
R00930,WP010,Putlur,1,1963,6,WORKING,NORMAL,,2026-07-13 03:50:55
R00931,WP010,Putlur,0,0,0,NOT_WORKING,CRITICAL,Zero flow detected,2026-07-12 15:04:17
R00932,WP010,Putlur,0,0,0,NOT_WORKING,CRITICAL,Zero flow detected,2026-07-26 15:24:50
R00933,WP010,Putlur,1,3565,7,WORKING,NORMAL,,2026-07-20 01:13:43
R00934,WP010,Putlur,1,3801,10,WORKING,NORMAL,,2026-07-15 01:16:25
R00935,WP010,Putlur,1,1300,14,WORKING,NORMAL,,2026-07-14 12:58:21
R00936,WP010,Putlur,1,1668,11,WORKING,NORMAL,,2026-07-17 00:17:01
R00937,WP010,Putlur,1,3601,13,WORKING,NORMAL,,2026-06-29 23:30:37
R00938,WP010,Putlur,1,3192,9,WORKING,NORMAL,,2026-07-05 20:12:43
R00939,WP010,Putlur,1,3738,8,WORKING,NORMAL,,2026-07-18 11:33:48
R00940,WP010,Putlur,1,1058,7,WORKING,NORMAL,,2026-07-25 21:49:20
R00941,WP010,Putlur,1,3822,12,WORKING,NORMAL,,2026-07-25 01:20:35
R00942,WP010,Putlur,1,1257,5,WORKING,NORMAL,,2026-07-19 13:53:07
R00943,WP010,Putlur,1,1156,10,WORKING,NORMAL,,2026-07-09 19:23:37
R00944,WP010,Putlur,1,1287,11,WORKING,NORMAL,,2026-07-13 23:25:04
R00945,WP010,Putlur,1,2712,5,WORKING,NORMAL,,2026-07-09 06:34:53
R00946,WP010,Putlur,1,2451,6,WORKING,NORMAL,,2026-07-03 00:48:17
R00947,WP010,Putlur,1,2271,14,WORKING,NORMAL,,2026-06-28 16:37:02
R00948,WP010,Putlur,1,3485,14,WORKING,NORMAL,,2026-07-23 20:43:40
R00949,WP010,Putlur,1,1318,13,WORKING,NORMAL,,2026-07-25 18:25:10
R00950,WP010,Putlur,1,2168,6,WORKING,NORMAL,,2026-07-25 12:23:58
R00951,WP010,Putlur,1,3610,13,WORKING,NORMAL,,2026-07-10 14:11:28
R00952,WP010,Putlur,1,3141,11,WORKING,NORMAL,,2026-07-23 03:36:12
R00953,WP010,Putlur,1,3736,9,WORKING,NORMAL,,2026-07-24 19:57:49
R00954,WP010,Putlur,1,2192,8,WORKING,NORMAL,,2026-07-22 00:18:29
R00955,WP010,Putlur,1,1191,5,WORKING,NORMAL,,2026-07-26 03:36:57
R00956,WP010,Putlur,1,3406,12,WORKING,NORMAL,,2026-07-21 23:29:15
R00957,WP010,Putlur,0,0,0,NOT_WORKING,CRITICAL,Zero flow detected,2026-07-04 01:57:45
R00958,WP010,Putlur,1,3270,12,WORKING,NORMAL,,2026-07-15 03:14:55
R00959,WP010,Putlur,1,1076,11,WORKING,NORMAL,,2026-06-27 03:26:29
R00960,WP010,Putlur,1,2067,14,WORKING,NORMAL,,2026-06-30 21:38:48
R00961,WP010,Putlur,1,3299,11,WORKING,NORMAL,,2026-07-12 00:12:55
R00962,WP010,Putlur,1,2049,10,WORKING,NORMAL,,2026-07-22 20:42:21
R00963,WP010,Putlur,1,3303,13,WORKING,NORMAL,,2026-07-12 00:29:18
R00964,WP010,Putlur,1,3134,9,WORKING,NORMAL,,2026-06-29 19:06:32
R00965,WP010,Putlur,1,1995,9,WORKING,NORMAL,,2026-07-25 08:32:33
R00966,WP010,Putlur,1,3753,6,WORKING,NORMAL,,2026-07-18 08:01:36
R00967,WP010,Putlur,1,3140,13,WORKING,NORMAL,,2026-07-26 14:33:52
R00968,WP010,Putlur,0,0,0,NOT_WORKING,CRITICAL,Zero flow detected,2026-07-25 16:04:21
R00969,WP010,Putlur,1,3189,5,WORKING,NORMAL,,2026-07-26 07:37:45
R00970,WP010,Putlur,1,2580,11,WORKING,NORMAL,,2026-07-01 18:39:30
R00971,WP010,Putlur,1,3970,11,WORKING,NORMAL,,2026-07-13 13:44:37
R00972,WP010,Putlur,1,514,3,LOW_FLOW,MEDIUM,Flow below operational threshold,2026-07-10 05:18:46
R00973,WP010,Putlur,1,2603,8,WORKING,NORMAL,,2026-07-20 00:23:56
R00974,WP010,Putlur,1,2205,7,WORKING,NORMAL,,2026-07-26 02:00:22
R00975,WP010,Putlur,1,746,4,LOW_FLOW,MEDIUM,Flow below operational threshold,2026-07-14 00:14:40
R00976,WP010,Putlur,1,1818,5,WORKING,NORMAL,,2026-07-14 02:09:43
R00977,WP010,Putlur,1,1181,14,WORKING,NORMAL,,2026-07-13 15:53:28
R00978,WP010,Putlur,1,1582,10,WORKING,NORMAL,,2026-07-10 12:23:38
R00979,WP010,Putlur,1,1325,5,WORKING,NORMAL,,2026-07-13 17:57:14
R00980,WP010,Putlur,1,3796,13,WORKING,NORMAL,,2026-07-10 02:55:14
R00981,WP010,Putlur,1,2882,5,WORKING,NORMAL,,2026-07-12 15:00:07
R00982,WP010,Putlur,1,2849,12,WORKING,NORMAL,,2026-07-13 21:03:51
R00983,WP010,Putlur,1,2056,13,WORKING,NORMAL,,2026-06-27 18:29:01
R00984,WP010,Putlur,1,2971,12,WORKING,NORMAL,,2026-07-21 09:08:42
R00985,WP010,Putlur,1,239,4,LOW_FLOW,MEDIUM,Flow below operational threshold,2026-07-05 04:39:18
R00986,WP010,Putlur,1,1521,7,WORKING,NORMAL,,2026-07-24 23:25:40
R00987,WP010,Putlur,1,2149,9,WORKING,NORMAL,,2026-07-07 11:31:38
R00988,WP010,Putlur,1,1157,10,WORKING,NORMAL,,2026-07-18 00:32:59
R00989,WP010,Putlur,1,2022,13,WORKING,NORMAL,,2026-07-13 22:35:10
R00990,WP010,Putlur,1,2382,13,WORKING,NORMAL,,2026-06-29 04:24:44
R00991,WP010,Putlur,1,3210,10,WORKING,NORMAL,,2026-06-26 19:48:41
R00992,WP010,Putlur,1,3827,7,WORKING,NORMAL,,2026-07-16 23:30:14
R00993,WP010,Putlur,1,613,2,LOW_FLOW,MEDIUM,Flow below operational threshold,2026-07-09 16:25:40
R00994,WP010,Putlur,1,3080,8,WORKING,NORMAL,,2026-07-26 11:25:19
R00995,WP010,Putlur,1,1580,11,WORKING,NORMAL,,2026-07-24 13:52:44
R00996,WP010,Putlur,1,3140,5,WORKING,NORMAL,,2026-07-05 14:49:12
R00997,WP010,Putlur,1,1340,13,WORKING,NORMAL,,2026-07-13 07:59:52
R00998,WP010,Putlur,1,1593,14,WORKING,NORMAL,,2026-07-06 15:05:16
R00999,WP010,Putlur,1,1510,8,WORKING,NORMAL,,2026-07-21 15:23:10
R01000,WP010,Putlur,1,3589,13,WORKING,NORMAL,,2026-07-12 19:13:35
R01001,WP011,Pannur,1,3643,13,WORKING,NORMAL,,2026-07-07 15:44:53
R01002,WP011,Pannur,1,3672,13,WORKING,NORMAL,,2026-07-25 06:33:15
R01003,WP011,Pannur,1,2184,9,WORKING,NORMAL,,2026-07-25 07:55:54
R01004,WP011,Pannur,1,3425,12,WORKING,NORMAL,,2026-07-22 08:34:39
R01005,WP011,Pannur,1,3756,12,WORKING,NORMAL,,2026-07-11 23:47:59
R01006,WP011,Pannur,1,1229,11,WORKING,NORMAL,,2026-07-05 04:36:05
R01007,WP011,Pannur,1,1732,7,WORKING,NORMAL,,2026-07-18 23:19:54
R01008,WP011,Pannur,1,3111,10,WORKING,NORMAL,,2026-07-23 13:57:52
R01009,WP011,Pannur,1,1846,13,WORKING,NORMAL,,2026-07-06 15:35:35
R01010,WP011,Pannur,1,3362,10,WORKING,NORMAL,,2026-07-23 19:40:10
R01011,WP011,Pannur,1,1552,8,WORKING,NORMAL,,2026-06-29 07:47:45
R01012,WP011,Pannur,1,252,4,LOW_FLOW,MEDIUM,Flow below operational threshold,2026-07-04 16:26:06
R01013,WP011,Pannur,1,532,1,LOW_FLOW,MEDIUM,Flow below operational threshold,2026-07-20 09:25:13
R01014,WP011,Pannur,1,2868,9,WORKING,NORMAL,,2026-07-02 15:06:08
R01015,WP011,Pannur,1,2347,13,WORKING,NORMAL,,2026-07-17 20:35:12
R01016,WP011,Pannur,1,1071,6,WORKING,NORMAL,,2026-07-13 12:10:58
R01017,WP011,Pannur,1,2806,6,WORKING,NORMAL,,2026-07-02 19:20:40
R01018,WP011,Pannur,1,3675,7,WORKING,NORMAL,,2026-07-21 17:31:33
R01019,WP011,Pannur,1,2240,9,WORKING,NORMAL,,2026-07-14 14:28:24
R01020,WP011,Pannur,1,1489,13,WORKING,NORMAL,,2026-07-07 00:42:54
R01021,WP011,Pannur,1,2838,7,WORKING,NORMAL,,2026-06-30 08:15:38
R01022,WP011,Pannur,1,1739,10,WORKING,NORMAL,,2026-07-06 10:57:42
R01023,WP011,Pannur,1,1412,11,WORKING,NORMAL,,2026-06-30 23:30:31
R01024,WP011,Pannur,1,3841,7,WORKING,NORMAL,,2026-07-05 21:11:01
R01025,WP011,Pannur,1,3325,13,WORKING,NORMAL,,2026-06-30 11:50:45
R01026,WP011,Pannur,1,3984,12,WORKING,NORMAL,,2026-07-17 09:35:20
R01027,WP011,Pannur,1,3347,10,WORKING,NORMAL,,2026-07-10 15:11:17
R01028,WP011,Pannur,1,2220,11,WORKING,NORMAL,,2026-07-19 16:49:48
R01029,WP011,Pannur,1,3779,6,WORKING,NORMAL,,2026-06-26 17:37:46
R01030,WP011,Pannur,1,3993,13,WORKING,NORMAL,,2026-07-25 05:58:29
R01031,WP011,Pannur,1,2722,12,WORKING,NORMAL,,2026-06-27 07:58:05
R01032,WP011,Pannur,1,1614,13,WORKING,NORMAL,,2026-07-04 11:43:56
R01033,WP011,Pannur,1,256,4,LOW_FLOW,MEDIUM,Flow below operational threshold,2026-07-04 23:29:22
R01034,WP011,Pannur,1,1678,7,WORKING,NORMAL,,2026-07-10 23:32:33
R01035,WP011,Pannur,1,1966,10,WORKING,NORMAL,,2026-07-23 19:49:28
R01036,WP011,Pannur,1,2415,11,WORKING,NORMAL,,2026-07-04 01:25:35
R01037,WP011,Pannur,1,3841,11,WORKING,NORMAL,,2026-06-30 23:06:11
R01038,WP011,Pannur,1,3657,11,WORKING,NORMAL,,2026-06-30 06:49:35
R01039,WP011,Pannur,1,2582,7,WORKING,NORMAL,,2026-07-16 22:35:13
R01040,WP011,Pannur,1,2303,7,WORKING,NORMAL,,2026-07-05 16:31:40
R01041,WP011,Pannur,1,2853,12,WORKING,NORMAL,,2026-07-13 02:46:48
R01042,WP011,Pannur,1,3353,13,WORKING,NORMAL,,2026-07-14 09:23:43
R01043,WP011,Pannur,0,0,0,NOT_WORKING,CRITICAL,Zero flow detected,2026-07-06 09:27:20
R01044,WP011,Pannur,1,1736,14,WORKING,NORMAL,,2026-07-17 17:06:44
R01045,WP011,Pannur,1,2978,8,WORKING,NORMAL,,2026-07-03 17:19:44
R01046,WP011,Pannur,1,3659,5,WORKING,NORMAL,,2026-07-17 03:09:41
R01047,WP011,Pannur,1,2160,7,WORKING,NORMAL,,2026-07-07 07:55:02
R01048,WP011,Pannur,1,615,5,LOW_FLOW,MEDIUM,Flow below operational threshold,2026-06-28 06:33:17
R01049,WP011,Pannur,1,493,1,LOW_FLOW,MEDIUM,Flow below operational threshold,2026-07-12 16:22:10
R01050,WP011,Pannur,1,2901,5,WORKING,NORMAL,,2026-07-07 01:57:27
R01051,WP011,Pannur,1,3478,11,WORKING,NORMAL,,2026-07-20 13:53:45
R01052,WP011,Pannur,1,2804,14,WORKING,NORMAL,,2026-06-29 02:21:41
R01053,WP011,Pannur,1,1879,9,WORKING,NORMAL,,2026-06-29 01:25:06
R01054,WP011,Pannur,1,2175,10,WORKING,NORMAL,,2026-07-24 21:31:16
R01055,WP011,Pannur,1,3268,13,WORKING,NORMAL,,2026-07-11 00:02:25
R01056,WP011,Pannur,1,1022,8,WORKING,NORMAL,,2026-07-09 16:02:59
R01057,WP011,Pannur,1,2048,14,WORKING,NORMAL,,2026-06-27 15:44:59
R01058,WP011,Pannur,1,2636,7,WORKING,NORMAL,,2026-07-05 20:51:26
R01059,WP011,Pannur,1,3504,11,WORKING,NORMAL,,2026-07-16 14:47:25
R01060,WP011,Pannur,1,2646,6,WORKING,NORMAL,,2026-07-24 03:47:38
R01061,WP011,Pannur,1,2831,7,WORKING,NORMAL,,2026-07-18 21:17:05
R01062,WP011,Pannur,1,1022,8,WORKING,NORMAL,,2026-07-15 10:35:41
R01063,WP011,Pannur,1,3552,13,WORKING,NORMAL,,2026-07-14 15:55:20
R01064,WP011,Pannur,1,2392,5,WORKING,NORMAL,,2026-07-08 22:52:20
R01065,WP011,Pannur,1,3243,5,WORKING,NORMAL,,2026-07-01 18:34:01
R01066,WP011,Pannur,1,3113,14,WORKING,NORMAL,,2026-07-23 19:49:14
R01067,WP011,Pannur,1,3558,10,WORKING,NORMAL,,2026-07-18 01:49:02
R01068,WP011,Pannur,1,1411,8,WORKING,NORMAL,,2026-07-06 14:17:35
R01069,WP011,Pannur,1,2043,7,WORKING,NORMAL,,2026-07-09 09:33:42
R01070,WP011,Pannur,1,3996,9,WORKING,NORMAL,,2026-06-26 17:15:33
R01071,WP011,Pannur,1,3243,13,WORKING,NORMAL,,2026-06-27 10:28:21
R01072,WP011,Pannur,1,1016,7,WORKING,NORMAL,,2026-07-17 00:21:56
R01073,WP011,Pannur,0,0,0,NOT_WORKING,CRITICAL,Zero flow detected,2026-07-21 12:30:20
R01074,WP011,Pannur,0,0,0,NOT_WORKING,CRITICAL,Zero flow detected,2026-07-07 13:34:51
R01075,WP011,Pannur,1,901,4,LOW_FLOW,MEDIUM,Flow below operational threshold,2026-07-13 22:26:47
R01076,WP011,Pannur,1,1641,6,WORKING,NORMAL,,2026-07-21 02:01:43
R01077,WP011,Pannur,1,1104,8,WORKING,NORMAL,,2026-07-03 04:06:40
R01078,WP011,Pannur,1,3866,11,WORKING,NORMAL,,2026-07-21 22:46:51
R01079,WP011,Pannur,1,1407,10,WORKING,NORMAL,,2026-07-18 08:35:01
R01080,WP011,Pannur,1,2841,8,WORKING,NORMAL,,2026-07-12 21:38:02
R01081,WP011,Pannur,1,3822,14,WORKING,NORMAL,,2026-07-17 17:54:43
R01082,WP011,Pannur,1,3384,14,WORKING,NORMAL,,2026-07-21 16:53:46
R01083,WP011,Pannur,1,2950,6,WORKING,NORMAL,,2026-07-17 07:49:12
R01084,WP011,Pannur,1,1742,13,WORKING,NORMAL,,2026-07-16 16:35:34
R01085,WP011,Pannur,1,3008,14,WORKING,NORMAL,,2026-07-13 03:42:53
R01086,WP011,Pannur,1,347,1,LOW_FLOW,MEDIUM,Flow below operational threshold,2026-07-08 10:43:10
R01087,WP011,Pannur,1,2773,12,WORKING,NORMAL,,2026-07-06 22:56:39
R01088,WP011,Pannur,1,1691,8,WORKING,NORMAL,,2026-06-30 06:26:42
R01089,WP011,Pannur,1,3213,6,WORKING,NORMAL,,2026-07-07 11:54:14
R01090,WP011,Pannur,1,1942,5,WORKING,NORMAL,,2026-06-26 18:51:51
R01091,WP011,Pannur,1,3006,11,WORKING,NORMAL,,2026-07-11 00:57:30
R01092,WP011,Pannur,1,3961,11,WORKING,NORMAL,,2026-07-14 16:30:57
R01093,WP011,Pannur,1,626,3,LOW_FLOW,MEDIUM,Flow below operational threshold,2026-07-22 12:14:14
R01094,WP011,Pannur,1,3454,6,WORKING,NORMAL,,2026-07-12 22:29:35
R01095,WP011,Pannur,1,2346,10,WORKING,NORMAL,,2026-06-30 17:16:30
R01096,WP011,Pannur,1,3252,9,WORKING,NORMAL,,2026-07-25 07:31:58
R01097,WP011,Pannur,1,2218,6,WORKING,NORMAL,,2026-07-23 02:19:51
R01098,WP011,Pannur,1,2348,5,WORKING,NORMAL,,2026-07-07 17:57:00
R01099,WP011,Pannur,1,3499,13,WORKING,NORMAL,,2026-07-06 19:03:16
R01100,WP011,Pannur,1,3831,10,WORKING,NORMAL,,2026-07-19 07:46:52
R01101,WP012,Perambakkam,1,2017,5,WORKING,NORMAL,,2026-06-28 18:25:58
R01102,WP012,Perambakkam,1,1876,12,WORKING,NORMAL,,2026-07-21 01:26:27
R01103,WP012,Perambakkam,1,1171,10,WORKING,NORMAL,,2026-07-17 05:00:38
R01104,WP012,Perambakkam,1,1543,6,WORKING,NORMAL,,2026-07-14 03:52:10
R01105,WP012,Perambakkam,1,908,2,LOW_FLOW,MEDIUM,Flow below operational threshold,2026-07-21 20:55:19
R01106,WP012,Perambakkam,1,3590,10,WORKING,NORMAL,,2026-07-26 12:09:37
R01107,WP012,Perambakkam,1,3386,8,WORKING,NORMAL,,2026-07-10 13:16:56
R01108,WP012,Perambakkam,1,2779,6,WORKING,NORMAL,,2026-07-13 02:05:58
R01109,WP012,Perambakkam,1,2199,11,WORKING,NORMAL,,2026-07-25 23:01:15
R01110,WP012,Perambakkam,1,2498,12,WORKING,NORMAL,,2026-07-26 16:50:50
R01111,WP012,Perambakkam,1,2948,11,WORKING,NORMAL,,2026-07-04 02:24:36
R01112,WP012,Perambakkam,1,1462,7,WORKING,NORMAL,,2026-07-04 14:56:10
R01113,WP012,Perambakkam,1,1373,6,WORKING,NORMAL,,2026-07-02 09:26:25
R01114,WP012,Perambakkam,1,1666,5,WORKING,NORMAL,,2026-07-02 17:44:34
R01115,WP012,Perambakkam,1,1694,10,WORKING,NORMAL,,2026-07-21 02:55:01
R01116,WP012,Perambakkam,1,520,3,LOW_FLOW,MEDIUM,Flow below operational threshold,2026-07-08 00:01:42
R01117,WP012,Perambakkam,1,2446,5,WORKING,NORMAL,,2026-07-10 23:44:57
R01118,WP012,Perambakkam,1,3767,6,WORKING,NORMAL,,2026-07-18 18:11:17
R01119,WP012,Perambakkam,1,2592,13,WORKING,NORMAL,,2026-06-27 18:27:14
R01120,WP012,Perambakkam,1,3568,5,WORKING,NORMAL,,2026-07-16 22:49:28
R01121,WP012,Perambakkam,1,1839,12,WORKING,NORMAL,,2026-07-05 16:50:17
R01122,WP012,Perambakkam,1,2919,12,WORKING,NORMAL,,2026-07-25 20:32:53
R01123,WP012,Perambakkam,1,2432,6,WORKING,NORMAL,,2026-07-12 20:00:32
R01124,WP012,Perambakkam,1,1935,7,WORKING,NORMAL,,2026-07-19 13:28:42
R01125,WP012,Perambakkam,1,2071,6,WORKING,NORMAL,,2026-07-25 19:15:58
R01126,WP012,Perambakkam,1,1532,7,WORKING,NORMAL,,2026-07-07 08:46:02
R01127,WP012,Perambakkam,1,3544,13,WORKING,NORMAL,,2026-07-24 11:51:04
R01128,WP012,Perambakkam,1,980,5,LOW_FLOW,MEDIUM,Flow below operational threshold,2026-07-12 03:55:34
R01129,WP012,Perambakkam,1,2150,10,WORKING,NORMAL,,2026-07-08 23:56:56
R01130,WP012,Perambakkam,1,3039,13,WORKING,NORMAL,,2026-07-03 02:06:59
R01131,WP012,Perambakkam,1,1379,14,WORKING,NORMAL,,2026-07-22 23:05:39
R01132,WP012,Perambakkam,1,3391,13,WORKING,NORMAL,,2026-06-28 02:29:39
R01133,WP012,Perambakkam,1,3415,5,WORKING,NORMAL,,2026-07-13 21:39:41
R01134,WP012,Perambakkam,1,1149,10,WORKING,NORMAL,,2026-07-07 12:41:59
R01135,WP012,Perambakkam,1,1612,9,WORKING,NORMAL,,2026-07-09 07:43:56
R01136,WP012,Perambakkam,1,1499,13,WORKING,NORMAL,,2026-07-11 20:37:58
R01137,WP012,Perambakkam,1,3748,11,WORKING,NORMAL,,2026-07-10 21:26:09
R01138,WP012,Perambakkam,1,1157,13,WORKING,NORMAL,,2026-07-14 11:05:15
R01139,WP012,Perambakkam,1,2581,13,WORKING,NORMAL,,2026-07-21 14:08:57
R01140,WP012,Perambakkam,1,3446,6,WORKING,NORMAL,,2026-07-13 23:16:59
R01141,WP012,Perambakkam,1,1992,10,WORKING,NORMAL,,2026-07-18 23:32:47
R01142,WP012,Perambakkam,1,3442,8,WORKING,NORMAL,,2026-07-03 13:41:42
R01143,WP012,Perambakkam,1,826,1,LOW_FLOW,MEDIUM,Flow below operational threshold,2026-06-30 10:54:26
R01144,WP012,Perambakkam,1,1551,10,WORKING,NORMAL,,2026-07-18 05:04:56
R01145,WP012,Perambakkam,1,1048,14,WORKING,NORMAL,,2026-07-17 09:12:37
R01146,WP012,Perambakkam,1,2965,10,WORKING,NORMAL,,2026-07-04 02:13:36
R01147,WP012,Perambakkam,1,2870,12,WORKING,NORMAL,,2026-07-12 08:41:53
R01148,WP012,Perambakkam,1,3638,7,WORKING,NORMAL,,2026-07-09 00:14:23
R01149,WP012,Perambakkam,1,2817,14,WORKING,NORMAL,,2026-07-18 12:40:40
R01150,WP012,Perambakkam,1,2866,13,WORKING,NORMAL,,2026-07-21 14:42:02
R01151,WP012,Perambakkam,1,2771,11,WORKING,NORMAL,,2026-07-24 05:55:01
R01152,WP012,Perambakkam,1,3564,9,WORKING,NORMAL,,2026-07-04 12:48:11
R01153,WP012,Perambakkam,0,0,0,NOT_WORKING,CRITICAL,Zero flow detected,2026-07-06 03:59:21
R01154,WP012,Perambakkam,1,3295,14,WORKING,NORMAL,,2026-07-19 16:34:19
R01155,WP012,Perambakkam,1,2499,8,WORKING,NORMAL,,2026-07-05 07:32:01
R01156,WP012,Perambakkam,1,3314,7,WORKING,NORMAL,,2026-06-30 06:59:03
R01157,WP012,Perambakkam,1,1912,8,WORKING,NORMAL,,2026-07-06 04:41:13
R01158,WP012,Perambakkam,1,1254,14,WORKING,NORMAL,,2026-07-22 14:19:44
R01159,WP012,Perambakkam,1,3964,11,WORKING,NORMAL,,2026-07-19 21:00:49
R01160,WP012,Perambakkam,1,1037,11,WORKING,NORMAL,,2026-07-07 11:55:23
R01161,WP012,Perambakkam,1,751,5,LOW_FLOW,MEDIUM,Flow below operational threshold,2026-07-14 23:20:10
R01162,WP012,Perambakkam,1,434,1,LOW_FLOW,MEDIUM,Flow below operational threshold,2026-07-14 11:01:54
R01163,WP012,Perambakkam,0,0,0,NOT_WORKING,CRITICAL,Zero flow detected,2026-07-23 22:46:48
R01164,WP012,Perambakkam,1,1263,12,WORKING,NORMAL,,2026-06-26 19:13:40
R01165,WP012,Perambakkam,1,3627,7,WORKING,NORMAL,,2026-06-27 21:05:19
R01166,WP012,Perambakkam,1,1387,11,WORKING,NORMAL,,2026-07-09 04:58:30
R01167,WP012,Perambakkam,1,1415,14,WORKING,NORMAL,,2026-07-25 09:30:02
R01168,WP012,Perambakkam,1,1580,6,WORKING,NORMAL,,2026-07-13 02:10:01
R01169,WP012,Perambakkam,1,1766,9,WORKING,NORMAL,,2026-06-29 19:03:35
R01170,WP012,Perambakkam,1,2269,5,WORKING,NORMAL,,2026-07-15 17:06:23
R01171,WP012,Perambakkam,1,3130,6,WORKING,NORMAL,,2026-07-08 10:10:32
R01172,WP012,Perambakkam,1,3521,5,WORKING,NORMAL,,2026-07-11 14:50:32
R01173,WP012,Perambakkam,1,1854,8,WORKING,NORMAL,,2026-07-22 09:30:58
R01174,WP012,Perambakkam,1,1009,10,WORKING,NORMAL,,2026-07-13 19:30:33
R01175,WP012,Perambakkam,1,2252,8,WORKING,NORMAL,,2026-07-15 01:26:47
R01176,WP012,Perambakkam,1,2518,8,WORKING,NORMAL,,2026-07-14 19:24:27
R01177,WP012,Perambakkam,1,2653,5,WORKING,NORMAL,,2026-07-14 12:03:58
R01178,WP012,Perambakkam,1,3253,7,WORKING,NORMAL,,2026-07-16 03:29:27
R01179,WP012,Perambakkam,1,2501,11,WORKING,NORMAL,,2026-07-17 13:35:29
R01180,WP012,Perambakkam,1,3668,9,WORKING,NORMAL,,2026-07-26 16:46:27
R01181,WP012,Perambakkam,1,358,5,LOW_FLOW,MEDIUM,Flow below operational threshold,2026-07-12 11:34:28
R01182,WP012,Perambakkam,1,1761,11,WORKING,NORMAL,,2026-07-21 01:03:32
R01183,WP012,Perambakkam,1,1816,9,WORKING,NORMAL,,2026-07-03 00:24:09
R01184,WP012,Perambakkam,0,0,0,NOT_WORKING,CRITICAL,Zero flow detected,2026-06-29 09:17:10
R01185,WP012,Perambakkam,0,0,0,NOT_WORKING,CRITICAL,Zero flow detected,2026-07-19 05:23:28
R01186,WP012,Perambakkam,1,3987,12,WORKING,NORMAL,,2026-07-12 03:08:47
R01187,WP012,Perambakkam,1,3129,14,WORKING,NORMAL,,2026-07-19 05:19:54
R01188,WP012,Perambakkam,1,2846,13,WORKING,NORMAL,,2026-07-19 08:57:49
R01189,WP012,Perambakkam,1,3156,5,WORKING,NORMAL,,2026-07-18 16:47:50
R01190,WP012,Perambakkam,1,2587,5,WORKING,NORMAL,,2026-07-06 10:55:39
R01191,WP012,Perambakkam,1,3350,14,WORKING,NORMAL,,2026-07-16 22:09:13
R01192,WP012,Perambakkam,1,2952,12,WORKING,NORMAL,,2026-07-04 06:57:29
R01193,WP012,Perambakkam,1,318,3,LOW_FLOW,MEDIUM,Flow below operational threshold,2026-07-14 19:19:26
R01194,WP012,Perambakkam,1,1700,10,WORKING,NORMAL,,2026-07-21 12:05:58
R01195,WP012,Perambakkam,1,3805,7,WORKING,NORMAL,,2026-07-02 07:57:56
R01196,WP012,Perambakkam,1,2025,9,WORKING,NORMAL,,2026-07-17 15:35:28
R01197,WP012,Perambakkam,1,3592,8,WORKING,NORMAL,,2026-07-19 23:25:55
R01198,WP012,Perambakkam,1,3586,14,WORKING,NORMAL,,2026-07-01 20:10:04
R01199,WP012,Perambakkam,1,3277,13,WORKING,NORMAL,,2026-07-01 05:44:42
R01200,WP012,Perambakkam,1,2230,9,WORKING,NORMAL,,2026-07-12 19:24:09
R01201,WP013,Sholavaram,1,2099,14,WORKING,NORMAL,,2026-07-20 08:05:57
R01202,WP013,Sholavaram,1,1470,6,WORKING,NORMAL,,2026-07-09 23:43:57
R01203,WP013,Sholavaram,0,0,0,NOT_WORKING,CRITICAL,Zero flow detected,2026-07-13 00:56:29
R01204,WP013,Sholavaram,1,2477,8,WORKING,NORMAL,,2026-07-26 16:24:44
R01205,WP013,Sholavaram,1,330,5,LOW_FLOW,MEDIUM,Flow below operational threshold,2026-07-11 02:35:23
R01206,WP013,Sholavaram,1,3962,13,WORKING,NORMAL,,2026-07-08 22:45:49
R01207,WP013,Sholavaram,1,2915,14,WORKING,NORMAL,,2026-07-22 06:48:42
R01208,WP013,Sholavaram,1,3205,5,WORKING,NORMAL,,2026-07-05 18:17:30
R01209,WP013,Sholavaram,1,2163,11,WORKING,NORMAL,,2026-07-22 09:32:05
R01210,WP013,Sholavaram,1,312,2,LOW_FLOW,MEDIUM,Flow below operational threshold,2026-07-01 15:28:52
R01211,WP013,Sholavaram,1,3945,8,WORKING,NORMAL,,2026-07-23 22:08:34
R01212,WP013,Sholavaram,1,1652,7,WORKING,NORMAL,,2026-07-13 05:48:05
R01213,WP013,Sholavaram,1,2934,12,WORKING,NORMAL,,2026-07-07 23:29:03
R01214,WP013,Sholavaram,1,3396,6,WORKING,NORMAL,,2026-07-07 21:08:49
R01215,WP013,Sholavaram,1,1510,12,WORKING,NORMAL,,2026-07-12 04:42:22
R01216,WP013,Sholavaram,1,3984,12,WORKING,NORMAL,,2026-07-20 22:06:02
R01217,WP013,Sholavaram,1,1132,5,WORKING,NORMAL,,2026-07-07 18:42:18
R01218,WP013,Sholavaram,1,2949,11,WORKING,NORMAL,,2026-07-01 05:36:38
R01219,WP013,Sholavaram,1,3000,10,WORKING,NORMAL,,2026-07-23 02:03:33
R01220,WP013,Sholavaram,1,801,2,LOW_FLOW,MEDIUM,Flow below operational threshold,2026-07-16 15:37:32
R01221,WP013,Sholavaram,1,2006,12,WORKING,NORMAL,,2026-07-02 16:48:01
R01222,WP013,Sholavaram,1,3981,7,WORKING,NORMAL,,2026-07-09 05:56:16
R01223,WP013,Sholavaram,1,3436,13,WORKING,NORMAL,,2026-06-29 02:59:41
R01224,WP013,Sholavaram,1,1317,11,WORKING,NORMAL,,2026-07-18 22:51:07
R01225,WP013,Sholavaram,1,3543,10,WORKING,NORMAL,,2026-07-24 16:46:30
R01226,WP013,Sholavaram,1,2908,14,WORKING,NORMAL,,2026-07-11 03:17:53
R01227,WP013,Sholavaram,1,2435,12,WORKING,NORMAL,,2026-07-10 08:34:21
R01228,WP013,Sholavaram,1,1494,8,WORKING,NORMAL,,2026-07-03 16:46:52
R01229,WP013,Sholavaram,1,2732,5,WORKING,NORMAL,,2026-07-01 00:52:25
R01230,WP013,Sholavaram,1,2205,7,WORKING,NORMAL,,2026-06-29 17:07:30
R01231,WP013,Sholavaram,1,2857,7,WORKING,NORMAL,,2026-07-08 12:53:23
R01232,WP013,Sholavaram,1,767,5,LOW_FLOW,MEDIUM,Flow below operational threshold,2026-07-18 01:16:42
R01233,WP013,Sholavaram,1,1544,14,WORKING,NORMAL,,2026-07-06 10:31:59
R01234,WP013,Sholavaram,1,1726,11,WORKING,NORMAL,,2026-07-01 08:34:25
R01235,WP013,Sholavaram,1,2762,11,WORKING,NORMAL,,2026-06-29 03:12:24
R01236,WP013,Sholavaram,1,2552,5,WORKING,NORMAL,,2026-06-27 23:29:13
R01237,WP013,Sholavaram,1,2406,10,WORKING,NORMAL,,2026-07-23 05:29:12
R01238,WP013,Sholavaram,1,3543,9,WORKING,NORMAL,,2026-07-12 06:14:51
R01239,WP013,Sholavaram,1,2005,13,WORKING,NORMAL,,2026-07-02 17:10:34
R01240,WP013,Sholavaram,1,3097,13,WORKING,NORMAL,,2026-07-03 14:04:17
R01241,WP013,Sholavaram,1,3483,14,WORKING,NORMAL,,2026-07-16 18:26:20
R01242,WP013,Sholavaram,1,202,2,LOW_FLOW,MEDIUM,Flow below operational threshold,2026-07-13 14:20:30
R01243,WP013,Sholavaram,1,2659,13,WORKING,NORMAL,,2026-07-25 08:21:46
R01244,WP013,Sholavaram,1,3624,12,WORKING,NORMAL,,2026-07-12 13:42:46
R01245,WP013,Sholavaram,1,3734,6,WORKING,NORMAL,,2026-07-15 04:30:51
R01246,WP013,Sholavaram,1,3475,14,WORKING,NORMAL,,2026-07-04 08:01:52
R01247,WP013,Sholavaram,1,1247,9,WORKING,NORMAL,,2026-06-29 14:23:59
R01248,WP013,Sholavaram,1,1621,8,WORKING,NORMAL,,2026-07-05 06:00:08
R01249,WP013,Sholavaram,1,1227,12,WORKING,NORMAL,,2026-07-17 13:59:47
R01250,WP013,Sholavaram,1,1985,7,WORKING,NORMAL,,2026-07-24 04:53:34
R01251,WP013,Sholavaram,1,1702,10,WORKING,NORMAL,,2026-07-06 07:06:14
R01252,WP013,Sholavaram,1,1526,8,WORKING,NORMAL,,2026-07-13 20:47:53
R01253,WP013,Sholavaram,1,3751,6,WORKING,NORMAL,,2026-07-10 12:35:02
R01254,WP013,Sholavaram,1,2786,12,WORKING,NORMAL,,2026-07-21 20:14:40
R01255,WP013,Sholavaram,1,3076,9,WORKING,NORMAL,,2026-07-20 15:44:23
R01256,WP013,Sholavaram,1,1950,10,WORKING,NORMAL,,2026-06-28 20:08:37
R01257,WP013,Sholavaram,1,1026,13,WORKING,NORMAL,,2026-07-17 09:36:05
R01258,WP013,Sholavaram,1,2101,5,WORKING,NORMAL,,2026-07-10 02:06:40
R01259,WP013,Sholavaram,1,2773,8,WORKING,NORMAL,,2026-07-20 01:51:16
R01260,WP013,Sholavaram,1,2172,11,WORKING,NORMAL,,2026-07-21 09:54:00
R01261,WP013,Sholavaram,1,3684,13,WORKING,NORMAL,,2026-07-11 08:36:33
R01262,WP013,Sholavaram,1,1304,11,WORKING,NORMAL,,2026-07-04 14:51:12
R01263,WP013,Sholavaram,1,3228,10,WORKING,NORMAL,,2026-06-28 15:12:20
R01264,WP013,Sholavaram,1,1419,12,WORKING,NORMAL,,2026-07-11 11:55:06
R01265,WP013,Sholavaram,1,345,1,LOW_FLOW,MEDIUM,Flow below operational threshold,2026-07-09 15:48:48
R01266,WP013,Sholavaram,1,1182,11,WORKING,NORMAL,,2026-07-09 01:13:45
R01267,WP013,Sholavaram,1,1771,12,WORKING,NORMAL,,2026-07-13 13:21:28
R01268,WP013,Sholavaram,1,2863,12,WORKING,NORMAL,,2026-07-15 20:10:48
R01269,WP013,Sholavaram,1,3004,7,WORKING,NORMAL,,2026-06-30 06:38:49
R01270,WP013,Sholavaram,1,2684,7,WORKING,NORMAL,,2026-07-14 19:32:24
R01271,WP013,Sholavaram,0,0,0,NOT_WORKING,CRITICAL,Zero flow detected,2026-07-02 11:00:29
R01272,WP013,Sholavaram,1,341,2,LOW_FLOW,MEDIUM,Flow below operational threshold,2026-06-29 13:29:45
R01273,WP013,Sholavaram,1,1124,11,WORKING,NORMAL,,2026-07-25 11:55:20
R01274,WP013,Sholavaram,1,3614,5,WORKING,NORMAL,,2026-07-07 21:57:25
R01275,WP013,Sholavaram,0,0,0,NOT_WORKING,CRITICAL,Zero flow detected,2026-07-05 01:53:07
R01276,WP013,Sholavaram,1,604,2,LOW_FLOW,MEDIUM,Flow below operational threshold,2026-07-09 19:18:28
R01277,WP013,Sholavaram,1,3127,10,WORKING,NORMAL,,2026-07-23 08:00:04
R01278,WP013,Sholavaram,1,2024,12,WORKING,NORMAL,,2026-07-03 18:13:25
R01279,WP013,Sholavaram,1,1729,6,WORKING,NORMAL,,2026-07-05 04:42:13
R01280,WP013,Sholavaram,1,1347,12,WORKING,NORMAL,,2026-07-01 18:15:52
R01281,WP013,Sholavaram,1,1167,9,WORKING,NORMAL,,2026-07-16 20:43:07
R01282,WP013,Sholavaram,1,1444,11,WORKING,NORMAL,,2026-07-12 02:25:31
R01283,WP013,Sholavaram,1,3903,11,WORKING,NORMAL,,2026-07-01 22:59:36
R01284,WP013,Sholavaram,0,0,0,NOT_WORKING,CRITICAL,Zero flow detected,2026-07-19 08:37:08
R01285,WP013,Sholavaram,1,1691,11,WORKING,NORMAL,,2026-07-21 04:33:19
R01286,WP013,Sholavaram,1,1322,10,WORKING,NORMAL,,2026-07-11 13:06:38
R01287,WP013,Sholavaram,1,3829,5,WORKING,NORMAL,,2026-06-28 07:42:35
R01288,WP013,Sholavaram,0,0,0,NOT_WORKING,CRITICAL,Zero flow detected,2026-07-09 17:52:46
R01289,WP013,Sholavaram,1,1778,8,WORKING,NORMAL,,2026-07-07 03:11:26
R01290,WP013,Sholavaram,1,1034,12,WORKING,NORMAL,,2026-07-11 23:13:12
R01291,WP013,Sholavaram,1,2821,11,WORKING,NORMAL,,2026-07-14 06:16:04
R01292,WP013,Sholavaram,1,1318,12,WORKING,NORMAL,,2026-07-21 09:16:30
R01293,WP013,Sholavaram,1,3757,14,WORKING,NORMAL,,2026-07-10 02:40:57
R01294,WP013,Sholavaram,1,1549,5,WORKING,NORMAL,,2026-07-16 17:26:32
R01295,WP013,Sholavaram,1,2042,14,WORKING,NORMAL,,2026-07-19 20:57:35
R01296,WP013,Sholavaram,1,2948,9,WORKING,NORMAL,,2026-07-07 04:09:03
R01297,WP013,Sholavaram,1,3699,14,WORKING,NORMAL,,2026-07-16 07:46:35
R01298,WP013,Sholavaram,1,2587,11,WORKING,NORMAL,,2026-07-16 11:00:49
R01299,WP013,Sholavaram,1,2365,11,WORKING,NORMAL,,2026-06-29 03:30:09
R01300,WP013,Sholavaram,1,2509,14,WORKING,NORMAL,,2026-07-16 19:25:45
R01301,WP014,Othappai,0,0,0,NOT_WORKING,CRITICAL,Zero flow detected,2026-07-11 00:31:22
R01302,WP014,Othappai,1,2722,7,WORKING,NORMAL,,2026-07-24 13:30:46
R01303,WP014,Othappai,1,2748,12,WORKING,NORMAL,,2026-07-11 11:22:42
R01304,WP014,Othappai,1,3177,14,WORKING,NORMAL,,2026-07-04 12:56:10
R01305,WP014,Othappai,1,2987,9,WORKING,NORMAL,,2026-07-08 20:42:01
R01306,WP014,Othappai,1,2421,5,WORKING,NORMAL,,2026-07-09 21:37:58
R01307,WP014,Othappai,1,3431,12,WORKING,NORMAL,,2026-07-19 01:54:27
R01308,WP014,Othappai,1,2635,6,WORKING,NORMAL,,2026-07-10 06:29:23
R01309,WP014,Othappai,1,1717,13,WORKING,NORMAL,,2026-07-03 16:55:00
R01310,WP014,Othappai,1,1587,10,WORKING,NORMAL,,2026-07-04 18:50:53
R01311,WP014,Othappai,1,1632,7,WORKING,NORMAL,,2026-07-26 06:04:20
R01312,WP014,Othappai,1,467,5,LOW_FLOW,MEDIUM,Flow below operational threshold,2026-07-15 11:26:37
R01313,WP014,Othappai,1,2127,6,WORKING,NORMAL,,2026-07-17 07:24:21
R01314,WP014,Othappai,1,3845,10,WORKING,NORMAL,,2026-07-25 03:17:39
R01315,WP014,Othappai,1,3270,14,WORKING,NORMAL,,2026-07-18 04:40:20
R01316,WP014,Othappai,1,3789,5,WORKING,NORMAL,,2026-07-15 03:29:14
R01317,WP014,Othappai,1,1258,7,WORKING,NORMAL,,2026-07-07 12:31:57
R01318,WP014,Othappai,1,1927,8,WORKING,NORMAL,,2026-07-20 10:41:52
R01319,WP014,Othappai,1,2015,12,WORKING,NORMAL,,2026-06-27 08:18:56
R01320,WP014,Othappai,1,2977,6,WORKING,NORMAL,,2026-07-07 06:37:34
R01321,WP014,Othappai,1,3501,8,WORKING,NORMAL,,2026-07-10 15:42:46
R01322,WP014,Othappai,1,2725,13,WORKING,NORMAL,,2026-07-26 05:08:45
R01323,WP014,Othappai,1,301,4,LOW_FLOW,MEDIUM,Flow below operational threshold,2026-07-23 00:18:22
R01324,WP014,Othappai,1,1798,7,WORKING,NORMAL,,2026-07-25 06:43:47
R01325,WP014,Othappai,1,1987,7,WORKING,NORMAL,,2026-07-22 02:36:39
R01326,WP014,Othappai,1,3588,13,WORKING,NORMAL,,2026-07-26 15:47:53
R01327,WP014,Othappai,1,2530,9,WORKING,NORMAL,,2026-07-04 20:35:14
R01328,WP014,Othappai,0,0,0,NOT_WORKING,CRITICAL,Zero flow detected,2026-07-24 20:24:50
R01329,WP014,Othappai,1,1775,6,WORKING,NORMAL,,2026-06-27 02:44:36
R01330,WP014,Othappai,1,1982,6,WORKING,NORMAL,,2026-06-28 17:55:56
R01331,WP014,Othappai,1,914,3,LOW_FLOW,MEDIUM,Flow below operational threshold,2026-07-12 08:22:15
R01332,WP014,Othappai,0,0,0,NOT_WORKING,CRITICAL,Zero flow detected,2026-07-22 18:24:48
R01333,WP014,Othappai,1,3943,10,WORKING,NORMAL,,2026-07-10 12:47:16
R01334,WP014,Othappai,1,617,3,LOW_FLOW,MEDIUM,Flow below operational threshold,2026-07-11 19:13:50
R01335,WP014,Othappai,1,2881,7,WORKING,NORMAL,,2026-07-04 12:15:15
R01336,WP014,Othappai,1,2853,11,WORKING,NORMAL,,2026-07-15 15:54:18
R01337,WP014,Othappai,1,2635,12,WORKING,NORMAL,,2026-07-07 01:39:05
R01338,WP014,Othappai,1,3075,6,WORKING,NORMAL,,2026-07-08 16:39:02
R01339,WP014,Othappai,1,3515,14,WORKING,NORMAL,,2026-06-29 01:07:17
R01340,WP014,Othappai,1,1092,14,WORKING,NORMAL,,2026-07-19 11:20:39
R01341,WP014,Othappai,1,2401,13,WORKING,NORMAL,,2026-07-03 21:35:53
R01342,WP014,Othappai,1,1754,7,WORKING,NORMAL,,2026-07-24 19:13:40
R01343,WP014,Othappai,1,3210,14,WORKING,NORMAL,,2026-07-17 21:04:57
R01344,WP014,Othappai,1,3846,6,WORKING,NORMAL,,2026-07-19 19:54:24
R01345,WP014,Othappai,1,3733,11,WORKING,NORMAL,,2026-07-11 17:47:34
R01346,WP014,Othappai,1,976,3,LOW_FLOW,MEDIUM,Flow below operational threshold,2026-07-26 10:20:13
R01347,WP014,Othappai,1,3891,6,WORKING,NORMAL,,2026-07-01 21:45:05
R01348,WP014,Othappai,1,1260,6,WORKING,NORMAL,,2026-07-08 10:05:26
R01349,WP014,Othappai,1,264,3,LOW_FLOW,MEDIUM,Flow below operational threshold,2026-07-07 23:52:31
R01350,WP014,Othappai,1,1013,5,WORKING,NORMAL,,2026-07-07 02:52:33
R01351,WP014,Othappai,1,2146,8,WORKING,NORMAL,,2026-07-05 11:41:33
R01352,WP014,Othappai,1,3726,14,WORKING,NORMAL,,2026-07-17 19:26:28
R01353,WP014,Othappai,1,1802,12,WORKING,NORMAL,,2026-07-26 00:05:44
R01354,WP014,Othappai,1,3592,7,WORKING,NORMAL,,2026-07-26 06:53:41
R01355,WP014,Othappai,1,977,2,LOW_FLOW,MEDIUM,Flow below operational threshold,2026-07-25 21:46:31
R01356,WP014,Othappai,1,1311,11,WORKING,NORMAL,,2026-07-07 20:39:07
R01357,WP014,Othappai,1,2109,6,WORKING,NORMAL,,2026-07-12 15:41:59
R01358,WP014,Othappai,1,3409,13,WORKING,NORMAL,,2026-07-06 18:44:05
R01359,WP014,Othappai,1,2035,14,WORKING,NORMAL,,2026-07-06 03:10:51
R01360,WP014,Othappai,1,3784,7,WORKING,NORMAL,,2026-07-11 20:41:46
R01361,WP014,Othappai,1,3014,9,WORKING,NORMAL,,2026-07-23 21:33:59
R01362,WP014,Othappai,1,2927,14,WORKING,NORMAL,,2026-07-19 19:42:44
R01363,WP014,Othappai,1,1992,7,WORKING,NORMAL,,2026-07-23 07:43:01
R01364,WP014,Othappai,1,1849,12,WORKING,NORMAL,,2026-07-11 22:26:45
R01365,WP014,Othappai,1,1212,5,WORKING,NORMAL,,2026-07-12 10:02:57
R01366,WP014,Othappai,1,2107,13,WORKING,NORMAL,,2026-07-18 06:49:05
R01367,WP014,Othappai,1,3999,8,WORKING,NORMAL,,2026-07-01 04:42:18
R01368,WP014,Othappai,1,494,4,LOW_FLOW,MEDIUM,Flow below operational threshold,2026-07-08 23:36:24
R01369,WP014,Othappai,1,3085,9,WORKING,NORMAL,,2026-07-01 21:38:26
R01370,WP014,Othappai,1,1455,9,WORKING,NORMAL,,2026-07-17 01:23:09
R01371,WP014,Othappai,1,1094,14,WORKING,NORMAL,,2026-07-02 03:58:39
R01372,WP014,Othappai,1,439,5,LOW_FLOW,MEDIUM,Flow below operational threshold,2026-07-20 03:39:23
R01373,WP014,Othappai,1,806,2,LOW_FLOW,MEDIUM,Flow below operational threshold,2026-07-23 01:22:21
R01374,WP014,Othappai,1,2604,5,WORKING,NORMAL,,2026-07-12 10:50:02
R01375,WP014,Othappai,1,3675,12,WORKING,NORMAL,,2026-07-10 01:51:43
R01376,WP014,Othappai,1,1498,11,WORKING,NORMAL,,2026-07-26 10:20:49
R01377,WP014,Othappai,1,1407,5,WORKING,NORMAL,,2026-07-12 18:00:38
R01378,WP014,Othappai,1,2452,11,WORKING,NORMAL,,2026-07-21 09:37:14
R01379,WP014,Othappai,1,3371,14,WORKING,NORMAL,,2026-07-04 18:06:31
R01380,WP014,Othappai,1,1546,12,WORKING,NORMAL,,2026-07-04 23:49:25
R01381,WP014,Othappai,1,3076,7,WORKING,NORMAL,,2026-07-17 11:00:10
R01382,WP014,Othappai,1,1977,10,WORKING,NORMAL,,2026-07-24 23:10:20
R01383,WP014,Othappai,1,3315,5,WORKING,NORMAL,,2026-07-02 15:54:43
R01384,WP014,Othappai,1,256,2,LOW_FLOW,MEDIUM,Flow below operational threshold,2026-07-02 19:36:14
R01385,WP014,Othappai,1,2977,11,WORKING,NORMAL,,2026-06-27 06:34:42
R01386,WP014,Othappai,1,1143,6,WORKING,NORMAL,,2026-07-17 17:01:15
R01387,WP014,Othappai,1,2431,12,WORKING,NORMAL,,2026-06-29 09:16:32
R01388,WP014,Othappai,1,3387,13,WORKING,NORMAL,,2026-07-22 03:05:44
R01389,WP014,Othappai,1,1111,6,WORKING,NORMAL,,2026-07-09 05:28:52
R01390,WP014,Othappai,1,3574,8,WORKING,NORMAL,,2026-07-18 15:07:15
R01391,WP014,Othappai,1,771,3,LOW_FLOW,MEDIUM,Flow below operational threshold,2026-07-05 20:26:14
R01392,WP014,Othappai,1,3357,7,WORKING,NORMAL,,2026-07-07 03:18:55
R01393,WP014,Othappai,1,2677,10,WORKING,NORMAL,,2026-06-28 05:47:17
R01394,WP014,Othappai,1,1013,9,WORKING,NORMAL,,2026-07-23 22:25:37
R01395,WP014,Othappai,1,3168,10,WORKING,NORMAL,,2026-07-07 19:37:56
R01396,WP014,Othappai,1,2525,8,WORKING,NORMAL,,2026-07-01 12:58:10
R01397,WP014,Othappai,1,3313,8,WORKING,NORMAL,,2026-07-22 17:09:43
R01398,WP014,Othappai,1,3255,7,WORKING,NORMAL,,2026-07-20 17:30:23
R01399,WP014,Othappai,1,1851,6,WORKING,NORMAL,,2026-06-28 14:59:12
R01400,WP014,Othappai,1,2787,13,WORKING,NORMAL,,2026-07-23 11:38:44
R01401,WP015,Putlur,1,1727,12,WORKING,NORMAL,,2026-07-20 09:34:33
R01402,WP015,Putlur,1,1287,11,WORKING,NORMAL,,2026-07-25 22:57:38
R01403,WP015,Putlur,1,3715,6,WORKING,NORMAL,,2026-07-22 18:28:49
R01404,WP015,Putlur,1,3252,8,WORKING,NORMAL,,2026-06-29 10:30:11
R01405,WP015,Putlur,1,3039,13,WORKING,NORMAL,,2026-07-25 21:37:27
R01406,WP015,Putlur,1,3651,8,WORKING,NORMAL,,2026-07-04 00:23:58
R01407,WP015,Putlur,0,0,0,NOT_WORKING,CRITICAL,Zero flow detected,2026-06-27 05:05:12
R01408,WP015,Putlur,1,3200,13,WORKING,NORMAL,,2026-07-03 22:06:54
R01409,WP015,Putlur,1,1960,11,WORKING,NORMAL,,2026-07-07 15:06:29
R01410,WP015,Putlur,1,3911,5,WORKING,NORMAL,,2026-07-12 05:23:10
R01411,WP015,Putlur,1,1884,9,WORKING,NORMAL,,2026-07-15 00:39:35
R01412,WP015,Putlur,1,1767,6,WORKING,NORMAL,,2026-07-11 11:21:55
R01413,WP015,Putlur,0,0,0,NOT_WORKING,CRITICAL,Zero flow detected,2026-07-11 20:50:05
R01414,WP015,Putlur,1,2681,13,WORKING,NORMAL,,2026-07-19 12:20:23
R01415,WP015,Putlur,1,2608,6,WORKING,NORMAL,,2026-07-23 00:06:43
R01416,WP015,Putlur,1,1983,11,WORKING,NORMAL,,2026-07-05 13:57:55
R01417,WP015,Putlur,1,2168,7,WORKING,NORMAL,,2026-07-22 16:18:35
R01418,WP015,Putlur,1,3551,8,WORKING,NORMAL,,2026-06-30 02:40:53
R01419,WP015,Putlur,1,1668,11,WORKING,NORMAL,,2026-07-13 19:06:05
R01420,WP015,Putlur,1,3003,12,WORKING,NORMAL,,2026-07-06 09:55:36
R01421,WP015,Putlur,1,3384,10,WORKING,NORMAL,,2026-07-01 00:48:05
R01422,WP015,Putlur,1,3889,8,WORKING,NORMAL,,2026-07-03 16:24:00
R01423,WP015,Putlur,1,2308,14,WORKING,NORMAL,,2026-06-26 18:53:10
R01424,WP015,Putlur,1,3492,6,WORKING,NORMAL,,2026-07-12 11:24:19
R01425,WP015,Putlur,1,2429,7,WORKING,NORMAL,,2026-07-25 22:00:36
R01426,WP015,Putlur,1,3824,7,WORKING,NORMAL,,2026-07-15 10:25:09
R01427,WP015,Putlur,1,1578,7,WORKING,NORMAL,,2026-07-20 11:34:06
R01428,WP015,Putlur,1,1892,5,WORKING,NORMAL,,2026-07-02 19:00:11
R01429,WP015,Putlur,1,605,5,LOW_FLOW,MEDIUM,Flow below operational threshold,2026-07-03 10:32:00
R01430,WP015,Putlur,1,2512,8,WORKING,NORMAL,,2026-07-02 17:37:03
R01431,WP015,Putlur,1,448,4,LOW_FLOW,MEDIUM,Flow below operational threshold,2026-07-11 17:21:43
R01432,WP015,Putlur,0,0,0,NOT_WORKING,CRITICAL,Zero flow detected,2026-07-24 02:24:45
R01433,WP015,Putlur,1,1007,14,WORKING,NORMAL,,2026-07-16 20:39:53
R01434,WP015,Putlur,1,797,1,LOW_FLOW,MEDIUM,Flow below operational threshold,2026-07-23 17:56:23
R01435,WP015,Putlur,1,1319,9,WORKING,NORMAL,,2026-07-05 14:34:11
R01436,WP015,Putlur,1,3256,8,WORKING,NORMAL,,2026-07-09 18:01:45
R01437,WP015,Putlur,1,2668,6,WORKING,NORMAL,,2026-07-09 21:47:36
R01438,WP015,Putlur,1,3674,12,WORKING,NORMAL,,2026-06-30 08:43:48
R01439,WP015,Putlur,1,2768,14,WORKING,NORMAL,,2026-07-24 08:45:40
R01440,WP015,Putlur,1,2550,6,WORKING,NORMAL,,2026-07-10 19:08:31
R01441,WP015,Putlur,1,3078,6,WORKING,NORMAL,,2026-07-13 07:12:50
R01442,WP015,Putlur,1,946,5,LOW_FLOW,MEDIUM,Flow below operational threshold,2026-07-16 22:00:33
R01443,WP015,Putlur,1,3024,14,WORKING,NORMAL,,2026-06-30 21:44:47
R01444,WP015,Putlur,1,3694,7,WORKING,NORMAL,,2026-06-30 21:07:41
R01445,WP015,Putlur,1,1095,5,WORKING,NORMAL,,2026-07-05 08:25:48
R01446,WP015,Putlur,1,2972,9,WORKING,NORMAL,,2026-07-15 01:30:51
R01447,WP015,Putlur,1,471,1,LOW_FLOW,MEDIUM,Flow below operational threshold,2026-07-10 12:19:56
R01448,WP015,Putlur,1,1203,8,WORKING,NORMAL,,2026-07-25 04:08:33
R01449,WP015,Putlur,1,2763,8,WORKING,NORMAL,,2026-07-23 16:06:39
R01450,WP015,Putlur,0,0,0,NOT_WORKING,CRITICAL,Zero flow detected,2026-07-13 00:29:37
R01451,WP015,Putlur,1,2774,12,WORKING,NORMAL,,2026-07-23 15:37:36
R01452,WP015,Putlur,0,0,0,NOT_WORKING,CRITICAL,Zero flow detected,2026-07-17 13:15:25
R01453,WP015,Putlur,1,2380,13,WORKING,NORMAL,,2026-07-15 19:29:20
R01454,WP015,Putlur,0,0,0,NOT_WORKING,CRITICAL,Zero flow detected,2026-07-10 11:17:39
R01455,WP015,Putlur,1,3898,14,WORKING,NORMAL,,2026-07-18 21:34:12
R01456,WP015,Putlur,1,2582,6,WORKING,NORMAL,,2026-07-21 01:52:12
R01457,WP015,Putlur,1,3043,5,WORKING,NORMAL,,2026-07-16 03:49:26
R01458,WP015,Putlur,1,2372,14,WORKING,NORMAL,,2026-07-11 02:55:02
R01459,WP015,Putlur,1,1787,7,WORKING,NORMAL,,2026-07-02 23:59:43
R01460,WP015,Putlur,1,1783,5,WORKING,NORMAL,,2026-07-19 17:39:54
R01461,WP015,Putlur,1,958,4,LOW_FLOW,MEDIUM,Flow below operational threshold,2026-07-12 17:38:44
R01462,WP015,Putlur,1,2616,7,WORKING,NORMAL,,2026-07-22 21:04:14
R01463,WP015,Putlur,1,1129,14,WORKING,NORMAL,,2026-07-23 21:19:17
R01464,WP015,Putlur,0,0,0,NOT_WORKING,CRITICAL,Zero flow detected,2026-07-08 07:55:58
R01465,WP015,Putlur,1,3320,14,WORKING,NORMAL,,2026-07-14 01:31:38
R01466,WP015,Putlur,1,2821,5,WORKING,NORMAL,,2026-07-17 13:26:03
R01467,WP015,Putlur,1,2508,9,WORKING,NORMAL,,2026-07-15 10:48:35
R01468,WP015,Putlur,0,0,0,NOT_WORKING,CRITICAL,Zero flow detected,2026-07-04 00:51:08
R01469,WP015,Putlur,1,3802,9,WORKING,NORMAL,,2026-06-29 10:39:27
R01470,WP015,Putlur,1,3623,8,WORKING,NORMAL,,2026-06-29 17:15:40
R01471,WP015,Putlur,1,1560,5,WORKING,NORMAL,,2026-07-04 16:03:26
R01472,WP015,Putlur,1,2647,14,WORKING,NORMAL,,2026-06-27 03:49:58
R01473,WP015,Putlur,1,232,3,LOW_FLOW,MEDIUM,Flow below operational threshold,2026-06-28 21:17:36
R01474,WP015,Putlur,1,3969,5,WORKING,NORMAL,,2026-07-11 12:20:52
R01475,WP015,Putlur,1,309,1,LOW_FLOW,MEDIUM,Flow below operational threshold,2026-07-19 20:47:55
R01476,WP015,Putlur,1,1673,11,WORKING,NORMAL,,2026-06-27 01:14:48
R01477,WP015,Putlur,1,3853,7,WORKING,NORMAL,,2026-07-01 17:48:38
R01478,WP015,Putlur,1,873,2,LOW_FLOW,MEDIUM,Flow below operational threshold,2026-07-26 05:11:37
R01479,WP015,Putlur,1,3414,6,WORKING,NORMAL,,2026-07-20 04:40:05
R01480,WP015,Putlur,1,2520,8,WORKING,NORMAL,,2026-06-28 18:20:50
R01481,WP015,Putlur,1,207,4,LOW_FLOW,MEDIUM,Flow below operational threshold,2026-07-24 22:52:28
R01482,WP015,Putlur,1,1617,6,WORKING,NORMAL,,2026-07-14 12:34:10
R01483,WP015,Putlur,1,1933,14,WORKING,NORMAL,,2026-07-03 16:47:35
R01484,WP015,Putlur,1,2432,9,WORKING,NORMAL,,2026-07-15 14:32:51
R01485,WP015,Putlur,1,1136,11,WORKING,NORMAL,,2026-07-19 22:25:38
R01486,WP015,Putlur,1,2399,5,WORKING,NORMAL,,2026-07-18 21:27:56
R01487,WP015,Putlur,1,1059,7,WORKING,NORMAL,,2026-06-27 07:05:45
R01488,WP015,Putlur,1,2612,12,WORKING,NORMAL,,2026-07-07 03:27:05
R01489,WP015,Putlur,1,1170,11,WORKING,NORMAL,,2026-06-27 13:29:02
R01490,WP015,Putlur,1,1501,14,WORKING,NORMAL,,2026-07-12 22:18:50
R01491,WP015,Putlur,1,1289,7,WORKING,NORMAL,,2026-07-01 21:40:08
R01492,WP015,Putlur,1,2248,11,WORKING,NORMAL,,2026-06-28 02:09:30
R01493,WP015,Putlur,1,1229,13,WORKING,NORMAL,,2026-07-25 14:57:23
R01494,WP015,Putlur,1,516,3,LOW_FLOW,MEDIUM,Flow below operational threshold,2026-07-06 20:25:18
R01495,WP015,Putlur,1,2550,6,WORKING,NORMAL,,2026-07-06 19:39:52
R01496,WP015,Putlur,1,3378,6,WORKING,NORMAL,,2026-06-28 21:45:22
R01497,WP015,Putlur,1,950,3,LOW_FLOW,MEDIUM,Flow below operational threshold,2026-07-13 10:58:29
R01498,WP015,Putlur,1,2440,8,WORKING,NORMAL,,2026-06-28 06:45:20
R01499,WP015,Putlur,1,3731,8,WORKING,NORMAL,,2026-07-13 04:51:08
R01500,WP015,Putlur,1,3157,8,WORKING,NORMAL,,2026-07-25 01:26:35
R01501,WP016,Mappedu,1,3370,8,WORKING,NORMAL,,2026-06-28 18:20:09
R01502,WP016,Mappedu,1,2524,9,WORKING,NORMAL,,2026-07-07 18:49:22
R01503,WP016,Mappedu,1,307,4,LOW_FLOW,MEDIUM,Flow below operational threshold,2026-07-08 14:23:26
R01504,WP016,Mappedu,1,1764,11,WORKING,NORMAL,,2026-07-15 23:01:12
R01505,WP016,Mappedu,1,3551,11,WORKING,NORMAL,,2026-07-18 02:46:06
R01506,WP016,Mappedu,1,3249,13,WORKING,NORMAL,,2026-07-02 01:21:15
R01507,WP016,Mappedu,1,1542,9,WORKING,NORMAL,,2026-07-08 23:21:02
R01508,WP016,Mappedu,1,1136,12,WORKING,NORMAL,,2026-06-30 05:08:33
R01509,WP016,Mappedu,1,1649,5,WORKING,NORMAL,,2026-07-17 07:17:36
R01510,WP016,Mappedu,1,2663,8,WORKING,NORMAL,,2026-07-06 23:42:47
R01511,WP016,Mappedu,1,1749,14,WORKING,NORMAL,,2026-07-20 01:11:42
R01512,WP016,Mappedu,1,2600,12,WORKING,NORMAL,,2026-06-27 14:07:23
R01513,WP016,Mappedu,1,3818,7,WORKING,NORMAL,,2026-07-18 14:15:23
R01514,WP016,Mappedu,1,1100,10,WORKING,NORMAL,,2026-07-23 16:44:59
R01515,WP016,Mappedu,1,1032,6,WORKING,NORMAL,,2026-07-14 03:10:04
R01516,WP016,Mappedu,1,2478,8,WORKING,NORMAL,,2026-07-22 00:19:12
R01517,WP016,Mappedu,1,2624,8,WORKING,NORMAL,,2026-07-17 16:20:01
R01518,WP016,Mappedu,1,1431,10,WORKING,NORMAL,,2026-07-25 05:10:55
R01519,WP016,Mappedu,1,632,2,LOW_FLOW,MEDIUM,Flow below operational threshold,2026-07-15 08:48:02
R01520,WP016,Mappedu,1,3708,10,WORKING,NORMAL,,2026-07-23 23:18:00
R01521,WP016,Mappedu,1,1463,5,WORKING,NORMAL,,2026-07-02 02:38:13
R01522,WP016,Mappedu,1,3691,6,WORKING,NORMAL,,2026-07-17 02:45:08
R01523,WP016,Mappedu,1,1985,6,WORKING,NORMAL,,2026-06-30 14:47:28
R01524,WP016,Mappedu,1,1777,6,WORKING,NORMAL,,2026-07-14 22:49:46
R01525,WP016,Mappedu,1,1365,10,WORKING,NORMAL,,2026-06-29 11:33:05
R01526,WP016,Mappedu,1,2980,8,WORKING,NORMAL,,2026-07-11 15:03:25
R01527,WP016,Mappedu,1,3081,8,WORKING,NORMAL,,2026-06-27 20:43:41
R01528,WP016,Mappedu,1,2550,12,WORKING,NORMAL,,2026-07-06 05:54:29
R01529,WP016,Mappedu,1,3449,12,WORKING,NORMAL,,2026-07-14 08:35:35
R01530,WP016,Mappedu,1,425,4,LOW_FLOW,MEDIUM,Flow below operational threshold,2026-07-19 09:37:09
R01531,WP016,Mappedu,1,3125,6,WORKING,NORMAL,,2026-07-03 08:09:28
R01532,WP016,Mappedu,1,1053,8,WORKING,NORMAL,,2026-07-12 15:24:35
R01533,WP016,Mappedu,1,3039,10,WORKING,NORMAL,,2026-07-15 23:13:37
R01534,WP016,Mappedu,1,2434,13,WORKING,NORMAL,,2026-07-10 18:09:21
R01535,WP016,Mappedu,1,3495,10,WORKING,NORMAL,,2026-07-16 16:55:08
R01536,WP016,Mappedu,1,2298,11,WORKING,NORMAL,,2026-07-09 09:34:04
R01537,WP016,Mappedu,1,2275,12,WORKING,NORMAL,,2026-07-02 18:42:51
R01538,WP016,Mappedu,1,1677,14,WORKING,NORMAL,,2026-07-03 01:50:13
R01539,WP016,Mappedu,1,2210,5,WORKING,NORMAL,,2026-07-04 22:10:40
R01540,WP016,Mappedu,1,3652,8,WORKING,NORMAL,,2026-07-26 17:13:22
R01541,WP016,Mappedu,1,3963,5,WORKING,NORMAL,,2026-07-10 14:55:14
R01542,WP016,Mappedu,1,688,2,LOW_FLOW,MEDIUM,Flow below operational threshold,2026-07-25 22:24:46
R01543,WP016,Mappedu,1,2154,11,WORKING,NORMAL,,2026-07-22 16:56:21
R01544,WP016,Mappedu,1,3337,12,WORKING,NORMAL,,2026-07-05 21:36:20
R01545,WP016,Mappedu,1,2673,5,WORKING,NORMAL,,2026-07-18 08:02:10
R01546,WP016,Mappedu,1,2982,13,WORKING,NORMAL,,2026-07-08 09:25:36
R01547,WP016,Mappedu,1,3725,9,WORKING,NORMAL,,2026-07-09 04:54:25
R01548,WP016,Mappedu,1,3760,6,WORKING,NORMAL,,2026-07-19 11:02:49
R01549,WP016,Mappedu,1,1066,14,WORKING,NORMAL,,2026-06-29 08:24:42
R01550,WP016,Mappedu,1,1032,11,WORKING,NORMAL,,2026-07-12 16:29:43
R01551,WP016,Mappedu,1,1001,8,WORKING,NORMAL,,2026-07-20 08:53:00
R01552,WP016,Mappedu,1,2179,10,WORKING,NORMAL,,2026-07-15 12:09:56
R01553,WP016,Mappedu,1,3293,10,WORKING,NORMAL,,2026-07-01 12:53:23
R01554,WP016,Mappedu,1,2658,14,WORKING,NORMAL,,2026-07-25 07:13:35
R01555,WP016,Mappedu,1,3945,10,WORKING,NORMAL,,2026-07-02 12:36:01
R01556,WP016,Mappedu,1,3658,8,WORKING,NORMAL,,2026-07-21 17:40:34
R01557,WP016,Mappedu,1,1356,12,WORKING,NORMAL,,2026-07-11 09:53:57
R01558,WP016,Mappedu,1,3550,9,WORKING,NORMAL,,2026-07-18 00:14:53
R01559,WP016,Mappedu,1,2413,11,WORKING,NORMAL,,2026-06-27 04:32:34
R01560,WP016,Mappedu,1,3134,5,WORKING,NORMAL,,2026-07-23 11:03:22
R01561,WP016,Mappedu,1,3095,6,WORKING,NORMAL,,2026-07-03 18:32:21
R01562,WP016,Mappedu,1,747,5,LOW_FLOW,MEDIUM,Flow below operational threshold,2026-07-10 18:27:44
R01563,WP016,Mappedu,1,3972,7,WORKING,NORMAL,,2026-07-22 17:48:29
R01564,WP016,Mappedu,1,1512,11,WORKING,NORMAL,,2026-06-28 14:27:55
R01565,WP016,Mappedu,1,3322,13,WORKING,NORMAL,,2026-07-21 14:15:37
R01566,WP016,Mappedu,1,2418,7,WORKING,NORMAL,,2026-06-28 06:27:43
R01567,WP016,Mappedu,1,1353,11,WORKING,NORMAL,,2026-07-06 02:38:31
R01568,WP016,Mappedu,1,821,5,LOW_FLOW,MEDIUM,Flow below operational threshold,2026-06-29 21:48:20
R01569,WP016,Mappedu,1,1721,14,WORKING,NORMAL,,2026-07-11 17:21:10
R01570,WP016,Mappedu,1,1228,5,WORKING,NORMAL,,2026-07-01 17:15:13
R01571,WP016,Mappedu,1,3924,11,WORKING,NORMAL,,2026-07-04 20:41:51
R01572,WP016,Mappedu,1,1287,10,WORKING,NORMAL,,2026-07-06 14:48:51
R01573,WP016,Mappedu,1,2138,5,WORKING,NORMAL,,2026-06-27 09:49:19
R01574,WP016,Mappedu,1,1987,14,WORKING,NORMAL,,2026-07-08 03:12:19
R01575,WP016,Mappedu,1,3461,5,WORKING,NORMAL,,2026-07-10 03:25:24
R01576,WP016,Mappedu,1,3818,14,WORKING,NORMAL,,2026-07-20 09:05:35
R01577,WP016,Mappedu,1,3262,8,WORKING,NORMAL,,2026-06-27 10:21:54
R01578,WP016,Mappedu,1,3003,11,WORKING,NORMAL,,2026-06-30 08:14:57
R01579,WP016,Mappedu,1,2246,14,WORKING,NORMAL,,2026-07-21 19:35:47
R01580,WP016,Mappedu,0,0,0,NOT_WORKING,CRITICAL,Zero flow detected,2026-07-14 16:47:50
R01581,WP016,Mappedu,1,2885,6,WORKING,NORMAL,,2026-07-11 09:26:00
R01582,WP016,Mappedu,1,1020,7,WORKING,NORMAL,,2026-07-14 03:24:10
R01583,WP016,Mappedu,1,1319,6,WORKING,NORMAL,,2026-07-08 16:31:03
R01584,WP016,Mappedu,1,1556,8,WORKING,NORMAL,,2026-07-03 19:11:00
R01585,WP016,Mappedu,1,2645,6,WORKING,NORMAL,,2026-07-26 03:46:24
R01586,WP016,Mappedu,1,2785,11,WORKING,NORMAL,,2026-07-18 14:05:38
R01587,WP016,Mappedu,1,1889,10,WORKING,NORMAL,,2026-07-23 16:35:52
R01588,WP016,Mappedu,1,3435,11,WORKING,NORMAL,,2026-07-13 00:03:27
R01589,WP016,Mappedu,1,1926,9,WORKING,NORMAL,,2026-06-28 13:56:41
R01590,WP016,Mappedu,1,3173,14,WORKING,NORMAL,,2026-07-12 20:33:56
R01591,WP016,Mappedu,1,3386,8,WORKING,NORMAL,,2026-07-09 09:00:23
R01592,WP016,Mappedu,1,2245,7,WORKING,NORMAL,,2026-07-11 08:57:07
R01593,WP016,Mappedu,1,1808,13,WORKING,NORMAL,,2026-07-26 02:15:21
R01594,WP016,Mappedu,1,2124,12,WORKING,NORMAL,,2026-06-28 11:47:54
R01595,WP016,Mappedu,1,2358,9,WORKING,NORMAL,,2026-07-09 21:01:07
R01596,WP016,Mappedu,1,1109,6,WORKING,NORMAL,,2026-07-06 19:54:29
R01597,WP016,Mappedu,1,2679,12,WORKING,NORMAL,,2026-07-01 22:11:02
R01598,WP016,Mappedu,1,3761,14,WORKING,NORMAL,,2026-06-26 22:02:27
R01599,WP016,Mappedu,1,1923,14,WORKING,NORMAL,,2026-07-13 12:12:22
R01600,WP016,Mappedu,1,2308,8,WORKING,NORMAL,,2026-06-29 17:24:26
R01601,WP017,Perambakkam,1,1326,12,WORKING,NORMAL,,2026-07-19 00:32:57
R01602,WP017,Perambakkam,1,3884,13,WORKING,NORMAL,,2026-07-14 10:04:09
R01603,WP017,Perambakkam,1,1733,10,WORKING,NORMAL,,2026-07-04 06:12:48
R01604,WP017,Perambakkam,1,3407,6,WORKING,NORMAL,,2026-07-11 23:24:23
R01605,WP017,Perambakkam,1,1117,13,WORKING,NORMAL,,2026-07-09 11:41:13
R01606,WP017,Perambakkam,1,1992,10,WORKING,NORMAL,,2026-07-08 12:17:58
R01607,WP017,Perambakkam,1,2684,5,WORKING,NORMAL,,2026-07-13 07:32:31
R01608,WP017,Perambakkam,1,1836,6,WORKING,NORMAL,,2026-07-10 01:05:59
R01609,WP017,Perambakkam,1,2779,11,WORKING,NORMAL,,2026-07-19 18:38:15
R01610,WP017,Perambakkam,1,2088,14,WORKING,NORMAL,,2026-07-10 06:10:45
R01611,WP017,Perambakkam,1,1104,12,WORKING,NORMAL,,2026-07-13 02:58:48
R01612,WP017,Perambakkam,1,306,4,LOW_FLOW,MEDIUM,Flow below operational threshold,2026-07-12 04:06:39
R01613,WP017,Perambakkam,1,3020,14,WORKING,NORMAL,,2026-07-19 18:51:09
R01614,WP017,Perambakkam,0,0,0,NOT_WORKING,CRITICAL,Zero flow detected,2026-06-28 01:12:56
R01615,WP017,Perambakkam,1,2301,6,WORKING,NORMAL,,2026-07-06 12:05:09
R01616,WP017,Perambakkam,1,505,3,LOW_FLOW,MEDIUM,Flow below operational threshold,2026-07-17 04:40:28
R01617,WP017,Perambakkam,1,1343,14,WORKING,NORMAL,,2026-07-06 18:09:17
R01618,WP017,Perambakkam,0,0,0,NOT_WORKING,CRITICAL,Zero flow detected,2026-07-14 15:50:32
R01619,WP017,Perambakkam,1,2462,10,WORKING,NORMAL,,2026-06-27 22:15:29
R01620,WP017,Perambakkam,1,2445,13,WORKING,NORMAL,,2026-07-08 06:54:42
R01621,WP017,Perambakkam,1,1616,5,WORKING,NORMAL,,2026-07-03 05:30:06
R01622,WP017,Perambakkam,1,3227,8,WORKING,NORMAL,,2026-07-25 17:05:13
R01623,WP017,Perambakkam,1,1711,11,WORKING,NORMAL,,2026-06-30 21:28:45
R01624,WP017,Perambakkam,1,3261,11,WORKING,NORMAL,,2026-07-03 01:54:23
R01625,WP017,Perambakkam,1,3779,7,WORKING,NORMAL,,2026-07-11 17:59:24
R01626,WP017,Perambakkam,1,2108,8,WORKING,NORMAL,,2026-06-28 18:29:26
R01627,WP017,Perambakkam,1,3306,8,WORKING,NORMAL,,2026-07-13 19:17:20
R01628,WP017,Perambakkam,1,2498,9,WORKING,NORMAL,,2026-07-18 12:38:40
R01629,WP017,Perambakkam,1,3241,11,WORKING,NORMAL,,2026-07-10 21:14:01
R01630,WP017,Perambakkam,1,2788,9,WORKING,NORMAL,,2026-07-06 22:08:38
R01631,WP017,Perambakkam,0,0,0,NOT_WORKING,CRITICAL,Zero flow detected,2026-07-13 08:27:01
R01632,WP017,Perambakkam,1,369,5,LOW_FLOW,MEDIUM,Flow below operational threshold,2026-07-08 02:56:37
R01633,WP017,Perambakkam,1,3249,12,WORKING,NORMAL,,2026-07-08 10:11:46
R01634,WP017,Perambakkam,1,3385,6,WORKING,NORMAL,,2026-07-12 12:07:35
R01635,WP017,Perambakkam,0,0,0,NOT_WORKING,CRITICAL,Zero flow detected,2026-07-02 09:54:54
R01636,WP017,Perambakkam,1,2474,8,WORKING,NORMAL,,2026-07-22 11:47:43
R01637,WP017,Perambakkam,1,2241,7,WORKING,NORMAL,,2026-06-27 15:37:39
R01638,WP017,Perambakkam,1,2905,8,WORKING,NORMAL,,2026-07-01 07:57:46
R01639,WP017,Perambakkam,1,1767,9,WORKING,NORMAL,,2026-07-17 23:26:46
R01640,WP017,Perambakkam,1,1709,6,WORKING,NORMAL,,2026-06-29 15:35:12
R01641,WP017,Perambakkam,1,2198,7,WORKING,NORMAL,,2026-07-01 21:30:49
R01642,WP017,Perambakkam,1,3604,6,WORKING,NORMAL,,2026-07-21 14:59:00
R01643,WP017,Perambakkam,1,1776,5,WORKING,NORMAL,,2026-07-09 08:31:25
R01644,WP017,Perambakkam,1,2907,8,WORKING,NORMAL,,2026-07-09 11:27:44
R01645,WP017,Perambakkam,1,230,1,LOW_FLOW,MEDIUM,Flow below operational threshold,2026-07-12 07:15:30
R01646,WP017,Perambakkam,1,1715,8,WORKING,NORMAL,,2026-07-12 09:11:16
R01647,WP017,Perambakkam,1,3719,12,WORKING,NORMAL,,2026-07-20 05:27:05
R01648,WP017,Perambakkam,1,3212,5,WORKING,NORMAL,,2026-07-24 17:55:09
R01649,WP017,Perambakkam,1,1314,10,WORKING,NORMAL,,2026-07-08 14:49:03
R01650,WP017,Perambakkam,1,3541,14,WORKING,NORMAL,,2026-07-05 08:41:53
R01651,WP017,Perambakkam,1,2322,13,WORKING,NORMAL,,2026-07-20 04:38:23
R01652,WP017,Perambakkam,1,2077,13,WORKING,NORMAL,,2026-07-20 01:18:20
R01653,WP017,Perambakkam,1,2402,7,WORKING,NORMAL,,2026-07-17 18:07:40
R01654,WP017,Perambakkam,1,2267,10,WORKING,NORMAL,,2026-07-02 09:17:48
R01655,WP017,Perambakkam,1,2508,14,WORKING,NORMAL,,2026-06-29 09:39:06
R01656,WP017,Perambakkam,1,1360,11,WORKING,NORMAL,,2026-07-11 22:55:07
R01657,WP017,Perambakkam,1,631,2,LOW_FLOW,MEDIUM,Flow below operational threshold,2026-07-24 19:35:36
R01658,WP017,Perambakkam,1,3795,7,WORKING,NORMAL,,2026-07-03 05:55:04
R01659,WP017,Perambakkam,1,337,1,LOW_FLOW,MEDIUM,Flow below operational threshold,2026-07-22 17:04:32
R01660,WP017,Perambakkam,1,2651,7,WORKING,NORMAL,,2026-07-12 03:38:03
R01661,WP017,Perambakkam,1,621,5,LOW_FLOW,MEDIUM,Flow below operational threshold,2026-06-28 13:11:32
R01662,WP017,Perambakkam,1,2501,6,WORKING,NORMAL,,2026-07-07 21:17:42
R01663,WP017,Perambakkam,1,1044,5,WORKING,NORMAL,,2026-07-23 11:56:51
R01664,WP017,Perambakkam,1,2031,10,WORKING,NORMAL,,2026-06-29 14:48:40
R01665,WP017,Perambakkam,1,3930,7,WORKING,NORMAL,,2026-07-21 11:33:45
R01666,WP017,Perambakkam,1,2501,6,WORKING,NORMAL,,2026-07-09 11:06:07
R01667,WP017,Perambakkam,1,896,4,LOW_FLOW,MEDIUM,Flow below operational threshold,2026-06-28 03:48:40
R01668,WP017,Perambakkam,1,2029,8,WORKING,NORMAL,,2026-07-09 19:45:53
R01669,WP017,Perambakkam,1,2334,10,WORKING,NORMAL,,2026-07-08 05:16:54
R01670,WP017,Perambakkam,1,2754,11,WORKING,NORMAL,,2026-06-29 06:52:07
R01671,WP017,Perambakkam,1,812,2,LOW_FLOW,MEDIUM,Flow below operational threshold,2026-07-20 19:51:37
R01672,WP017,Perambakkam,1,2483,9,WORKING,NORMAL,,2026-07-13 09:00:14
R01673,WP017,Perambakkam,1,1172,8,WORKING,NORMAL,,2026-07-15 03:20:07
R01674,WP017,Perambakkam,1,1676,11,WORKING,NORMAL,,2026-07-15 23:44:26
R01675,WP017,Perambakkam,1,1163,10,WORKING,NORMAL,,2026-07-07 08:18:56
R01676,WP017,Perambakkam,1,2831,14,WORKING,NORMAL,,2026-07-15 13:11:46
R01677,WP017,Perambakkam,1,3766,13,WORKING,NORMAL,,2026-07-12 03:26:50
R01678,WP017,Perambakkam,0,0,0,NOT_WORKING,CRITICAL,Zero flow detected,2026-07-19 12:29:17
R01679,WP017,Perambakkam,1,2828,12,WORKING,NORMAL,,2026-06-28 06:47:17
R01680,WP017,Perambakkam,1,2500,13,WORKING,NORMAL,,2026-06-30 10:32:00
R01681,WP017,Perambakkam,1,401,5,LOW_FLOW,MEDIUM,Flow below operational threshold,2026-07-02 10:22:18
R01682,WP017,Perambakkam,1,3844,14,WORKING,NORMAL,,2026-07-19 14:43:42
R01683,WP017,Perambakkam,1,1288,8,WORKING,NORMAL,,2026-07-06 04:08:39
R01684,WP017,Perambakkam,1,2524,6,WORKING,NORMAL,,2026-07-06 03:44:28
R01685,WP017,Perambakkam,1,3194,9,WORKING,NORMAL,,2026-06-30 05:05:37
R01686,WP017,Perambakkam,1,1013,11,WORKING,NORMAL,,2026-07-01 19:38:11
R01687,WP017,Perambakkam,1,532,4,LOW_FLOW,MEDIUM,Flow below operational threshold,2026-07-08 23:48:54
R01688,WP017,Perambakkam,1,2923,7,WORKING,NORMAL,,2026-07-24 11:31:07
R01689,WP017,Perambakkam,1,300,4,LOW_FLOW,MEDIUM,Flow below operational threshold,2026-07-25 18:48:41
R01690,WP017,Perambakkam,1,2773,10,WORKING,NORMAL,,2026-07-23 04:34:29
R01691,WP017,Perambakkam,1,2381,7,WORKING,NORMAL,,2026-07-26 14:14:00
R01692,WP017,Perambakkam,1,3971,10,WORKING,NORMAL,,2026-07-08 21:31:12
R01693,WP017,Perambakkam,1,2230,8,WORKING,NORMAL,,2026-07-25 02:23:00
R01694,WP017,Perambakkam,1,1536,11,WORKING,NORMAL,,2026-07-22 06:06:02
R01695,WP017,Perambakkam,1,2961,9,WORKING,NORMAL,,2026-07-06 18:21:40
R01696,WP017,Perambakkam,1,2408,11,WORKING,NORMAL,,2026-07-16 02:53:29
R01697,WP017,Perambakkam,1,1858,10,WORKING,NORMAL,,2026-07-08 02:43:39
R01698,WP017,Perambakkam,1,2782,14,WORKING,NORMAL,,2026-07-26 16:56:47
R01699,WP017,Perambakkam,1,2816,10,WORKING,NORMAL,,2026-07-25 14:09:19
R01700,WP017,Perambakkam,1,3817,9,WORKING,NORMAL,,2026-07-13 01:38:44
R01701,WP018,Katchur,1,2739,8,WORKING,NORMAL,,2026-07-20 00:27:06
R01702,WP018,Katchur,1,1129,13,WORKING,NORMAL,,2026-07-26 08:34:23
R01703,WP018,Katchur,1,1185,12,WORKING,NORMAL,,2026-07-10 06:41:40
R01704,WP018,Katchur,1,2705,12,WORKING,NORMAL,,2026-07-14 01:05:55
R01705,WP018,Katchur,0,0,0,NOT_WORKING,CRITICAL,Zero flow detected,2026-07-25 20:49:35
R01706,WP018,Katchur,1,1794,9,WORKING,NORMAL,,2026-07-09 18:08:09
R01707,WP018,Katchur,0,0,0,NOT_WORKING,CRITICAL,Zero flow detected,2026-07-11 19:24:47
R01708,WP018,Katchur,1,2675,11,WORKING,NORMAL,,2026-07-21 08:55:22
R01709,WP018,Katchur,1,1431,6,WORKING,NORMAL,,2026-07-05 00:09:26
R01710,WP018,Katchur,0,0,0,NOT_WORKING,CRITICAL,Zero flow detected,2026-07-21 05:07:18
R01711,WP018,Katchur,1,710,5,LOW_FLOW,MEDIUM,Flow below operational threshold,2026-07-21 00:38:54
R01712,WP018,Katchur,0,0,0,NOT_WORKING,CRITICAL,Zero flow detected,2026-07-15 22:55:11
R01713,WP018,Katchur,1,2817,13,WORKING,NORMAL,,2026-07-13 07:56:21
R01714,WP018,Katchur,1,3567,8,WORKING,NORMAL,,2026-06-28 22:46:34
R01715,WP018,Katchur,1,546,2,LOW_FLOW,MEDIUM,Flow below operational threshold,2026-06-27 07:51:30
R01716,WP018,Katchur,1,3124,13,WORKING,NORMAL,,2026-07-18 03:02:16
R01717,WP018,Katchur,1,3900,13,WORKING,NORMAL,,2026-07-25 23:06:53
R01718,WP018,Katchur,1,2243,8,WORKING,NORMAL,,2026-07-12 08:56:38
R01719,WP018,Katchur,1,693,2,LOW_FLOW,MEDIUM,Flow below operational threshold,2026-07-26 09:27:11
R01720,WP018,Katchur,1,2636,14,WORKING,NORMAL,,2026-07-25 08:16:51
R01721,WP018,Katchur,1,2002,14,WORKING,NORMAL,,2026-07-15 18:12:20
R01722,WP018,Katchur,1,1567,10,WORKING,NORMAL,,2026-06-29 07:51:04
R01723,WP018,Katchur,1,417,2,LOW_FLOW,MEDIUM,Flow below operational threshold,2026-06-27 01:13:34
R01724,WP018,Katchur,1,230,1,LOW_FLOW,MEDIUM,Flow below operational threshold,2026-07-19 15:48:23
R01725,WP018,Katchur,1,3491,6,WORKING,NORMAL,,2026-06-28 16:35:02
R01726,WP018,Katchur,1,2391,12,WORKING,NORMAL,,2026-07-25 14:53:21
R01727,WP018,Katchur,1,1709,12,WORKING,NORMAL,,2026-07-15 00:20:02
R01728,WP018,Katchur,1,1820,7,WORKING,NORMAL,,2026-07-23 09:33:16
R01729,WP018,Katchur,1,1203,13,WORKING,NORMAL,,2026-07-24 10:27:32
R01730,WP018,Katchur,1,2727,6,WORKING,NORMAL,,2026-06-29 07:33:05
R01731,WP018,Katchur,1,2850,7,WORKING,NORMAL,,2026-06-30 06:03:59
R01732,WP018,Katchur,1,1720,5,WORKING,NORMAL,,2026-07-11 11:49:58
R01733,WP018,Katchur,1,3178,14,WORKING,NORMAL,,2026-07-17 10:22:46
R01734,WP018,Katchur,1,2909,14,WORKING,NORMAL,,2026-07-07 00:05:16
R01735,WP018,Katchur,1,2973,8,WORKING,NORMAL,,2026-07-09 07:19:09
R01736,WP018,Katchur,1,1661,5,WORKING,NORMAL,,2026-07-02 10:34:11
R01737,WP018,Katchur,1,2969,9,WORKING,NORMAL,,2026-07-11 20:30:31
R01738,WP018,Katchur,1,1567,5,WORKING,NORMAL,,2026-07-20 12:41:11
R01739,WP018,Katchur,1,1214,8,WORKING,NORMAL,,2026-07-21 18:09:53
R01740,WP018,Katchur,1,3079,8,WORKING,NORMAL,,2026-07-03 23:02:02
R01741,WP018,Katchur,1,2091,12,WORKING,NORMAL,,2026-07-02 08:57:26
R01742,WP018,Katchur,1,1004,13,WORKING,NORMAL,,2026-07-19 05:24:33
R01743,WP018,Katchur,1,2673,9,WORKING,NORMAL,,2026-07-01 01:23:43
R01744,WP018,Katchur,1,1067,6,WORKING,NORMAL,,2026-07-09 02:09:35
R01745,WP018,Katchur,1,402,5,LOW_FLOW,MEDIUM,Flow below operational threshold,2026-07-19 03:56:59
R01746,WP018,Katchur,1,3692,9,WORKING,NORMAL,,2026-07-20 01:15:57
R01747,WP018,Katchur,0,0,0,NOT_WORKING,CRITICAL,Zero flow detected,2026-07-24 09:10:13
R01748,WP018,Katchur,1,1293,8,WORKING,NORMAL,,2026-07-06 17:40:47
R01749,WP018,Katchur,1,900,5,LOW_FLOW,MEDIUM,Flow below operational threshold,2026-07-12 23:02:20
R01750,WP018,Katchur,1,564,5,LOW_FLOW,MEDIUM,Flow below operational threshold,2026-06-28 03:27:32
R01751,WP018,Katchur,1,1928,10,WORKING,NORMAL,,2026-07-05 19:04:41
R01752,WP018,Katchur,1,3054,10,WORKING,NORMAL,,2026-07-21 07:29:04
R01753,WP018,Katchur,1,3148,12,WORKING,NORMAL,,2026-07-07 21:28:18
R01754,WP018,Katchur,1,3765,10,WORKING,NORMAL,,2026-07-22 09:23:49
R01755,WP018,Katchur,1,3613,8,WORKING,NORMAL,,2026-07-26 14:54:24
R01756,WP018,Katchur,1,2925,5,WORKING,NORMAL,,2026-07-05 07:57:15
R01757,WP018,Katchur,1,1972,10,WORKING,NORMAL,,2026-07-09 10:35:09
R01758,WP018,Katchur,1,1715,8,WORKING,NORMAL,,2026-07-23 05:14:14
R01759,WP018,Katchur,1,3851,10,WORKING,NORMAL,,2026-07-21 04:31:34
R01760,WP018,Katchur,1,1380,6,WORKING,NORMAL,,2026-07-18 12:06:13
R01761,WP018,Katchur,1,3868,14,WORKING,NORMAL,,2026-07-04 03:11:26
R01762,WP018,Katchur,1,1133,5,WORKING,NORMAL,,2026-06-29 08:41:47
R01763,WP018,Katchur,1,2807,13,WORKING,NORMAL,,2026-07-01 08:32:11
R01764,WP018,Katchur,1,1661,14,WORKING,NORMAL,,2026-07-15 00:40:02
R01765,WP018,Katchur,1,336,3,LOW_FLOW,MEDIUM,Flow below operational threshold,2026-07-20 07:29:45
R01766,WP018,Katchur,1,2754,12,WORKING,NORMAL,,2026-07-09 02:32:02
R01767,WP018,Katchur,1,438,5,LOW_FLOW,MEDIUM,Flow below operational threshold,2026-07-17 10:32:38
R01768,WP018,Katchur,1,3401,13,WORKING,NORMAL,,2026-07-15 14:49:49
R01769,WP018,Katchur,1,1562,8,WORKING,NORMAL,,2026-07-11 23:18:10
R01770,WP018,Katchur,1,2545,8,WORKING,NORMAL,,2026-06-29 16:15:59
R01771,WP018,Katchur,1,1138,5,WORKING,NORMAL,,2026-07-11 22:37:59
R01772,WP018,Katchur,1,3082,11,WORKING,NORMAL,,2026-07-15 03:59:47
R01773,WP018,Katchur,1,2393,7,WORKING,NORMAL,,2026-07-16 22:30:54
R01774,WP018,Katchur,0,0,0,NOT_WORKING,CRITICAL,Zero flow detected,2026-07-22 06:28:29
R01775,WP018,Katchur,1,3223,9,WORKING,NORMAL,,2026-07-03 21:22:56
R01776,WP018,Katchur,1,2739,11,WORKING,NORMAL,,2026-07-23 03:26:17
R01777,WP018,Katchur,1,2328,9,WORKING,NORMAL,,2026-07-02 13:15:24
R01778,WP018,Katchur,1,1999,12,WORKING,NORMAL,,2026-06-29 18:25:37
R01779,WP018,Katchur,1,1072,10,WORKING,NORMAL,,2026-07-13 23:16:02
R01780,WP018,Katchur,1,1789,8,WORKING,NORMAL,,2026-06-29 13:49:52
R01781,WP018,Katchur,1,3172,10,WORKING,NORMAL,,2026-06-27 10:26:29
R01782,WP018,Katchur,1,1594,14,WORKING,NORMAL,,2026-06-28 23:00:42
R01783,WP018,Katchur,1,2393,5,WORKING,NORMAL,,2026-06-30 13:37:34
R01784,WP018,Katchur,1,1522,13,WORKING,NORMAL,,2026-07-23 11:41:27
R01785,WP018,Katchur,1,2889,11,WORKING,NORMAL,,2026-06-30 04:36:41
R01786,WP018,Katchur,1,3266,9,WORKING,NORMAL,,2026-07-23 12:04:18
R01787,WP018,Katchur,1,963,1,LOW_FLOW,MEDIUM,Flow below operational threshold,2026-07-20 06:58:19
R01788,WP018,Katchur,1,2500,6,WORKING,NORMAL,,2026-07-08 16:31:40
R01789,WP018,Katchur,0,0,0,NOT_WORKING,CRITICAL,Zero flow detected,2026-06-28 00:53:43
R01790,WP018,Katchur,1,2239,11,WORKING,NORMAL,,2026-06-26 20:25:05
R01791,WP018,Katchur,1,2222,11,WORKING,NORMAL,,2026-07-08 04:49:11
R01792,WP018,Katchur,1,3719,12,WORKING,NORMAL,,2026-07-17 07:05:20
R01793,WP018,Katchur,1,3666,13,WORKING,NORMAL,,2026-07-15 02:57:01
R01794,WP018,Katchur,1,2747,9,WORKING,NORMAL,,2026-07-05 07:57:56
R01795,WP018,Katchur,1,1460,8,WORKING,NORMAL,,2026-07-17 14:35:00
R01796,WP018,Katchur,1,2081,8,WORKING,NORMAL,,2026-07-06 12:39:24
R01797,WP018,Katchur,1,2182,7,WORKING,NORMAL,,2026-07-17 20:38:25
R01798,WP018,Katchur,1,789,5,LOW_FLOW,MEDIUM,Flow below operational threshold,2026-07-20 18:46:50
R01799,WP018,Katchur,1,2306,11,WORKING,NORMAL,,2026-07-11 09:49:33
R01800,WP018,Katchur,1,2058,8,WORKING,NORMAL,,2026-07-20 02:11:15
R01801,WP019,Mappedu,1,2521,13,WORKING,NORMAL,,2026-07-25 21:36:18
R01802,WP019,Mappedu,1,3541,14,WORKING,NORMAL,,2026-07-09 17:57:48
R01803,WP019,Mappedu,1,2948,10,WORKING,NORMAL,,2026-07-21 23:58:00
R01804,WP019,Mappedu,1,3921,10,WORKING,NORMAL,,2026-07-06 11:15:44
R01805,WP019,Mappedu,1,3899,9,WORKING,NORMAL,,2026-07-12 17:17:43
R01806,WP019,Mappedu,1,2197,7,WORKING,NORMAL,,2026-07-06 21:43:24
R01807,WP019,Mappedu,1,917,1,LOW_FLOW,MEDIUM,Flow below operational threshold,2026-07-20 21:55:54
R01808,WP019,Mappedu,1,2185,14,WORKING,NORMAL,,2026-07-21 00:54:50
R01809,WP019,Mappedu,1,3495,7,WORKING,NORMAL,,2026-07-14 02:53:43
R01810,WP019,Mappedu,1,3441,5,WORKING,NORMAL,,2026-07-01 02:44:38
R01811,WP019,Mappedu,1,2978,11,WORKING,NORMAL,,2026-06-26 21:40:22
R01812,WP019,Mappedu,1,614,1,LOW_FLOW,MEDIUM,Flow below operational threshold,2026-07-09 01:04:49
R01813,WP019,Mappedu,1,3208,10,WORKING,NORMAL,,2026-07-03 17:14:10
R01814,WP019,Mappedu,1,2477,7,WORKING,NORMAL,,2026-07-06 00:54:53
R01815,WP019,Mappedu,1,2238,9,WORKING,NORMAL,,2026-07-06 22:39:22
R01816,WP019,Mappedu,1,1910,10,WORKING,NORMAL,,2026-07-15 00:52:39
R01817,WP019,Mappedu,1,980,5,LOW_FLOW,MEDIUM,Flow below operational threshold,2026-07-11 09:50:21
R01818,WP019,Mappedu,1,3938,12,WORKING,NORMAL,,2026-07-05 07:40:01
R01819,WP019,Mappedu,1,2337,5,WORKING,NORMAL,,2026-07-10 04:17:34
R01820,WP019,Mappedu,0,0,0,NOT_WORKING,CRITICAL,Zero flow detected,2026-06-26 17:43:51
R01821,WP019,Mappedu,1,2797,9,WORKING,NORMAL,,2026-07-20 13:22:37
R01822,WP019,Mappedu,1,3685,6,WORKING,NORMAL,,2026-07-07 04:41:05
R01823,WP019,Mappedu,1,3068,12,WORKING,NORMAL,,2026-07-14 10:57:33
R01824,WP019,Mappedu,1,2726,8,WORKING,NORMAL,,2026-07-26 10:41:12
R01825,WP019,Mappedu,1,3402,9,WORKING,NORMAL,,2026-07-21 05:23:31
R01826,WP019,Mappedu,1,277,4,LOW_FLOW,MEDIUM,Flow below operational threshold,2026-07-03 11:41:31
R01827,WP019,Mappedu,1,1519,11,WORKING,NORMAL,,2026-07-05 16:28:11
R01828,WP019,Mappedu,1,1269,9,WORKING,NORMAL,,2026-07-08 06:11:05
R01829,WP019,Mappedu,1,2051,14,WORKING,NORMAL,,2026-07-18 14:27:05
R01830,WP019,Mappedu,1,1051,11,WORKING,NORMAL,,2026-07-25 20:41:46
R01831,WP019,Mappedu,1,3753,7,WORKING,NORMAL,,2026-07-23 14:23:11
R01832,WP019,Mappedu,1,1070,11,WORKING,NORMAL,,2026-07-03 01:14:16
R01833,WP019,Mappedu,1,1130,10,WORKING,NORMAL,,2026-07-13 00:41:49
R01834,WP019,Mappedu,1,2522,9,WORKING,NORMAL,,2026-07-18 18:29:19
R01835,WP019,Mappedu,1,2124,12,WORKING,NORMAL,,2026-07-23 06:52:57
R01836,WP019,Mappedu,1,1506,14,WORKING,NORMAL,,2026-07-08 10:08:55
R01837,WP019,Mappedu,1,3994,9,WORKING,NORMAL,,2026-07-10 11:46:07
R01838,WP019,Mappedu,1,3022,9,WORKING,NORMAL,,2026-07-25 04:40:04
R01839,WP019,Mappedu,1,364,4,LOW_FLOW,MEDIUM,Flow below operational threshold,2026-07-08 05:50:18
R01840,WP019,Mappedu,1,3827,12,WORKING,NORMAL,,2026-07-01 00:42:12
R01841,WP019,Mappedu,1,3363,10,WORKING,NORMAL,,2026-07-14 16:22:10
R01842,WP019,Mappedu,1,3073,12,WORKING,NORMAL,,2026-07-26 16:52:56
R01843,WP019,Mappedu,1,2227,5,WORKING,NORMAL,,2026-07-01 12:52:29
R01844,WP019,Mappedu,1,1069,14,WORKING,NORMAL,,2026-06-29 13:12:03
R01845,WP019,Mappedu,1,2126,6,WORKING,NORMAL,,2026-07-03 16:25:59
R01846,WP019,Mappedu,1,3238,8,WORKING,NORMAL,,2026-07-14 04:20:44
R01847,WP019,Mappedu,1,206,1,LOW_FLOW,MEDIUM,Flow below operational threshold,2026-07-13 18:01:58
R01848,WP019,Mappedu,1,2689,9,WORKING,NORMAL,,2026-06-29 13:18:13
R01849,WP019,Mappedu,1,1824,5,WORKING,NORMAL,,2026-07-26 09:41:54
R01850,WP019,Mappedu,1,3254,14,WORKING,NORMAL,,2026-07-20 08:07:24
R01851,WP019,Mappedu,1,3268,6,WORKING,NORMAL,,2026-07-19 13:59:22
R01852,WP019,Mappedu,1,1483,7,WORKING,NORMAL,,2026-06-28 12:44:39
R01853,WP019,Mappedu,1,1956,12,WORKING,NORMAL,,2026-07-21 23:06:33
R01854,WP019,Mappedu,1,3528,8,WORKING,NORMAL,,2026-07-05 17:24:23
R01855,WP019,Mappedu,1,1798,10,WORKING,NORMAL,,2026-07-19 14:20:44
R01856,WP019,Mappedu,1,1415,6,WORKING,NORMAL,,2026-07-07 12:19:40
R01857,WP019,Mappedu,1,2485,11,WORKING,NORMAL,,2026-07-17 19:07:11
R01858,WP019,Mappedu,1,3941,7,WORKING,NORMAL,,2026-07-19 21:10:21
R01859,WP019,Mappedu,1,2491,10,WORKING,NORMAL,,2026-07-13 17:47:49
R01860,WP019,Mappedu,1,3275,6,WORKING,NORMAL,,2026-07-10 06:16:09
R01861,WP019,Mappedu,1,2264,7,WORKING,NORMAL,,2026-07-13 05:09:34
R01862,WP019,Mappedu,1,1196,14,WORKING,NORMAL,,2026-07-10 23:49:34
R01863,WP019,Mappedu,1,484,2,LOW_FLOW,MEDIUM,Flow below operational threshold,2026-07-07 17:41:33
R01864,WP019,Mappedu,1,1233,5,WORKING,NORMAL,,2026-07-15 00:06:04
R01865,WP019,Mappedu,1,2728,13,WORKING,NORMAL,,2026-06-28 05:11:28
R01866,WP019,Mappedu,1,2473,5,WORKING,NORMAL,,2026-07-24 04:13:40
R01867,WP019,Mappedu,1,3011,6,WORKING,NORMAL,,2026-07-08 17:42:03
R01868,WP019,Mappedu,1,3564,13,WORKING,NORMAL,,2026-07-12 12:23:08
R01869,WP019,Mappedu,1,2698,6,WORKING,NORMAL,,2026-07-15 13:49:42
R01870,WP019,Mappedu,1,2866,5,WORKING,NORMAL,,2026-07-08 02:44:51
R01871,WP019,Mappedu,1,367,1,LOW_FLOW,MEDIUM,Flow below operational threshold,2026-07-10 06:21:07
R01872,WP019,Mappedu,1,1843,14,WORKING,NORMAL,,2026-06-29 04:29:11
R01873,WP019,Mappedu,1,3243,12,WORKING,NORMAL,,2026-07-04 16:54:05
R01874,WP019,Mappedu,1,3445,10,WORKING,NORMAL,,2026-07-01 13:48:37
R01875,WP019,Mappedu,1,1530,8,WORKING,NORMAL,,2026-07-25 06:46:57
R01876,WP019,Mappedu,1,2687,13,WORKING,NORMAL,,2026-07-02 20:21:48
R01877,WP019,Mappedu,0,0,0,NOT_WORKING,CRITICAL,Zero flow detected,2026-07-05 04:28:03
R01878,WP019,Mappedu,1,3261,11,WORKING,NORMAL,,2026-07-21 07:16:17
R01879,WP019,Mappedu,1,2968,5,WORKING,NORMAL,,2026-07-11 11:13:13
R01880,WP019,Mappedu,1,3211,10,WORKING,NORMAL,,2026-07-08 01:38:06
R01881,WP019,Mappedu,1,395,5,LOW_FLOW,MEDIUM,Flow below operational threshold,2026-06-30 02:22:50
R01882,WP019,Mappedu,1,1493,9,WORKING,NORMAL,,2026-07-12 05:31:16
R01883,WP019,Mappedu,1,1525,6,WORKING,NORMAL,,2026-07-10 12:35:55
R01884,WP019,Mappedu,1,1800,14,WORKING,NORMAL,,2026-07-07 05:16:47
R01885,WP019,Mappedu,1,434,4,LOW_FLOW,MEDIUM,Flow below operational threshold,2026-07-02 22:47:58
R01886,WP019,Mappedu,1,1861,7,WORKING,NORMAL,,2026-07-18 20:38:36
R01887,WP019,Mappedu,1,1041,13,WORKING,NORMAL,,2026-07-25 06:41:23
R01888,WP019,Mappedu,1,1489,6,WORKING,NORMAL,,2026-07-01 18:08:12
R01889,WP019,Mappedu,1,2563,12,WORKING,NORMAL,,2026-07-01 01:53:03
R01890,WP019,Mappedu,1,3817,5,WORKING,NORMAL,,2026-07-22 10:27:19
R01891,WP019,Mappedu,1,1979,8,WORKING,NORMAL,,2026-07-18 23:47:34
R01892,WP019,Mappedu,1,3380,5,WORKING,NORMAL,,2026-07-06 19:51:15
R01893,WP019,Mappedu,1,3716,10,WORKING,NORMAL,,2026-06-28 04:14:55
R01894,WP019,Mappedu,1,1386,6,WORKING,NORMAL,,2026-07-10 17:14:24
R01895,WP019,Mappedu,1,2095,12,WORKING,NORMAL,,2026-06-30 03:31:38
R01896,WP019,Mappedu,1,3344,8,WORKING,NORMAL,,2026-07-23 07:31:02
R01897,WP019,Mappedu,1,2232,5,WORKING,NORMAL,,2026-07-05 06:57:10
R01898,WP019,Mappedu,1,3614,14,WORKING,NORMAL,,2026-07-07 18:45:10
R01899,WP019,Mappedu,1,3269,9,WORKING,NORMAL,,2026-06-28 08:04:49
R01900,WP019,Mappedu,0,0,0,NOT_WORKING,CRITICAL,Zero flow detected,2026-06-30 06:56:18
R01901,WP020,Perambakkam,1,373,1,LOW_FLOW,MEDIUM,Flow below operational threshold,2026-07-13 13:05:18
R01902,WP020,Perambakkam,1,3394,6,WORKING,NORMAL,,2026-07-13 19:20:04
R01903,WP020,Perambakkam,1,1873,9,WORKING,NORMAL,,2026-07-15 21:03:26
R01904,WP020,Perambakkam,1,1857,12,WORKING,NORMAL,,2026-07-18 09:43:19
R01905,WP020,Perambakkam,1,1848,14,WORKING,NORMAL,,2026-07-18 05:49:39
R01906,WP020,Perambakkam,1,3013,9,WORKING,NORMAL,,2026-07-21 12:26:44
R01907,WP020,Perambakkam,1,1213,7,WORKING,NORMAL,,2026-07-04 12:33:20
R01908,WP020,Perambakkam,1,2126,10,WORKING,NORMAL,,2026-06-27 04:47:50
R01909,WP020,Perambakkam,1,1951,9,WORKING,NORMAL,,2026-07-26 12:56:57
R01910,WP020,Perambakkam,1,1434,14,WORKING,NORMAL,,2026-06-29 02:47:12
R01911,WP020,Perambakkam,1,2957,9,WORKING,NORMAL,,2026-07-22 13:51:16
R01912,WP020,Perambakkam,1,1923,12,WORKING,NORMAL,,2026-07-19 12:20:05
R01913,WP020,Perambakkam,1,1732,12,WORKING,NORMAL,,2026-06-28 14:36:58
R01914,WP020,Perambakkam,1,3169,10,WORKING,NORMAL,,2026-07-23 10:54:17
R01915,WP020,Perambakkam,1,2210,12,WORKING,NORMAL,,2026-07-14 10:18:23
R01916,WP020,Perambakkam,1,1055,14,WORKING,NORMAL,,2026-07-08 18:49:13
R01917,WP020,Perambakkam,0,0,0,NOT_WORKING,CRITICAL,Zero flow detected,2026-06-30 04:08:31
R01918,WP020,Perambakkam,1,2614,12,WORKING,NORMAL,,2026-07-14 14:22:04
R01919,WP020,Perambakkam,1,949,3,LOW_FLOW,MEDIUM,Flow below operational threshold,2026-07-05 03:05:03
R01920,WP020,Perambakkam,1,2077,9,WORKING,NORMAL,,2026-07-16 08:34:39
R01921,WP020,Perambakkam,1,2369,10,WORKING,NORMAL,,2026-07-17 05:17:56
R01922,WP020,Perambakkam,1,3237,6,WORKING,NORMAL,,2026-07-24 22:16:19
R01923,WP020,Perambakkam,1,843,1,LOW_FLOW,MEDIUM,Flow below operational threshold,2026-07-23 06:19:23
R01924,WP020,Perambakkam,1,2902,14,WORKING,NORMAL,,2026-07-17 00:42:06
R01925,WP020,Perambakkam,1,3278,10,WORKING,NORMAL,,2026-06-28 15:15:44
R01926,WP020,Perambakkam,1,2336,8,WORKING,NORMAL,,2026-07-12 08:56:45
R01927,WP020,Perambakkam,1,3768,7,WORKING,NORMAL,,2026-07-21 03:59:41
R01928,WP020,Perambakkam,1,3621,9,WORKING,NORMAL,,2026-06-28 03:17:07
R01929,WP020,Perambakkam,1,720,5,LOW_FLOW,MEDIUM,Flow below operational threshold,2026-07-12 19:59:52
R01930,WP020,Perambakkam,1,2591,9,WORKING,NORMAL,,2026-06-27 02:11:55
R01931,WP020,Perambakkam,0,0,0,NOT_WORKING,CRITICAL,Zero flow detected,2026-07-16 20:03:10
R01932,WP020,Perambakkam,1,3715,13,WORKING,NORMAL,,2026-07-08 04:35:52
R01933,WP020,Perambakkam,1,2366,9,WORKING,NORMAL,,2026-07-14 07:17:04
R01934,WP020,Perambakkam,1,3242,6,WORKING,NORMAL,,2026-07-16 12:14:18
R01935,WP020,Perambakkam,1,1833,14,WORKING,NORMAL,,2026-07-03 21:22:06
R01936,WP020,Perambakkam,1,3875,6,WORKING,NORMAL,,2026-07-21 09:24:17
R01937,WP020,Perambakkam,1,1516,11,WORKING,NORMAL,,2026-07-22 15:52:12
R01938,WP020,Perambakkam,1,3415,13,WORKING,NORMAL,,2026-07-26 15:07:05
R01939,WP020,Perambakkam,1,2886,13,WORKING,NORMAL,,2026-07-01 03:25:55
R01940,WP020,Perambakkam,1,3236,11,WORKING,NORMAL,,2026-07-24 21:44:22
R01941,WP020,Perambakkam,1,2856,14,WORKING,NORMAL,,2026-07-14 19:34:14
R01942,WP020,Perambakkam,1,3650,14,WORKING,NORMAL,,2026-07-18 12:17:40
R01943,WP020,Perambakkam,1,1142,14,WORKING,NORMAL,,2026-07-02 13:48:01
R01944,WP020,Perambakkam,1,1535,7,WORKING,NORMAL,,2026-07-11 08:15:36
R01945,WP020,Perambakkam,1,1439,7,WORKING,NORMAL,,2026-07-26 02:12:46
R01946,WP020,Perambakkam,1,2937,14,WORKING,NORMAL,,2026-06-29 15:00:39
R01947,WP020,Perambakkam,1,2039,13,WORKING,NORMAL,,2026-07-16 20:38:43
R01948,WP020,Perambakkam,1,2143,11,WORKING,NORMAL,,2026-07-24 12:25:11
R01949,WP020,Perambakkam,1,3512,9,WORKING,NORMAL,,2026-07-03 17:43:44
R01950,WP020,Perambakkam,1,3316,11,WORKING,NORMAL,,2026-06-26 19:36:04
R01951,WP020,Perambakkam,1,2657,11,WORKING,NORMAL,,2026-07-14 21:07:56
R01952,WP020,Perambakkam,1,1307,14,WORKING,NORMAL,,2026-07-04 10:52:09
R01953,WP020,Perambakkam,1,435,5,LOW_FLOW,MEDIUM,Flow below operational threshold,2026-07-06 06:29:11
R01954,WP020,Perambakkam,1,3457,5,WORKING,NORMAL,,2026-06-27 02:24:03
R01955,WP020,Perambakkam,1,2642,14,WORKING,NORMAL,,2026-07-19 09:49:33
R01956,WP020,Perambakkam,1,3067,12,WORKING,NORMAL,,2026-07-13 19:47:43
R01957,WP020,Perambakkam,1,1425,7,WORKING,NORMAL,,2026-07-15 08:10:38
R01958,WP020,Perambakkam,1,3430,8,WORKING,NORMAL,,2026-06-28 11:35:30
R01959,WP020,Perambakkam,1,1287,13,WORKING,NORMAL,,2026-07-13 23:46:20
R01960,WP020,Perambakkam,1,2176,9,WORKING,NORMAL,,2026-07-14 07:09:28
R01961,WP020,Perambakkam,1,2671,10,WORKING,NORMAL,,2026-06-28 20:53:57
R01962,WP020,Perambakkam,1,3670,11,WORKING,NORMAL,,2026-07-23 23:10:33
R01963,WP020,Perambakkam,1,3380,8,WORKING,NORMAL,,2026-07-11 12:31:23
R01964,WP020,Perambakkam,1,2008,5,WORKING,NORMAL,,2026-07-16 15:56:31
R01965,WP020,Perambakkam,1,3345,6,WORKING,NORMAL,,2026-07-15 05:00:49
R01966,WP020,Perambakkam,1,2925,13,WORKING,NORMAL,,2026-06-29 15:17:02
R01967,WP020,Perambakkam,0,0,0,NOT_WORKING,CRITICAL,Zero flow detected,2026-07-08 13:16:59
R01968,WP020,Perambakkam,1,343,4,LOW_FLOW,MEDIUM,Flow below operational threshold,2026-07-11 06:09:30
R01969,WP020,Perambakkam,1,2684,10,WORKING,NORMAL,,2026-07-10 14:38:28
R01970,WP020,Perambakkam,1,3831,10,WORKING,NORMAL,,2026-07-12 08:32:53
R01971,WP020,Perambakkam,1,2561,8,WORKING,NORMAL,,2026-07-14 04:08:36
R01972,WP020,Perambakkam,1,3260,8,WORKING,NORMAL,,2026-07-13 22:45:22
R01973,WP020,Perambakkam,1,1367,14,WORKING,NORMAL,,2026-07-05 11:12:38
R01974,WP020,Perambakkam,1,1063,8,WORKING,NORMAL,,2026-07-02 00:41:39
R01975,WP020,Perambakkam,1,2002,12,WORKING,NORMAL,,2026-07-01 03:54:39
R01976,WP020,Perambakkam,1,2365,11,WORKING,NORMAL,,2026-07-08 03:21:06
R01977,WP020,Perambakkam,1,3764,7,WORKING,NORMAL,,2026-07-20 04:52:24
R01978,WP020,Perambakkam,1,2005,14,WORKING,NORMAL,,2026-07-06 04:20:35
R01979,WP020,Perambakkam,1,3032,11,WORKING,NORMAL,,2026-07-10 14:00:18
R01980,WP020,Perambakkam,1,1550,8,WORKING,NORMAL,,2026-07-09 13:46:07
R01981,WP020,Perambakkam,1,3401,6,WORKING,NORMAL,,2026-07-20 18:23:55
R01982,WP020,Perambakkam,1,3564,14,WORKING,NORMAL,,2026-07-22 04:16:36
R01983,WP020,Perambakkam,1,1926,12,WORKING,NORMAL,,2026-07-21 16:02:14
R01984,WP020,Perambakkam,1,608,3,LOW_FLOW,MEDIUM,Flow below operational threshold,2026-07-15 01:05:35
R01985,WP020,Perambakkam,1,2334,5,WORKING,NORMAL,,2026-07-10 11:53:59
R01986,WP020,Perambakkam,1,1804,5,WORKING,NORMAL,,2026-07-21 19:38:15
R01987,WP020,Perambakkam,1,3337,7,WORKING,NORMAL,,2026-06-30 15:05:28
R01988,WP020,Perambakkam,1,229,5,LOW_FLOW,MEDIUM,Flow below operational threshold,2026-07-09 10:29:55
R01989,WP020,Perambakkam,0,0,0,NOT_WORKING,CRITICAL,Zero flow detected,2026-07-07 22:13:03
R01990,WP020,Perambakkam,1,2452,9,WORKING,NORMAL,,2026-06-29 00:22:57
R01991,WP020,Perambakkam,1,1525,12,WORKING,NORMAL,,2026-07-10 18:11:29
R01992,WP020,Perambakkam,1,854,2,LOW_FLOW,MEDIUM,Flow below operational threshold,2026-07-20 06:41:48
R01993,WP020,Perambakkam,1,3312,10,WORKING,NORMAL,,2026-07-04 05:02:26
R01994,WP020,Perambakkam,1,2697,9,WORKING,NORMAL,,2026-07-01 15:27:39
R01995,WP020,Perambakkam,1,3902,13,WORKING,NORMAL,,2026-07-18 22:01:44
R01996,WP020,Perambakkam,1,836,1,LOW_FLOW,MEDIUM,Flow below operational threshold,2026-07-01 03:45:49
R01997,WP020,Perambakkam,1,1452,8,WORKING,NORMAL,,2026-07-02 20:33:40
R01998,WP020,Perambakkam,1,1644,8,WORKING,NORMAL,,2026-06-28 17:42:56
R01999,WP020,Perambakkam,1,2276,11,WORKING,NORMAL,,2026-07-22 10:08:52
R02000,WP020,Perambakkam,1,1922,8,WORKING,NORMAL,,2026-07-14 10:35:12
R02001,WP021,Putlur,1,1272,14,WORKING,NORMAL,,2026-07-25 19:59:48
R02002,WP021,Putlur,1,1442,5,WORKING,NORMAL,,2026-07-04 17:53:55
R02003,WP021,Putlur,1,1606,6,WORKING,NORMAL,,2026-07-12 04:51:42
R02004,WP021,Putlur,1,3050,14,WORKING,NORMAL,,2026-07-23 04:50:14
R02005,WP021,Putlur,1,3988,5,WORKING,NORMAL,,2026-07-18 20:27:10
R02006,WP021,Putlur,1,2931,8,WORKING,NORMAL,,2026-07-17 07:07:12
R02007,WP021,Putlur,1,3370,10,WORKING,NORMAL,,2026-07-14 05:24:42
R02008,WP021,Putlur,1,3542,10,WORKING,NORMAL,,2026-07-08 11:50:41
R02009,WP021,Putlur,1,1528,9,WORKING,NORMAL,,2026-07-22 01:40:49
R02010,WP021,Putlur,1,3613,9,WORKING,NORMAL,,2026-07-22 15:20:17
R02011,WP021,Putlur,1,2738,6,WORKING,NORMAL,,2026-07-24 07:58:10
R02012,WP021,Putlur,1,1534,5,WORKING,NORMAL,,2026-06-27 15:09:05
R02013,WP021,Putlur,1,3323,12,WORKING,NORMAL,,2026-07-14 16:52:29
R02014,WP021,Putlur,1,3471,8,WORKING,NORMAL,,2026-07-04 14:58:49
R02015,WP021,Putlur,1,3608,10,WORKING,NORMAL,,2026-07-11 13:54:29
R02016,WP021,Putlur,1,835,3,LOW_FLOW,MEDIUM,Flow below operational threshold,2026-07-12 16:33:03
R02017,WP021,Putlur,1,268,1,LOW_FLOW,MEDIUM,Flow below operational threshold,2026-07-21 10:38:22
R02018,WP021,Putlur,1,2776,12,WORKING,NORMAL,,2026-07-17 13:13:33
R02019,WP021,Putlur,1,3788,14,WORKING,NORMAL,,2026-07-09 14:59:44
R02020,WP021,Putlur,1,3283,8,WORKING,NORMAL,,2026-07-22 21:27:53
R02021,WP021,Putlur,0,0,0,NOT_WORKING,CRITICAL,Zero flow detected,2026-07-07 13:53:05
R02022,WP021,Putlur,1,1297,5,WORKING,NORMAL,,2026-06-26 19:41:23
R02023,WP021,Putlur,1,1526,13,WORKING,NORMAL,,2026-07-17 20:28:24
R02024,WP021,Putlur,1,873,2,LOW_FLOW,MEDIUM,Flow below operational threshold,2026-07-23 22:34:09
R02025,WP021,Putlur,1,2197,11,WORKING,NORMAL,,2026-07-23 15:35:55
R02026,WP021,Putlur,1,2277,9,WORKING,NORMAL,,2026-07-12 04:19:18
R02027,WP021,Putlur,1,2700,14,WORKING,NORMAL,,2026-07-14 04:49:50
R02028,WP021,Putlur,1,3189,14,WORKING,NORMAL,,2026-07-13 01:55:52
R02029,WP021,Putlur,1,1707,10,WORKING,NORMAL,,2026-07-04 16:46:16
R02030,WP021,Putlur,1,3833,6,WORKING,NORMAL,,2026-07-18 21:21:55
R02031,WP021,Putlur,1,1230,12,WORKING,NORMAL,,2026-07-23 01:33:33
R02032,WP021,Putlur,1,2439,10,WORKING,NORMAL,,2026-06-27 21:28:22
R02033,WP021,Putlur,1,3257,12,WORKING,NORMAL,,2026-07-08 21:03:30
R02034,WP021,Putlur,1,2346,13,WORKING,NORMAL,,2026-07-05 20:58:08
R02035,WP021,Putlur,1,3243,11,WORKING,NORMAL,,2026-07-15 06:42:40
R02036,WP021,Putlur,1,2576,7,WORKING,NORMAL,,2026-07-11 19:08:50
R02037,WP021,Putlur,1,1572,13,WORKING,NORMAL,,2026-07-21 10:53:09
R02038,WP021,Putlur,1,3329,12,WORKING,NORMAL,,2026-07-13 15:38:16
R02039,WP021,Putlur,1,2033,11,WORKING,NORMAL,,2026-07-24 03:40:00
R02040,WP021,Putlur,1,1710,11,WORKING,NORMAL,,2026-06-28 12:31:19
R02041,WP021,Putlur,1,2027,7,WORKING,NORMAL,,2026-07-14 02:10:41
R02042,WP021,Putlur,1,2882,11,WORKING,NORMAL,,2026-07-19 14:48:49
R02043,WP021,Putlur,1,3038,13,WORKING,NORMAL,,2026-07-10 07:33:30
R02044,WP021,Putlur,1,2253,5,WORKING,NORMAL,,2026-07-11 02:08:26
R02045,WP021,Putlur,1,3686,13,WORKING,NORMAL,,2026-07-01 21:39:31
R02046,WP021,Putlur,1,1691,9,WORKING,NORMAL,,2026-07-02 23:42:35
R02047,WP021,Putlur,1,1605,12,WORKING,NORMAL,,2026-07-11 21:37:25
R02048,WP021,Putlur,1,1774,7,WORKING,NORMAL,,2026-07-14 06:08:13
R02049,WP021,Putlur,1,3031,7,WORKING,NORMAL,,2026-07-16 05:20:51
R02050,WP021,Putlur,1,3353,8,WORKING,NORMAL,,2026-07-02 09:18:09
R02051,WP021,Putlur,1,3596,7,WORKING,NORMAL,,2026-07-04 18:08:57
R02052,WP021,Putlur,1,3758,7,WORKING,NORMAL,,2026-07-17 10:41:08
R02053,WP021,Putlur,1,1220,11,WORKING,NORMAL,,2026-07-17 01:29:46
R02054,WP021,Putlur,1,2303,11,WORKING,NORMAL,,2026-07-02 10:12:28
R02055,WP021,Putlur,1,2020,10,WORKING,NORMAL,,2026-07-22 19:48:57
R02056,WP021,Putlur,1,3259,6,WORKING,NORMAL,,2026-06-29 19:07:46
R02057,WP021,Putlur,1,3533,10,WORKING,NORMAL,,2026-06-29 17:45:09
R02058,WP021,Putlur,1,290,5,LOW_FLOW,MEDIUM,Flow below operational threshold,2026-07-16 10:04:06
R02059,WP021,Putlur,1,2052,10,WORKING,NORMAL,,2026-07-23 17:51:38
R02060,WP021,Putlur,1,3056,6,WORKING,NORMAL,,2026-07-20 04:04:17
R02061,WP021,Putlur,1,2102,6,WORKING,NORMAL,,2026-07-06 02:23:43
R02062,WP021,Putlur,1,2608,13,WORKING,NORMAL,,2026-07-05 15:21:13
R02063,WP021,Putlur,1,1084,13,WORKING,NORMAL,,2026-07-04 09:06:51
R02064,WP021,Putlur,1,2371,6,WORKING,NORMAL,,2026-07-20 04:12:39
R02065,WP021,Putlur,1,1160,14,WORKING,NORMAL,,2026-07-22 11:38:25
R02066,WP021,Putlur,1,2948,7,WORKING,NORMAL,,2026-07-19 21:34:45
R02067,WP021,Putlur,1,3805,13,WORKING,NORMAL,,2026-07-24 19:15:52
R02068,WP021,Putlur,1,1161,13,WORKING,NORMAL,,2026-07-22 14:18:59
R02069,WP021,Putlur,1,2240,12,WORKING,NORMAL,,2026-07-22 02:03:13
R02070,WP021,Putlur,1,1964,13,WORKING,NORMAL,,2026-07-11 19:11:00
R02071,WP021,Putlur,1,2165,13,WORKING,NORMAL,,2026-07-25 20:59:47
R02072,WP021,Putlur,1,1281,11,WORKING,NORMAL,,2026-07-06 08:30:28
R02073,WP021,Putlur,1,688,4,LOW_FLOW,MEDIUM,Flow below operational threshold,2026-07-22 16:13:30
R02074,WP021,Putlur,1,3406,10,WORKING,NORMAL,,2026-07-21 17:53:58
R02075,WP021,Putlur,1,3721,9,WORKING,NORMAL,,2026-07-17 13:40:11
R02076,WP021,Putlur,1,2718,6,WORKING,NORMAL,,2026-07-18 03:06:57
R02077,WP021,Putlur,1,3236,8,WORKING,NORMAL,,2026-06-28 06:28:05
R02078,WP021,Putlur,1,2994,7,WORKING,NORMAL,,2026-07-01 07:09:48
R02079,WP021,Putlur,1,2053,9,WORKING,NORMAL,,2026-07-22 09:14:57
R02080,WP021,Putlur,1,3857,9,WORKING,NORMAL,,2026-07-08 14:29:27
R02081,WP021,Putlur,1,3036,10,WORKING,NORMAL,,2026-07-02 09:12:05
R02082,WP021,Putlur,1,3308,7,WORKING,NORMAL,,2026-07-04 09:24:35
R02083,WP021,Putlur,1,2818,6,WORKING,NORMAL,,2026-07-11 09:13:23
R02084,WP021,Putlur,1,2477,10,WORKING,NORMAL,,2026-07-26 13:29:22
R02085,WP021,Putlur,1,1874,14,WORKING,NORMAL,,2026-06-28 15:45:38
R02086,WP021,Putlur,1,3963,5,WORKING,NORMAL,,2026-07-03 13:51:19
R02087,WP021,Putlur,1,3598,9,WORKING,NORMAL,,2026-07-07 18:11:31
R02088,WP021,Putlur,0,0,0,NOT_WORKING,CRITICAL,Zero flow detected,2026-07-25 01:40:29
R02089,WP021,Putlur,1,3715,8,WORKING,NORMAL,,2026-07-26 10:31:47
R02090,WP021,Putlur,1,2260,12,WORKING,NORMAL,,2026-07-23 23:55:57
R02091,WP021,Putlur,1,921,1,LOW_FLOW,MEDIUM,Flow below operational threshold,2026-07-01 01:49:47
R02092,WP021,Putlur,1,1330,14,WORKING,NORMAL,,2026-07-21 16:07:19
R02093,WP021,Putlur,0,0,0,NOT_WORKING,CRITICAL,Zero flow detected,2026-07-08 06:05:28
R02094,WP021,Putlur,1,2759,14,WORKING,NORMAL,,2026-07-11 20:40:02
R02095,WP021,Putlur,1,2353,12,WORKING,NORMAL,,2026-07-08 23:03:06
R02096,WP021,Putlur,1,3793,14,WORKING,NORMAL,,2026-07-17 15:52:26
R02097,WP021,Putlur,1,1991,13,WORKING,NORMAL,,2026-07-10 15:32:02
R02098,WP021,Putlur,1,2898,8,WORKING,NORMAL,,2026-07-09 14:48:17
R02099,WP021,Putlur,1,1313,13,WORKING,NORMAL,,2026-07-21 11:35:18
R02100,WP021,Putlur,1,3060,5,WORKING,NORMAL,,2026-07-04 22:07:48
R02101,WP022,Katchur,1,1599,8,WORKING,NORMAL,,2026-07-02 06:46:51
R02102,WP022,Katchur,1,2876,6,WORKING,NORMAL,,2026-07-25 12:30:49
R02103,WP022,Katchur,1,3989,13,WORKING,NORMAL,,2026-07-13 21:53:09
R02104,WP022,Katchur,1,1806,7,WORKING,NORMAL,,2026-07-25 23:21:16
R02105,WP022,Katchur,1,2037,9,WORKING,NORMAL,,2026-07-12 04:10:45
R02106,WP022,Katchur,1,3113,13,WORKING,NORMAL,,2026-07-02 07:38:44
R02107,WP022,Katchur,1,2260,10,WORKING,NORMAL,,2026-07-26 13:19:05
R02108,WP022,Katchur,1,1571,7,WORKING,NORMAL,,2026-07-06 07:45:09
R02109,WP022,Katchur,1,1028,7,WORKING,NORMAL,,2026-07-07 12:30:16
R02110,WP022,Katchur,1,2806,14,WORKING,NORMAL,,2026-07-15 04:10:48
R02111,WP022,Katchur,1,1243,5,WORKING,NORMAL,,2026-07-25 21:04:02
R02112,WP022,Katchur,0,0,0,NOT_WORKING,CRITICAL,Zero flow detected,2026-07-24 16:13:04
R02113,WP022,Katchur,1,756,5,LOW_FLOW,MEDIUM,Flow below operational threshold,2026-07-15 08:55:15
R02114,WP022,Katchur,1,2664,13,WORKING,NORMAL,,2026-07-05 15:44:31
R02115,WP022,Katchur,1,1841,11,WORKING,NORMAL,,2026-07-21 03:18:47
R02116,WP022,Katchur,1,3195,5,WORKING,NORMAL,,2026-07-05 13:25:28
R02117,WP022,Katchur,1,1152,12,WORKING,NORMAL,,2026-07-04 10:30:18
R02118,WP022,Katchur,1,1131,14,WORKING,NORMAL,,2026-07-11 02:56:20
R02119,WP022,Katchur,1,1709,14,WORKING,NORMAL,,2026-06-28 02:19:50
R02120,WP022,Katchur,1,2206,11,WORKING,NORMAL,,2026-06-27 12:53:24
R02121,WP022,Katchur,1,3031,9,WORKING,NORMAL,,2026-07-19 19:22:53
R02122,WP022,Katchur,1,3400,9,WORKING,NORMAL,,2026-06-30 16:35:04
R02123,WP022,Katchur,1,2737,6,WORKING,NORMAL,,2026-07-12 01:58:53
R02124,WP022,Katchur,1,2985,12,WORKING,NORMAL,,2026-07-19 18:40:47
R02125,WP022,Katchur,1,1152,13,WORKING,NORMAL,,2026-07-20 23:59:36
R02126,WP022,Katchur,1,3030,10,WORKING,NORMAL,,2026-07-09 10:52:20
R02127,WP022,Katchur,1,2285,6,WORKING,NORMAL,,2026-07-21 19:42:50
R02128,WP022,Katchur,1,1195,6,WORKING,NORMAL,,2026-07-11 15:42:15
R02129,WP022,Katchur,1,1599,9,WORKING,NORMAL,,2026-07-10 17:57:43
R02130,WP022,Katchur,1,1152,6,WORKING,NORMAL,,2026-07-15 12:24:50
R02131,WP022,Katchur,1,1419,5,WORKING,NORMAL,,2026-07-25 19:27:21
R02132,WP022,Katchur,1,1360,12,WORKING,NORMAL,,2026-07-14 12:42:00
R02133,WP022,Katchur,1,3091,9,WORKING,NORMAL,,2026-07-14 04:00:40
R02134,WP022,Katchur,1,3250,12,WORKING,NORMAL,,2026-07-20 11:18:22
R02135,WP022,Katchur,1,3078,12,WORKING,NORMAL,,2026-07-06 23:05:15
R02136,WP022,Katchur,1,1033,9,WORKING,NORMAL,,2026-07-07 09:06:11
R02137,WP022,Katchur,1,3562,14,WORKING,NORMAL,,2026-07-08 11:34:34
R02138,WP022,Katchur,1,410,3,LOW_FLOW,MEDIUM,Flow below operational threshold,2026-07-07 07:34:28
R02139,WP022,Katchur,1,925,5,LOW_FLOW,MEDIUM,Flow below operational threshold,2026-07-25 05:45:14
R02140,WP022,Katchur,1,3397,13,WORKING,NORMAL,,2026-07-07 07:34:43
R02141,WP022,Katchur,1,2836,11,WORKING,NORMAL,,2026-07-07 10:36:43
R02142,WP022,Katchur,1,2244,6,WORKING,NORMAL,,2026-07-03 11:26:04
R02143,WP022,Katchur,1,3366,14,WORKING,NORMAL,,2026-07-13 14:58:00
R02144,WP022,Katchur,1,2027,5,WORKING,NORMAL,,2026-07-07 20:41:42
R02145,WP022,Katchur,1,3094,11,WORKING,NORMAL,,2026-07-16 21:44:35
R02146,WP022,Katchur,1,1777,9,WORKING,NORMAL,,2026-07-12 10:21:17
R02147,WP022,Katchur,1,945,3,LOW_FLOW,MEDIUM,Flow below operational threshold,2026-07-16 22:54:20
R02148,WP022,Katchur,1,2173,8,WORKING,NORMAL,,2026-07-24 14:37:53
R02149,WP022,Katchur,1,3738,9,WORKING,NORMAL,,2026-07-20 11:28:16
R02150,WP022,Katchur,1,2792,13,WORKING,NORMAL,,2026-07-24 06:43:39
R02151,WP022,Katchur,0,0,0,NOT_WORKING,CRITICAL,Zero flow detected,2026-06-29 23:55:49
R02152,WP022,Katchur,1,1949,8,WORKING,NORMAL,,2026-07-23 11:07:12
R02153,WP022,Katchur,1,2214,10,WORKING,NORMAL,,2026-07-14 10:24:55
R02154,WP022,Katchur,1,1725,14,WORKING,NORMAL,,2026-06-29 17:10:22
R02155,WP022,Katchur,1,2129,6,WORKING,NORMAL,,2026-07-17 16:27:11
R02156,WP022,Katchur,1,2357,10,WORKING,NORMAL,,2026-07-11 18:56:11
R02157,WP022,Katchur,1,3666,10,WORKING,NORMAL,,2026-06-29 14:33:18
R02158,WP022,Katchur,1,1764,13,WORKING,NORMAL,,2026-07-05 10:47:45
R02159,WP022,Katchur,1,2682,10,WORKING,NORMAL,,2026-07-22 18:41:02
R02160,WP022,Katchur,1,910,5,LOW_FLOW,MEDIUM,Flow below operational threshold,2026-07-02 17:11:55
R02161,WP022,Katchur,1,2931,5,WORKING,NORMAL,,2026-07-09 11:38:10
R02162,WP022,Katchur,1,2490,7,WORKING,NORMAL,,2026-06-30 19:27:06
R02163,WP022,Katchur,1,2064,6,WORKING,NORMAL,,2026-06-29 04:57:14
R02164,WP022,Katchur,1,3830,12,WORKING,NORMAL,,2026-07-11 11:02:48
R02165,WP022,Katchur,1,1083,10,WORKING,NORMAL,,2026-07-17 12:43:49
R02166,WP022,Katchur,1,1642,7,WORKING,NORMAL,,2026-07-04 21:43:44
R02167,WP022,Katchur,1,2460,14,WORKING,NORMAL,,2026-07-15 18:08:26
R02168,WP022,Katchur,1,2494,5,WORKING,NORMAL,,2026-06-29 02:36:00
R02169,WP022,Katchur,1,2914,7,WORKING,NORMAL,,2026-07-07 18:09:14
R02170,WP022,Katchur,1,2532,9,WORKING,NORMAL,,2026-06-27 19:29:02
R02171,WP022,Katchur,1,3270,8,WORKING,NORMAL,,2026-07-17 15:18:49
R02172,WP022,Katchur,0,0,0,NOT_WORKING,CRITICAL,Zero flow detected,2026-07-14 10:36:03
R02173,WP022,Katchur,1,2968,12,WORKING,NORMAL,,2026-07-16 06:20:13
R02174,WP022,Katchur,1,1144,11,WORKING,NORMAL,,2026-07-06 21:14:03
R02175,WP022,Katchur,1,1415,6,WORKING,NORMAL,,2026-07-09 07:07:34
R02176,WP022,Katchur,1,2393,9,WORKING,NORMAL,,2026-06-26 23:32:08
R02177,WP022,Katchur,1,1723,10,WORKING,NORMAL,,2026-07-08 03:32:27
R02178,WP022,Katchur,1,1332,7,WORKING,NORMAL,,2026-06-30 19:06:57
R02179,WP022,Katchur,1,2012,7,WORKING,NORMAL,,2026-07-15 01:18:01
R02180,WP022,Katchur,1,2419,14,WORKING,NORMAL,,2026-06-27 23:46:29
R02181,WP022,Katchur,1,2163,6,WORKING,NORMAL,,2026-07-03 22:10:06
R02182,WP022,Katchur,1,1809,14,WORKING,NORMAL,,2026-07-19 12:33:08
R02183,WP022,Katchur,1,2898,14,WORKING,NORMAL,,2026-07-16 05:19:55
R02184,WP022,Katchur,1,2369,14,WORKING,NORMAL,,2026-06-26 22:31:31
R02185,WP022,Katchur,1,2436,12,WORKING,NORMAL,,2026-07-26 03:00:06
R02186,WP022,Katchur,1,888,3,LOW_FLOW,MEDIUM,Flow below operational threshold,2026-07-13 00:23:38
R02187,WP022,Katchur,1,3261,8,WORKING,NORMAL,,2026-07-21 04:21:02
R02188,WP022,Katchur,1,1441,11,WORKING,NORMAL,,2026-06-29 03:15:31
R02189,WP022,Katchur,1,1930,12,WORKING,NORMAL,,2026-07-09 22:45:17
R02190,WP022,Katchur,1,3643,12,WORKING,NORMAL,,2026-07-06 02:34:20
R02191,WP022,Katchur,1,1742,14,WORKING,NORMAL,,2026-06-27 23:55:59
R02192,WP022,Katchur,1,2425,8,WORKING,NORMAL,,2026-07-04 18:44:03
R02193,WP022,Katchur,1,959,5,LOW_FLOW,MEDIUM,Flow below operational threshold,2026-07-24 06:40:05
R02194,WP022,Katchur,1,3471,14,WORKING,NORMAL,,2026-07-18 22:32:17
R02195,WP022,Katchur,1,3752,9,WORKING,NORMAL,,2026-07-13 11:12:15
R02196,WP022,Katchur,1,3196,9,WORKING,NORMAL,,2026-07-14 16:24:25
R02197,WP022,Katchur,1,3022,5,WORKING,NORMAL,,2026-07-08 01:23:53
R02198,WP022,Katchur,1,635,1,LOW_FLOW,MEDIUM,Flow below operational threshold,2026-07-15 18:59:54
R02199,WP022,Katchur,1,2708,8,WORKING,NORMAL,,2026-07-06 04:27:00
R02200,WP022,Katchur,1,1163,10,WORKING,NORMAL,,2026-07-17 09:08:11
R02201,WP023,Senji,1,1041,7,WORKING,NORMAL,,2026-07-23 11:10:11
R02202,WP023,Senji,1,1925,13,WORKING,NORMAL,,2026-07-12 16:43:44
R02203,WP023,Senji,1,2997,12,WORKING,NORMAL,,2026-07-07 19:44:44
R02204,WP023,Senji,1,3964,11,WORKING,NORMAL,,2026-07-19 13:07:42
R02205,WP023,Senji,1,3679,7,WORKING,NORMAL,,2026-07-24 17:00:13
R02206,WP023,Senji,1,1166,13,WORKING,NORMAL,,2026-06-28 14:04:38
R02207,WP023,Senji,1,1884,6,WORKING,NORMAL,,2026-07-04 13:47:45
R02208,WP023,Senji,1,1531,5,WORKING,NORMAL,,2026-07-03 12:19:43
R02209,WP023,Senji,1,2519,6,WORKING,NORMAL,,2026-07-05 01:18:35
R02210,WP023,Senji,1,2315,6,WORKING,NORMAL,,2026-07-03 10:39:51
R02211,WP023,Senji,1,2850,12,WORKING,NORMAL,,2026-07-24 09:11:01
R02212,WP023,Senji,1,1484,8,WORKING,NORMAL,,2026-07-21 23:33:19
R02213,WP023,Senji,1,1860,7,WORKING,NORMAL,,2026-07-09 21:37:34
R02214,WP023,Senji,1,2604,11,WORKING,NORMAL,,2026-07-09 12:37:54
R02215,WP023,Senji,1,635,1,LOW_FLOW,MEDIUM,Flow below operational threshold,2026-07-25 09:00:53
R02216,WP023,Senji,1,227,5,LOW_FLOW,MEDIUM,Flow below operational threshold,2026-07-15 13:48:26
R02217,WP023,Senji,1,760,1,LOW_FLOW,MEDIUM,Flow below operational threshold,2026-07-24 22:00:23
R02218,WP023,Senji,1,1773,7,WORKING,NORMAL,,2026-07-20 20:57:54
R02219,WP023,Senji,1,3573,12,WORKING,NORMAL,,2026-07-21 03:10:10
R02220,WP023,Senji,1,3092,5,WORKING,NORMAL,,2026-07-08 09:12:42
R02221,WP023,Senji,1,2402,14,WORKING,NORMAL,,2026-07-18 18:17:10
R02222,WP023,Senji,1,3032,8,WORKING,NORMAL,,2026-07-14 14:10:21
R02223,WP023,Senji,1,3587,5,WORKING,NORMAL,,2026-07-04 13:18:34
R02224,WP023,Senji,0,0,0,NOT_WORKING,CRITICAL,Zero flow detected,2026-07-01 23:07:10
R02225,WP023,Senji,1,1410,5,WORKING,NORMAL,,2026-07-15 11:29:11
R02226,WP023,Senji,1,3811,8,WORKING,NORMAL,,2026-07-03 16:19:01
R02227,WP023,Senji,1,3836,10,WORKING,NORMAL,,2026-07-07 06:03:16
R02228,WP023,Senji,1,1798,11,WORKING,NORMAL,,2026-06-28 01:41:56
R02229,WP023,Senji,1,1119,9,WORKING,NORMAL,,2026-07-01 15:36:10
R02230,WP023,Senji,1,1067,10,WORKING,NORMAL,,2026-06-27 17:45:08
R02231,WP023,Senji,1,3458,6,WORKING,NORMAL,,2026-07-02 20:16:50
R02232,WP023,Senji,1,891,2,LOW_FLOW,MEDIUM,Flow below operational threshold,2026-07-09 08:30:36
R02233,WP023,Senji,1,3299,8,WORKING,NORMAL,,2026-07-10 04:52:30
R02234,WP023,Senji,1,613,4,LOW_FLOW,MEDIUM,Flow below operational threshold,2026-07-04 06:45:56
R02235,WP023,Senji,1,1764,8,WORKING,NORMAL,,2026-07-09 10:17:34
R02236,WP023,Senji,1,3060,9,WORKING,NORMAL,,2026-06-30 22:09:00
R02237,WP023,Senji,1,3327,14,WORKING,NORMAL,,2026-07-16 09:41:12
R02238,WP023,Senji,1,3061,10,WORKING,NORMAL,,2026-07-09 00:03:17
R02239,WP023,Senji,1,3174,7,WORKING,NORMAL,,2026-07-21 18:13:11
R02240,WP023,Senji,1,3590,6,WORKING,NORMAL,,2026-07-24 16:26:32
R02241,WP023,Senji,1,2304,12,WORKING,NORMAL,,2026-06-29 02:57:31
R02242,WP023,Senji,1,2081,14,WORKING,NORMAL,,2026-07-15 17:26:25
R02243,WP023,Senji,1,3599,10,WORKING,NORMAL,,2026-07-07 05:03:02
R02244,WP023,Senji,1,3720,12,WORKING,NORMAL,,2026-07-04 13:40:41
R02245,WP023,Senji,1,1719,10,WORKING,NORMAL,,2026-07-07 12:54:35
R02246,WP023,Senji,1,1275,13,WORKING,NORMAL,,2026-07-03 16:20:36
R02247,WP023,Senji,1,3846,7,WORKING,NORMAL,,2026-06-29 01:44:34
R02248,WP023,Senji,1,1154,6,WORKING,NORMAL,,2026-07-26 02:26:15
R02249,WP023,Senji,1,2030,8,WORKING,NORMAL,,2026-07-10 20:18:50
R02250,WP023,Senji,1,2090,14,WORKING,NORMAL,,2026-07-23 17:54:58
R02251,WP023,Senji,1,1597,6,WORKING,NORMAL,,2026-07-14 17:50:46
R02252,WP023,Senji,1,1017,11,WORKING,NORMAL,,2026-07-23 07:32:38
R02253,WP023,Senji,1,3762,9,WORKING,NORMAL,,2026-07-16 01:59:00
R02254,WP023,Senji,1,3295,11,WORKING,NORMAL,,2026-07-05 02:04:33
R02255,WP023,Senji,1,2270,7,WORKING,NORMAL,,2026-07-07 08:57:16
R02256,WP023,Senji,1,1380,13,WORKING,NORMAL,,2026-06-27 04:41:31
R02257,WP023,Senji,1,920,1,LOW_FLOW,MEDIUM,Flow below operational threshold,2026-07-09 10:14:45
R02258,WP023,Senji,1,3365,8,WORKING,NORMAL,,2026-07-01 07:23:39
R02259,WP023,Senji,1,2765,6,WORKING,NORMAL,,2026-07-07 22:10:02
R02260,WP023,Senji,1,3076,13,WORKING,NORMAL,,2026-07-22 21:38:54
R02261,WP023,Senji,1,1567,14,WORKING,NORMAL,,2026-07-21 00:20:22
R02262,WP023,Senji,1,3587,13,WORKING,NORMAL,,2026-06-30 05:48:00
R02263,WP023,Senji,1,1759,11,WORKING,NORMAL,,2026-07-24 06:55:45
R02264,WP023,Senji,1,3064,9,WORKING,NORMAL,,2026-07-03 14:31:52
R02265,WP023,Senji,1,2781,5,WORKING,NORMAL,,2026-07-09 16:38:55
R02266,WP023,Senji,1,1620,13,WORKING,NORMAL,,2026-07-26 10:15:38
R02267,WP023,Senji,1,673,1,LOW_FLOW,MEDIUM,Flow below operational threshold,2026-06-29 22:02:18
R02268,WP023,Senji,1,1409,13,WORKING,NORMAL,,2026-07-19 08:29:55
R02269,WP023,Senji,1,3070,7,WORKING,NORMAL,,2026-07-12 11:15:05
R02270,WP023,Senji,1,2438,8,WORKING,NORMAL,,2026-07-04 18:07:39
R02271,WP023,Senji,1,2944,14,WORKING,NORMAL,,2026-07-17 06:24:36
R02272,WP023,Senji,1,2505,9,WORKING,NORMAL,,2026-07-06 07:32:12
R02273,WP023,Senji,1,3484,6,WORKING,NORMAL,,2026-07-13 01:42:14
R02274,WP023,Senji,1,1152,6,WORKING,NORMAL,,2026-07-14 22:23:19
R02275,WP023,Senji,1,3938,14,WORKING,NORMAL,,2026-07-02 18:24:51
R02276,WP023,Senji,1,2877,14,WORKING,NORMAL,,2026-06-30 20:00:31
R02277,WP023,Senji,1,2192,11,WORKING,NORMAL,,2026-07-19 05:33:21
R02278,WP023,Senji,1,3879,14,WORKING,NORMAL,,2026-06-27 14:11:50
R02279,WP023,Senji,1,2342,8,WORKING,NORMAL,,2026-07-23 02:44:23
R02280,WP023,Senji,1,2657,10,WORKING,NORMAL,,2026-07-12 04:47:04
R02281,WP023,Senji,1,1456,7,WORKING,NORMAL,,2026-06-30 17:10:24
R02282,WP023,Senji,1,2611,13,WORKING,NORMAL,,2026-07-20 19:42:13
R02283,WP023,Senji,1,3800,10,WORKING,NORMAL,,2026-07-13 00:16:39
R02284,WP023,Senji,1,2176,8,WORKING,NORMAL,,2026-07-18 08:14:50
R02285,WP023,Senji,1,3025,9,WORKING,NORMAL,,2026-07-22 10:26:43
R02286,WP023,Senji,1,648,4,LOW_FLOW,MEDIUM,Flow below operational threshold,2026-07-02 08:43:03
R02287,WP023,Senji,1,3188,13,WORKING,NORMAL,,2026-07-19 14:39:34
R02288,WP023,Senji,1,2481,13,WORKING,NORMAL,,2026-07-26 00:44:05
R02289,WP023,Senji,1,1170,12,WORKING,NORMAL,,2026-07-04 01:49:05
R02290,WP023,Senji,1,2607,13,WORKING,NORMAL,,2026-06-27 07:30:10
R02291,WP023,Senji,1,672,5,LOW_FLOW,MEDIUM,Flow below operational threshold,2026-07-20 20:00:47
R02292,WP023,Senji,1,3699,13,WORKING,NORMAL,,2026-07-07 14:18:13
R02293,WP023,Senji,1,308,1,LOW_FLOW,MEDIUM,Flow below operational threshold,2026-07-16 18:30:33
R02294,WP023,Senji,1,3302,6,WORKING,NORMAL,,2026-07-12 03:46:17
R02295,WP023,Senji,1,817,4,LOW_FLOW,MEDIUM,Flow below operational threshold,2026-07-21 18:00:47
R02296,WP023,Senji,1,3386,6,WORKING,NORMAL,,2026-07-19 14:20:23
R02297,WP023,Senji,1,2898,5,WORKING,NORMAL,,2026-07-12 03:21:52
R02298,WP023,Senji,1,3839,8,WORKING,NORMAL,,2026-06-30 15:40:57
R02299,WP023,Senji,1,2399,14,WORKING,NORMAL,,2026-06-29 14:05:33
R02300,WP023,Senji,1,1677,8,WORKING,NORMAL,,2026-07-13 21:10:26
R02301,WP024,Katchur,1,2768,6,WORKING,NORMAL,,2026-07-17 23:40:23
R02302,WP024,Katchur,1,3437,10,WORKING,NORMAL,,2026-07-23 21:45:58
R02303,WP024,Katchur,1,1466,13,WORKING,NORMAL,,2026-07-12 00:11:27
R02304,WP024,Katchur,1,1449,5,WORKING,NORMAL,,2026-07-21 11:10:10
R02305,WP024,Katchur,1,1610,14,WORKING,NORMAL,,2026-07-18 12:28:48
R02306,WP024,Katchur,1,221,1,LOW_FLOW,MEDIUM,Flow below operational threshold,2026-07-12 22:13:32
R02307,WP024,Katchur,1,1287,9,WORKING,NORMAL,,2026-06-29 20:37:02
R02308,WP024,Katchur,1,469,5,LOW_FLOW,MEDIUM,Flow below operational threshold,2026-06-29 06:47:17
R02309,WP024,Katchur,1,1867,11,WORKING,NORMAL,,2026-07-12 13:55:40
R02310,WP024,Katchur,1,662,5,LOW_FLOW,MEDIUM,Flow below operational threshold,2026-07-03 18:21:59
R02311,WP024,Katchur,1,3554,6,WORKING,NORMAL,,2026-07-04 19:07:47
R02312,WP024,Katchur,0,0,0,NOT_WORKING,CRITICAL,Zero flow detected,2026-06-27 12:36:04
R02313,WP024,Katchur,1,2304,12,WORKING,NORMAL,,2026-07-17 14:22:15
R02314,WP024,Katchur,1,2319,13,WORKING,NORMAL,,2026-07-02 01:08:50
R02315,WP024,Katchur,1,2755,8,WORKING,NORMAL,,2026-07-20 15:11:36
R02316,WP024,Katchur,1,2391,6,WORKING,NORMAL,,2026-07-22 09:04:20
R02317,WP024,Katchur,1,3978,5,WORKING,NORMAL,,2026-06-30 02:44:54
R02318,WP024,Katchur,1,3563,11,WORKING,NORMAL,,2026-07-14 12:37:35
R02319,WP024,Katchur,1,3265,11,WORKING,NORMAL,,2026-07-15 10:54:18
R02320,WP024,Katchur,0,0,0,NOT_WORKING,CRITICAL,Zero flow detected,2026-06-30 11:05:28
R02321,WP024,Katchur,1,698,3,LOW_FLOW,MEDIUM,Flow below operational threshold,2026-07-08 20:31:50
R02322,WP024,Katchur,1,1172,14,WORKING,NORMAL,,2026-07-14 04:17:41
R02323,WP024,Katchur,1,2628,6,WORKING,NORMAL,,2026-07-18 00:29:21
R02324,WP024,Katchur,0,0,0,NOT_WORKING,CRITICAL,Zero flow detected,2026-07-09 03:28:10
R02325,WP024,Katchur,1,1178,10,WORKING,NORMAL,,2026-07-04 18:01:45
R02326,WP024,Katchur,1,1750,11,WORKING,NORMAL,,2026-07-25 10:28:23
R02327,WP024,Katchur,1,2683,12,WORKING,NORMAL,,2026-06-28 13:34:37
R02328,WP024,Katchur,1,3380,8,WORKING,NORMAL,,2026-07-07 07:38:55
R02329,WP024,Katchur,1,2285,13,WORKING,NORMAL,,2026-07-19 18:00:18
R02330,WP024,Katchur,1,2029,8,WORKING,NORMAL,,2026-07-10 18:29:39
R02331,WP024,Katchur,1,1485,6,WORKING,NORMAL,,2026-07-07 07:08:37
R02332,WP024,Katchur,1,2837,13,WORKING,NORMAL,,2026-07-21 05:21:30
R02333,WP024,Katchur,1,2445,10,WORKING,NORMAL,,2026-07-03 07:21:54
R02334,WP024,Katchur,1,1575,10,WORKING,NORMAL,,2026-07-18 20:17:14
R02335,WP024,Katchur,1,3165,12,WORKING,NORMAL,,2026-07-18 22:48:02
R02336,WP024,Katchur,1,3730,5,WORKING,NORMAL,,2026-06-28 17:38:54
R02337,WP024,Katchur,1,2299,12,WORKING,NORMAL,,2026-07-20 22:18:47
R02338,WP024,Katchur,1,961,2,LOW_FLOW,MEDIUM,Flow below operational threshold,2026-07-18 07:26:06
R02339,WP024,Katchur,1,1561,10,WORKING,NORMAL,,2026-07-11 22:34:16
R02340,WP024,Katchur,1,3411,6,WORKING,NORMAL,,2026-07-20 10:18:47
R02341,WP024,Katchur,1,3973,14,WORKING,NORMAL,,2026-07-19 10:46:02
R02342,WP024,Katchur,1,2472,10,WORKING,NORMAL,,2026-07-01 19:44:34
R02343,WP024,Katchur,1,3747,6,WORKING,NORMAL,,2026-07-21 02:25:28
R02344,WP024,Katchur,1,964,1,LOW_FLOW,MEDIUM,Flow below operational threshold,2026-07-24 22:31:33
R02345,WP024,Katchur,1,1660,9,WORKING,NORMAL,,2026-07-25 16:01:12
R02346,WP024,Katchur,1,1781,11,WORKING,NORMAL,,2026-07-14 20:25:02
R02347,WP024,Katchur,1,2142,5,WORKING,NORMAL,,2026-07-18 08:14:27
R02348,WP024,Katchur,1,1293,7,WORKING,NORMAL,,2026-06-29 11:13:27
R02349,WP024,Katchur,1,2712,8,WORKING,NORMAL,,2026-07-18 22:10:47
R02350,WP024,Katchur,1,1702,12,WORKING,NORMAL,,2026-07-07 22:33:18
R02351,WP024,Katchur,1,1230,6,WORKING,NORMAL,,2026-07-21 11:21:59
R02352,WP024,Katchur,1,3719,8,WORKING,NORMAL,,2026-07-15 21:03:11
R02353,WP024,Katchur,1,3570,13,WORKING,NORMAL,,2026-07-13 12:55:26
R02354,WP024,Katchur,1,3855,8,WORKING,NORMAL,,2026-07-26 15:59:22
R02355,WP024,Katchur,1,1371,12,WORKING,NORMAL,,2026-06-27 05:51:33
R02356,WP024,Katchur,1,3636,5,WORKING,NORMAL,,2026-07-01 03:49:37
R02357,WP024,Katchur,1,1664,7,WORKING,NORMAL,,2026-07-22 02:34:35
R02358,WP024,Katchur,1,2519,9,WORKING,NORMAL,,2026-07-10 00:56:34
R02359,WP024,Katchur,1,3757,10,WORKING,NORMAL,,2026-07-10 23:07:58
R02360,WP024,Katchur,1,329,5,LOW_FLOW,MEDIUM,Flow below operational threshold,2026-07-25 05:00:57
R02361,WP024,Katchur,1,2332,11,WORKING,NORMAL,,2026-07-13 10:08:42
R02362,WP024,Katchur,1,1879,13,WORKING,NORMAL,,2026-07-02 22:37:00
R02363,WP024,Katchur,1,3042,14,WORKING,NORMAL,,2026-07-12 20:40:37
R02364,WP024,Katchur,1,3842,14,WORKING,NORMAL,,2026-07-10 20:03:17
R02365,WP024,Katchur,1,1195,10,WORKING,NORMAL,,2026-07-16 05:42:17
R02366,WP024,Katchur,1,1799,11,WORKING,NORMAL,,2026-07-15 12:49:07
R02367,WP024,Katchur,1,982,3,LOW_FLOW,MEDIUM,Flow below operational threshold,2026-06-27 13:46:32
R02368,WP024,Katchur,1,1223,8,WORKING,NORMAL,,2026-07-12 21:14:26
R02369,WP024,Katchur,1,329,3,LOW_FLOW,MEDIUM,Flow below operational threshold,2026-07-14 05:03:00
R02370,WP024,Katchur,1,3846,6,WORKING,NORMAL,,2026-06-29 14:07:25
R02371,WP024,Katchur,1,2950,5,WORKING,NORMAL,,2026-07-19 11:34:10
R02372,WP024,Katchur,1,3852,13,WORKING,NORMAL,,2026-07-23 20:07:04
R02373,WP024,Katchur,1,2262,9,WORKING,NORMAL,,2026-07-14 01:12:23
R02374,WP024,Katchur,0,0,0,NOT_WORKING,CRITICAL,Zero flow detected,2026-06-27 14:28:30
R02375,WP024,Katchur,1,1295,5,WORKING,NORMAL,,2026-07-09 02:07:27
R02376,WP024,Katchur,1,3216,12,WORKING,NORMAL,,2026-07-23 10:58:57
R02377,WP024,Katchur,1,2001,8,WORKING,NORMAL,,2026-07-17 08:06:15
R02378,WP024,Katchur,1,2605,11,WORKING,NORMAL,,2026-07-20 20:04:46
R02379,WP024,Katchur,1,1822,6,WORKING,NORMAL,,2026-07-26 08:43:18
R02380,WP024,Katchur,1,2324,11,WORKING,NORMAL,,2026-07-19 13:47:10
R02381,WP024,Katchur,1,2650,10,WORKING,NORMAL,,2026-07-02 08:36:17
R02382,WP024,Katchur,1,2427,9,WORKING,NORMAL,,2026-07-24 01:09:07
R02383,WP024,Katchur,1,3930,11,WORKING,NORMAL,,2026-07-12 17:59:01
R02384,WP024,Katchur,1,2594,7,WORKING,NORMAL,,2026-07-18 20:54:39
R02385,WP024,Katchur,1,3544,12,WORKING,NORMAL,,2026-07-25 12:05:23
R02386,WP024,Katchur,1,3903,8,WORKING,NORMAL,,2026-07-20 12:07:21
R02387,WP024,Katchur,1,3850,10,WORKING,NORMAL,,2026-06-28 23:06:26
R02388,WP024,Katchur,0,0,0,NOT_WORKING,CRITICAL,Zero flow detected,2026-07-16 01:14:51
R02389,WP024,Katchur,1,1922,5,WORKING,NORMAL,,2026-07-11 20:43:56
R02390,WP024,Katchur,1,350,1,LOW_FLOW,MEDIUM,Flow below operational threshold,2026-07-05 07:47:16
R02391,WP024,Katchur,1,1751,5,WORKING,NORMAL,,2026-07-18 00:02:14
R02392,WP024,Katchur,1,1169,5,WORKING,NORMAL,,2026-07-02 21:01:43
R02393,WP024,Katchur,1,3671,5,WORKING,NORMAL,,2026-07-17 07:14:21
R02394,WP024,Katchur,1,2171,8,WORKING,NORMAL,,2026-07-03 20:20:45
R02395,WP024,Katchur,1,3314,13,WORKING,NORMAL,,2026-07-08 06:34:32
R02396,WP024,Katchur,1,3385,10,WORKING,NORMAL,,2026-07-10 22:48:14
R02397,WP024,Katchur,1,3567,14,WORKING,NORMAL,,2026-07-11 07:06:15
R02398,WP024,Katchur,1,1893,9,WORKING,NORMAL,,2026-06-28 11:28:59
R02399,WP024,Katchur,1,2718,13,WORKING,NORMAL,,2026-07-24 11:46:10
R02400,WP024,Katchur,1,1152,9,WORKING,NORMAL,,2026-07-19 01:54:47
R02401,WP025,Katchur,1,3915,7,WORKING,NORMAL,,2026-07-02 14:33:24
R02402,WP025,Katchur,1,3590,14,WORKING,NORMAL,,2026-07-05 07:56:43
R02403,WP025,Katchur,1,3786,5,WORKING,NORMAL,,2026-07-19 17:55:27
R02404,WP025,Katchur,1,1340,11,WORKING,NORMAL,,2026-06-30 11:38:03
R02405,WP025,Katchur,1,3218,9,WORKING,NORMAL,,2026-07-14 17:48:30
R02406,WP025,Katchur,1,1026,8,WORKING,NORMAL,,2026-06-26 20:08:11
R02407,WP025,Katchur,1,2629,13,WORKING,NORMAL,,2026-06-30 07:19:32
R02408,WP025,Katchur,1,1269,13,WORKING,NORMAL,,2026-07-26 06:19:29
R02409,WP025,Katchur,1,1987,5,WORKING,NORMAL,,2026-07-18 00:20:09
R02410,WP025,Katchur,1,977,4,LOW_FLOW,MEDIUM,Flow below operational threshold,2026-07-09 12:23:10
R02411,WP025,Katchur,0,0,0,NOT_WORKING,CRITICAL,Zero flow detected,2026-07-06 12:02:09
R02412,WP025,Katchur,1,1650,14,WORKING,NORMAL,,2026-07-17 04:26:58
R02413,WP025,Katchur,1,1704,8,WORKING,NORMAL,,2026-07-08 10:08:10
R02414,WP025,Katchur,1,2239,11,WORKING,NORMAL,,2026-07-17 14:31:45
R02415,WP025,Katchur,1,2276,8,WORKING,NORMAL,,2026-07-01 22:08:11
R02416,WP025,Katchur,1,2086,10,WORKING,NORMAL,,2026-06-29 02:11:03
R02417,WP025,Katchur,1,3524,7,WORKING,NORMAL,,2026-07-15 07:44:35
R02418,WP025,Katchur,1,251,3,LOW_FLOW,MEDIUM,Flow below operational threshold,2026-07-13 15:22:54
R02419,WP025,Katchur,1,3265,5,WORKING,NORMAL,,2026-07-16 23:10:01
R02420,WP025,Katchur,1,3434,9,WORKING,NORMAL,,2026-07-18 09:17:22
R02421,WP025,Katchur,1,1890,14,WORKING,NORMAL,,2026-07-15 23:36:09
R02422,WP025,Katchur,1,481,2,LOW_FLOW,MEDIUM,Flow below operational threshold,2026-07-05 02:29:20
R02423,WP025,Katchur,1,3446,14,WORKING,NORMAL,,2026-07-19 03:06:02
R02424,WP025,Katchur,1,1102,12,WORKING,NORMAL,,2026-07-13 14:36:21
R02425,WP025,Katchur,1,3840,13,WORKING,NORMAL,,2026-06-27 01:58:50
R02426,WP025,Katchur,1,3252,9,WORKING,NORMAL,,2026-07-15 11:14:27
R02427,WP025,Katchur,1,410,1,LOW_FLOW,MEDIUM,Flow below operational threshold,2026-07-03 19:57:43
R02428,WP025,Katchur,1,3519,7,WORKING,NORMAL,,2026-07-10 08:52:41
R02429,WP025,Katchur,1,3783,14,WORKING,NORMAL,,2026-07-15 06:27:13
R02430,WP025,Katchur,1,1377,8,WORKING,NORMAL,,2026-07-22 07:16:04
R02431,WP025,Katchur,1,693,5,LOW_FLOW,MEDIUM,Flow below operational threshold,2026-07-21 12:45:34
R02432,WP025,Katchur,1,3242,9,WORKING,NORMAL,,2026-06-28 23:51:44
R02433,WP025,Katchur,1,2570,6,WORKING,NORMAL,,2026-07-22 22:49:34
R02434,WP025,Katchur,1,3328,14,WORKING,NORMAL,,2026-07-11 13:50:02
R02435,WP025,Katchur,1,2689,11,WORKING,NORMAL,,2026-07-20 04:31:34
R02436,WP025,Katchur,1,2536,14,WORKING,NORMAL,,2026-07-21 13:40:49
R02437,WP025,Katchur,1,2115,13,WORKING,NORMAL,,2026-07-21 17:10:47
R02438,WP025,Katchur,1,3515,5,WORKING,NORMAL,,2026-07-15 21:33:28
R02439,WP025,Katchur,1,3182,14,WORKING,NORMAL,,2026-07-02 19:17:52
R02440,WP025,Katchur,1,1446,12,WORKING,NORMAL,,2026-07-01 03:09:14
R02441,WP025,Katchur,1,1276,13,WORKING,NORMAL,,2026-06-29 04:08:54
R02442,WP025,Katchur,1,802,2,LOW_FLOW,MEDIUM,Flow below operational threshold,2026-07-06 05:15:59
R02443,WP025,Katchur,1,3903,7,WORKING,NORMAL,,2026-07-03 15:17:49
R02444,WP025,Katchur,1,1519,5,WORKING,NORMAL,,2026-06-30 08:36:42
R02445,WP025,Katchur,1,3274,10,WORKING,NORMAL,,2026-07-09 06:00:11
R02446,WP025,Katchur,0,0,0,NOT_WORKING,CRITICAL,Zero flow detected,2026-07-11 14:25:12
R02447,WP025,Katchur,1,2932,12,WORKING,NORMAL,,2026-06-29 04:39:36
R02448,WP025,Katchur,1,3365,5,WORKING,NORMAL,,2026-07-25 11:34:17
R02449,WP025,Katchur,1,2167,12,WORKING,NORMAL,,2026-07-23 17:20:05
R02450,WP025,Katchur,1,1221,9,WORKING,NORMAL,,2026-07-15 13:41:00
R02451,WP025,Katchur,1,3607,5,WORKING,NORMAL,,2026-07-06 04:34:10
R02452,WP025,Katchur,1,2398,12,WORKING,NORMAL,,2026-06-30 23:12:57
R02453,WP025,Katchur,1,3126,11,WORKING,NORMAL,,2026-07-20 12:06:33
R02454,WP025,Katchur,1,2970,9,WORKING,NORMAL,,2026-07-22 01:44:30
R02455,WP025,Katchur,1,2785,5,WORKING,NORMAL,,2026-06-30 08:22:50
R02456,WP025,Katchur,1,313,1,LOW_FLOW,MEDIUM,Flow below operational threshold,2026-07-06 09:46:35
R02457,WP025,Katchur,1,3592,9,WORKING,NORMAL,,2026-07-18 01:30:49
R02458,WP025,Katchur,1,3864,7,WORKING,NORMAL,,2026-07-03 06:53:14
R02459,WP025,Katchur,1,2723,13,WORKING,NORMAL,,2026-07-21 19:18:00
R02460,WP025,Katchur,1,1164,14,WORKING,NORMAL,,2026-07-18 10:32:23
R02461,WP025,Katchur,1,3202,9,WORKING,NORMAL,,2026-07-20 02:13:06
R02462,WP025,Katchur,1,1088,12,WORKING,NORMAL,,2026-07-08 09:21:46
R02463,WP025,Katchur,1,2610,13,WORKING,NORMAL,,2026-07-19 14:56:30
R02464,WP025,Katchur,1,819,4,LOW_FLOW,MEDIUM,Flow below operational threshold,2026-07-03 13:25:13
R02465,WP025,Katchur,1,1378,11,WORKING,NORMAL,,2026-07-14 22:29:26
R02466,WP025,Katchur,1,2714,13,WORKING,NORMAL,,2026-07-26 15:36:33
R02467,WP025,Katchur,1,1706,8,WORKING,NORMAL,,2026-07-11 04:18:54
R02468,WP025,Katchur,1,3342,11,WORKING,NORMAL,,2026-07-06 14:22:10
R02469,WP025,Katchur,1,2300,7,WORKING,NORMAL,,2026-07-19 00:29:43
R02470,WP025,Katchur,1,3861,9,WORKING,NORMAL,,2026-07-18 17:04:28
R02471,WP025,Katchur,1,1629,11,WORKING,NORMAL,,2026-07-04 11:57:00
R02472,WP025,Katchur,1,3628,10,WORKING,NORMAL,,2026-07-08 11:22:31
R02473,WP025,Katchur,1,3219,12,WORKING,NORMAL,,2026-07-23 06:00:58
R02474,WP025,Katchur,1,3341,5,WORKING,NORMAL,,2026-07-13 11:43:52
R02475,WP025,Katchur,1,2780,9,WORKING,NORMAL,,2026-07-13 05:37:22
R02476,WP025,Katchur,0,0,0,NOT_WORKING,CRITICAL,Zero flow detected,2026-07-19 02:23:52
R02477,WP025,Katchur,1,1318,13,WORKING,NORMAL,,2026-07-15 20:22:26
R02478,WP025,Katchur,1,1673,5,WORKING,NORMAL,,2026-07-04 20:10:49
R02479,WP025,Katchur,1,3256,12,WORKING,NORMAL,,2026-07-03 01:47:32
R02480,WP025,Katchur,1,513,3,LOW_FLOW,MEDIUM,Flow below operational threshold,2026-07-09 17:05:13
R02481,WP025,Katchur,1,3906,10,WORKING,NORMAL,,2026-07-10 08:31:14
R02482,WP025,Katchur,0,0,0,NOT_WORKING,CRITICAL,Zero flow detected,2026-07-20 06:41:17
R02483,WP025,Katchur,1,3500,5,WORKING,NORMAL,,2026-06-29 09:55:06
R02484,WP025,Katchur,1,3110,7,WORKING,NORMAL,,2026-07-07 07:45:14
R02485,WP025,Katchur,1,1588,12,WORKING,NORMAL,,2026-07-08 09:16:46
R02486,WP025,Katchur,1,2686,7,WORKING,NORMAL,,2026-07-26 13:52:11
R02487,WP025,Katchur,1,3800,7,WORKING,NORMAL,,2026-07-08 09:21:49
R02488,WP025,Katchur,1,2119,10,WORKING,NORMAL,,2026-07-09 21:42:40
R02489,WP025,Katchur,1,1023,13,WORKING,NORMAL,,2026-07-18 08:54:26
R02490,WP025,Katchur,1,2325,7,WORKING,NORMAL,,2026-07-14 03:27:59
R02491,WP025,Katchur,1,2559,12,WORKING,NORMAL,,2026-07-05 23:59:14
R02492,WP025,Katchur,1,2827,10,WORKING,NORMAL,,2026-07-06 09:16:28
R02493,WP025,Katchur,1,3928,7,WORKING,NORMAL,,2026-07-09 10:27:00
R02494,WP025,Katchur,1,3087,12,WORKING,NORMAL,,2026-06-30 04:31:00
R02495,WP025,Katchur,1,1146,8,WORKING,NORMAL,,2026-07-21 22:57:59
R02496,WP025,Katchur,0,0,0,NOT_WORKING,CRITICAL,Zero flow detected,2026-07-05 02:34:56
R02497,WP025,Katchur,1,1471,11,WORKING,NORMAL,,2026-07-16 08:38:01
R02498,WP025,Katchur,1,854,3,LOW_FLOW,MEDIUM,Flow below operational threshold,2026-07-24 13:15:02
R02499,WP025,Katchur,1,3995,12,WORKING,NORMAL,,2026-07-21 05:19:26
R02500,WP025,Katchur,1,2399,14,WORKING,NORMAL,,2026-07-08 08:47:13
R02501,WP026,Senji,1,2222,8,WORKING,NORMAL,,2026-07-14 04:37:50
R02502,WP026,Senji,1,1146,10,WORKING,NORMAL,,2026-07-04 22:04:59
R02503,WP026,Senji,1,1223,10,WORKING,NORMAL,,2026-07-06 06:30:16
R02504,WP026,Senji,1,3443,5,WORKING,NORMAL,,2026-06-28 19:22:23
R02505,WP026,Senji,1,3558,12,WORKING,NORMAL,,2026-07-03 09:58:27
R02506,WP026,Senji,1,3896,9,WORKING,NORMAL,,2026-07-10 15:56:25
R02507,WP026,Senji,1,3262,9,WORKING,NORMAL,,2026-06-28 01:57:45
R02508,WP026,Senji,1,2000,10,WORKING,NORMAL,,2026-06-28 09:15:12
R02509,WP026,Senji,1,207,4,LOW_FLOW,MEDIUM,Flow below operational threshold,2026-06-29 02:48:05
R02510,WP026,Senji,1,1251,11,WORKING,NORMAL,,2026-06-26 21:21:07
R02511,WP026,Senji,1,550,5,LOW_FLOW,MEDIUM,Flow below operational threshold,2026-07-26 06:27:39
R02512,WP026,Senji,1,1888,11,WORKING,NORMAL,,2026-07-21 11:03:46
R02513,WP026,Senji,1,1383,6,WORKING,NORMAL,,2026-07-16 13:29:47
R02514,WP026,Senji,1,2731,7,WORKING,NORMAL,,2026-06-30 01:17:36
R02515,WP026,Senji,1,3658,14,WORKING,NORMAL,,2026-07-23 02:20:10
R02516,WP026,Senji,1,3369,13,WORKING,NORMAL,,2026-07-23 09:02:48
R02517,WP026,Senji,1,2362,14,WORKING,NORMAL,,2026-07-06 00:24:11
R02518,WP026,Senji,1,1808,12,WORKING,NORMAL,,2026-07-17 22:50:47
R02519,WP026,Senji,1,1765,7,WORKING,NORMAL,,2026-07-22 05:23:53
R02520,WP026,Senji,1,1281,7,WORKING,NORMAL,,2026-07-12 18:30:42
R02521,WP026,Senji,1,245,1,LOW_FLOW,MEDIUM,Flow below operational threshold,2026-07-06 12:37:26
R02522,WP026,Senji,1,361,5,LOW_FLOW,MEDIUM,Flow below operational threshold,2026-07-03 15:15:55
R02523,WP026,Senji,0,0,0,NOT_WORKING,CRITICAL,Zero flow detected,2026-07-12 19:18:38
R02524,WP026,Senji,1,1744,6,WORKING,NORMAL,,2026-06-27 18:28:26
R02525,WP026,Senji,1,2576,8,WORKING,NORMAL,,2026-07-15 01:01:21
R02526,WP026,Senji,1,3480,11,WORKING,NORMAL,,2026-07-18 21:14:04
R02527,WP026,Senji,1,1026,6,WORKING,NORMAL,,2026-06-30 07:25:05
R02528,WP026,Senji,1,2544,10,WORKING,NORMAL,,2026-07-07 20:34:21
R02529,WP026,Senji,1,1563,5,WORKING,NORMAL,,2026-07-10 03:01:51
R02530,WP026,Senji,1,3987,10,WORKING,NORMAL,,2026-07-15 08:14:10
R02531,WP026,Senji,1,3331,6,WORKING,NORMAL,,2026-06-27 06:31:41
R02532,WP026,Senji,1,1988,14,WORKING,NORMAL,,2026-07-18 19:03:05
R02533,WP026,Senji,1,550,3,LOW_FLOW,MEDIUM,Flow below operational threshold,2026-07-24 15:32:15
R02534,WP026,Senji,1,2872,11,WORKING,NORMAL,,2026-07-13 10:44:56
R02535,WP026,Senji,1,1140,12,WORKING,NORMAL,,2026-06-30 12:20:52
R02536,WP026,Senji,1,2737,12,WORKING,NORMAL,,2026-07-10 16:06:40
R02537,WP026,Senji,1,2666,8,WORKING,NORMAL,,2026-07-15 05:41:06
R02538,WP026,Senji,1,2538,9,WORKING,NORMAL,,2026-07-09 15:15:58
R02539,WP026,Senji,1,1681,8,WORKING,NORMAL,,2026-07-14 18:22:55
R02540,WP026,Senji,1,1997,11,WORKING,NORMAL,,2026-07-06 07:26:48
R02541,WP026,Senji,1,1482,14,WORKING,NORMAL,,2026-07-26 10:10:17
R02542,WP026,Senji,0,0,0,NOT_WORKING,CRITICAL,Zero flow detected,2026-07-08 03:30:13
R02543,WP026,Senji,1,1108,6,WORKING,NORMAL,,2026-07-04 09:59:08
R02544,WP026,Senji,1,3974,10,WORKING,NORMAL,,2026-07-08 16:05:58
R02545,WP026,Senji,1,2209,9,WORKING,NORMAL,,2026-07-05 19:43:41
R02546,WP026,Senji,1,3192,14,WORKING,NORMAL,,2026-07-20 08:03:17
R02547,WP026,Senji,1,1449,9,WORKING,NORMAL,,2026-07-19 17:37:18
R02548,WP026,Senji,1,707,4,LOW_FLOW,MEDIUM,Flow below operational threshold,2026-07-24 11:39:11
R02549,WP026,Senji,1,3392,13,WORKING,NORMAL,,2026-07-15 14:11:50
R02550,WP026,Senji,1,2458,12,WORKING,NORMAL,,2026-07-23 17:40:59
R02551,WP026,Senji,1,2125,12,WORKING,NORMAL,,2026-07-22 21:27:54
R02552,WP026,Senji,1,3884,9,WORKING,NORMAL,,2026-07-08 03:16:51
R02553,WP026,Senji,1,1277,5,WORKING,NORMAL,,2026-07-06 02:27:25
R02554,WP026,Senji,1,3759,8,WORKING,NORMAL,,2026-07-01 11:08:22
R02555,WP026,Senji,1,3730,5,WORKING,NORMAL,,2026-07-21 11:18:03
R02556,WP026,Senji,1,1505,5,WORKING,NORMAL,,2026-07-18 22:15:16
R02557,WP026,Senji,1,902,3,LOW_FLOW,MEDIUM,Flow below operational threshold,2026-06-27 12:03:41
R02558,WP026,Senji,1,3161,11,WORKING,NORMAL,,2026-07-17 18:27:30
R02559,WP026,Senji,1,2743,13,WORKING,NORMAL,,2026-07-23 14:20:30
R02560,WP026,Senji,1,2811,9,WORKING,NORMAL,,2026-07-10 10:45:26
R02561,WP026,Senji,1,3782,5,WORKING,NORMAL,,2026-07-12 19:28:58
R02562,WP026,Senji,1,2602,11,WORKING,NORMAL,,2026-07-21 04:09:23
R02563,WP026,Senji,1,3155,11,WORKING,NORMAL,,2026-07-17 04:44:55
R02564,WP026,Senji,1,2861,5,WORKING,NORMAL,,2026-07-05 08:55:41
R02565,WP026,Senji,1,3004,6,WORKING,NORMAL,,2026-07-07 02:26:11
R02566,WP026,Senji,1,2900,8,WORKING,NORMAL,,2026-07-09 08:50:32
R02567,WP026,Senji,1,3668,7,WORKING,NORMAL,,2026-07-01 06:52:27
R02568,WP026,Senji,1,2371,10,WORKING,NORMAL,,2026-06-28 11:26:55
R02569,WP026,Senji,1,754,5,LOW_FLOW,MEDIUM,Flow below operational threshold,2026-07-05 01:42:33
R02570,WP026,Senji,1,3941,12,WORKING,NORMAL,,2026-06-27 06:53:51
R02571,WP026,Senji,1,3917,10,WORKING,NORMAL,,2026-07-05 10:26:59
R02572,WP026,Senji,1,1357,9,WORKING,NORMAL,,2026-07-10 10:32:41
R02573,WP026,Senji,1,2304,8,WORKING,NORMAL,,2026-07-11 12:12:02
R02574,WP026,Senji,1,3220,13,WORKING,NORMAL,,2026-07-22 17:44:03
R02575,WP026,Senji,1,260,5,LOW_FLOW,MEDIUM,Flow below operational threshold,2026-07-17 12:37:11
R02576,WP026,Senji,1,1540,7,WORKING,NORMAL,,2026-07-02 08:31:53
R02577,WP026,Senji,1,2397,13,WORKING,NORMAL,,2026-07-09 12:04:30
R02578,WP026,Senji,1,1847,13,WORKING,NORMAL,,2026-07-01 17:35:55
R02579,WP026,Senji,1,2777,13,WORKING,NORMAL,,2026-07-21 22:44:19
R02580,WP026,Senji,1,1520,9,WORKING,NORMAL,,2026-07-22 08:17:32
R02581,WP026,Senji,1,3958,12,WORKING,NORMAL,,2026-07-05 23:27:42
R02582,WP026,Senji,0,0,0,NOT_WORKING,CRITICAL,Zero flow detected,2026-07-01 02:25:55
R02583,WP026,Senji,1,3138,14,WORKING,NORMAL,,2026-07-05 17:53:08
R02584,WP026,Senji,1,1502,7,WORKING,NORMAL,,2026-07-09 07:27:04
R02585,WP026,Senji,1,1353,13,WORKING,NORMAL,,2026-07-10 23:39:53
R02586,WP026,Senji,1,2143,7,WORKING,NORMAL,,2026-07-13 13:30:12
R02587,WP026,Senji,1,2263,14,WORKING,NORMAL,,2026-07-04 18:10:30
R02588,WP026,Senji,1,2053,7,WORKING,NORMAL,,2026-07-19 04:01:45
R02589,WP026,Senji,1,1916,8,WORKING,NORMAL,,2026-07-25 09:43:08
R02590,WP026,Senji,1,1533,14,WORKING,NORMAL,,2026-07-18 01:34:30
R02591,WP026,Senji,1,686,4,LOW_FLOW,MEDIUM,Flow below operational threshold,2026-07-20 06:55:21
R02592,WP026,Senji,1,1009,10,WORKING,NORMAL,,2026-07-03 02:56:45
R02593,WP026,Senji,1,1187,10,WORKING,NORMAL,,2026-07-15 05:49:32
R02594,WP026,Senji,1,1686,7,WORKING,NORMAL,,2026-07-11 17:54:48
R02595,WP026,Senji,1,2650,14,WORKING,NORMAL,,2026-07-14 21:26:01
R02596,WP026,Senji,1,2664,11,WORKING,NORMAL,,2026-07-06 19:40:08
R02597,WP026,Senji,1,929,5,LOW_FLOW,MEDIUM,Flow below operational threshold,2026-06-30 20:15:41
R02598,WP026,Senji,1,596,2,LOW_FLOW,MEDIUM,Flow below operational threshold,2026-07-13 01:56:21
R02599,WP026,Senji,1,3795,5,WORKING,NORMAL,,2026-07-09 15:46:04
R02600,WP026,Senji,1,3811,6,WORKING,NORMAL,,2026-07-20 21:06:15
R02601,WP027,Katchur,1,2167,6,WORKING,NORMAL,,2026-07-21 17:34:52
R02602,WP027,Katchur,1,407,2,LOW_FLOW,MEDIUM,Flow below operational threshold,2026-07-12 23:28:01
R02603,WP027,Katchur,1,3981,8,WORKING,NORMAL,,2026-07-11 23:17:14
R02604,WP027,Katchur,1,3956,8,WORKING,NORMAL,,2026-07-16 11:36:50
R02605,WP027,Katchur,1,3506,14,WORKING,NORMAL,,2026-07-03 23:18:56
R02606,WP027,Katchur,1,1181,12,WORKING,NORMAL,,2026-06-30 07:07:54
R02607,WP027,Katchur,1,2636,6,WORKING,NORMAL,,2026-07-01 18:14:13
R02608,WP027,Katchur,1,3597,14,WORKING,NORMAL,,2026-07-04 07:05:03
R02609,WP027,Katchur,1,2729,14,WORKING,NORMAL,,2026-07-03 14:48:34
R02610,WP027,Katchur,1,2315,8,WORKING,NORMAL,,2026-07-02 12:19:02
R02611,WP027,Katchur,1,2448,5,WORKING,NORMAL,,2026-07-19 12:58:06
R02612,WP027,Katchur,1,2216,10,WORKING,NORMAL,,2026-06-27 20:55:40
R02613,WP027,Katchur,1,3349,5,WORKING,NORMAL,,2026-07-06 09:57:08
R02614,WP027,Katchur,1,781,4,LOW_FLOW,MEDIUM,Flow below operational threshold,2026-07-21 08:14:54
R02615,WP027,Katchur,1,1058,7,WORKING,NORMAL,,2026-07-15 03:43:01
R02616,WP027,Katchur,1,3731,14,WORKING,NORMAL,,2026-07-26 16:07:16
R02617,WP027,Katchur,1,1395,12,WORKING,NORMAL,,2026-07-09 03:54:20
R02618,WP027,Katchur,1,2990,13,WORKING,NORMAL,,2026-06-29 02:26:08
R02619,WP027,Katchur,1,3257,11,WORKING,NORMAL,,2026-06-30 09:04:53
R02620,WP027,Katchur,1,1887,13,WORKING,NORMAL,,2026-06-30 04:17:56
R02621,WP027,Katchur,1,3771,11,WORKING,NORMAL,,2026-07-19 07:07:49
R02622,WP027,Katchur,1,3066,13,WORKING,NORMAL,,2026-07-01 00:44:58
R02623,WP027,Katchur,1,1169,9,WORKING,NORMAL,,2026-06-29 20:51:51
R02624,WP027,Katchur,1,1364,6,WORKING,NORMAL,,2026-07-18 02:27:50
R02625,WP027,Katchur,0,0,0,NOT_WORKING,CRITICAL,Zero flow detected,2026-07-24 15:38:21
R02626,WP027,Katchur,1,3989,6,WORKING,NORMAL,,2026-07-25 04:13:46
R02627,WP027,Katchur,1,3286,14,WORKING,NORMAL,,2026-07-24 01:56:34
R02628,WP027,Katchur,1,701,3,LOW_FLOW,MEDIUM,Flow below operational threshold,2026-07-22 03:16:19
R02629,WP027,Katchur,1,3628,6,WORKING,NORMAL,,2026-07-18 16:32:32
R02630,WP027,Katchur,1,2007,5,WORKING,NORMAL,,2026-06-30 08:05:53
R02631,WP027,Katchur,1,1905,14,WORKING,NORMAL,,2026-07-24 04:24:19
R02632,WP027,Katchur,1,1320,11,WORKING,NORMAL,,2026-07-16 05:09:02
R02633,WP027,Katchur,1,1815,9,WORKING,NORMAL,,2026-06-27 11:39:16
R02634,WP027,Katchur,1,2690,14,WORKING,NORMAL,,2026-07-16 03:21:29
R02635,WP027,Katchur,1,1421,11,WORKING,NORMAL,,2026-07-21 23:17:33
R02636,WP027,Katchur,1,1588,12,WORKING,NORMAL,,2026-07-11 08:32:16
R02637,WP027,Katchur,1,1844,5,WORKING,NORMAL,,2026-07-06 15:32:07
R02638,WP027,Katchur,1,2777,14,WORKING,NORMAL,,2026-07-03 06:24:20
R02639,WP027,Katchur,1,2209,9,WORKING,NORMAL,,2026-07-07 18:06:31
R02640,WP027,Katchur,1,1148,5,WORKING,NORMAL,,2026-07-18 08:34:21
R02641,WP027,Katchur,1,3920,7,WORKING,NORMAL,,2026-07-23 15:05:47
R02642,WP027,Katchur,1,1197,11,WORKING,NORMAL,,2026-07-04 09:31:15
R02643,WP027,Katchur,0,0,0,NOT_WORKING,CRITICAL,Zero flow detected,2026-06-28 13:40:46
R02644,WP027,Katchur,1,626,3,LOW_FLOW,MEDIUM,Flow below operational threshold,2026-07-12 23:40:47
R02645,WP027,Katchur,1,3954,13,WORKING,NORMAL,,2026-07-05 19:12:18
R02646,WP027,Katchur,1,3944,10,WORKING,NORMAL,,2026-07-04 23:05:17
R02647,WP027,Katchur,1,1389,12,WORKING,NORMAL,,2026-07-04 15:06:12
R02648,WP027,Katchur,1,1681,13,WORKING,NORMAL,,2026-07-17 17:19:12
R02649,WP027,Katchur,1,1992,9,WORKING,NORMAL,,2026-07-03 08:47:46
R02650,WP027,Katchur,1,1474,11,WORKING,NORMAL,,2026-07-01 20:00:00
R02651,WP027,Katchur,1,1878,14,WORKING,NORMAL,,2026-07-03 01:55:45
R02652,WP027,Katchur,1,2381,13,WORKING,NORMAL,,2026-07-14 17:36:00
R02653,WP027,Katchur,1,928,3,LOW_FLOW,MEDIUM,Flow below operational threshold,2026-07-09 09:24:00
R02654,WP027,Katchur,1,332,4,LOW_FLOW,MEDIUM,Flow below operational threshold,2026-07-22 10:26:39
R02655,WP027,Katchur,1,3228,5,WORKING,NORMAL,,2026-07-07 20:42:20
R02656,WP027,Katchur,1,1866,9,WORKING,NORMAL,,2026-07-24 18:55:12
R02657,WP027,Katchur,1,3159,5,WORKING,NORMAL,,2026-07-04 00:58:38
R02658,WP027,Katchur,1,2472,6,WORKING,NORMAL,,2026-06-29 04:12:10
R02659,WP027,Katchur,1,595,1,LOW_FLOW,MEDIUM,Flow below operational threshold,2026-07-22 05:14:31
R02660,WP027,Katchur,1,2267,13,WORKING,NORMAL,,2026-07-10 20:19:33
R02661,WP027,Katchur,1,3623,9,WORKING,NORMAL,,2026-07-16 12:24:51
R02662,WP027,Katchur,1,400,3,LOW_FLOW,MEDIUM,Flow below operational threshold,2026-06-29 00:30:16
R02663,WP027,Katchur,1,2032,8,WORKING,NORMAL,,2026-07-03 19:20:34
R02664,WP027,Katchur,1,1998,14,WORKING,NORMAL,,2026-07-22 01:13:07
R02665,WP027,Katchur,1,1588,12,WORKING,NORMAL,,2026-07-25 09:02:10
R02666,WP027,Katchur,1,559,2,LOW_FLOW,MEDIUM,Flow below operational threshold,2026-07-05 01:58:52
R02667,WP027,Katchur,1,1395,8,WORKING,NORMAL,,2026-07-17 01:58:27
R02668,WP027,Katchur,1,2785,12,WORKING,NORMAL,,2026-07-02 12:46:07
R02669,WP027,Katchur,1,3347,14,WORKING,NORMAL,,2026-07-02 12:17:11
R02670,WP027,Katchur,1,3758,12,WORKING,NORMAL,,2026-07-11 17:00:37
R02671,WP027,Katchur,1,2867,6,WORKING,NORMAL,,2026-07-18 13:23:04
R02672,WP027,Katchur,1,3795,8,WORKING,NORMAL,,2026-07-24 05:56:40
R02673,WP027,Katchur,1,2924,9,WORKING,NORMAL,,2026-07-22 01:32:36
R02674,WP027,Katchur,1,1762,8,WORKING,NORMAL,,2026-07-21 12:15:22
R02675,WP027,Katchur,1,2658,6,WORKING,NORMAL,,2026-07-11 20:20:39
R02676,WP027,Katchur,1,1607,6,WORKING,NORMAL,,2026-07-12 11:22:48
R02677,WP027,Katchur,1,3272,6,WORKING,NORMAL,,2026-07-05 16:15:50
R02678,WP027,Katchur,1,1935,14,WORKING,NORMAL,,2026-07-05 07:43:29
R02679,WP027,Katchur,1,397,4,LOW_FLOW,MEDIUM,Flow below operational threshold,2026-06-26 23:47:24
R02680,WP027,Katchur,1,1956,14,WORKING,NORMAL,,2026-07-09 21:11:06
R02681,WP027,Katchur,1,1671,10,WORKING,NORMAL,,2026-07-13 14:24:30
R02682,WP027,Katchur,1,1210,10,WORKING,NORMAL,,2026-07-09 03:31:59
R02683,WP027,Katchur,1,1043,10,WORKING,NORMAL,,2026-06-27 08:52:22
R02684,WP027,Katchur,1,2922,7,WORKING,NORMAL,,2026-07-07 14:25:20
R02685,WP027,Katchur,1,1344,9,WORKING,NORMAL,,2026-07-07 12:21:52
R02686,WP027,Katchur,1,1041,5,WORKING,NORMAL,,2026-07-13 16:09:38
R02687,WP027,Katchur,1,2781,8,WORKING,NORMAL,,2026-06-27 06:29:22
R02688,WP027,Katchur,1,1451,5,WORKING,NORMAL,,2026-07-02 04:40:21
R02689,WP027,Katchur,1,2241,10,WORKING,NORMAL,,2026-07-08 21:52:04
R02690,WP027,Katchur,1,2804,8,WORKING,NORMAL,,2026-07-10 04:24:35
R02691,WP027,Katchur,1,1280,12,WORKING,NORMAL,,2026-06-26 22:14:13
R02692,WP027,Katchur,1,2474,14,WORKING,NORMAL,,2026-07-25 05:39:19
R02693,WP027,Katchur,1,1610,12,WORKING,NORMAL,,2026-07-01 11:05:03
R02694,WP027,Katchur,1,1192,6,WORKING,NORMAL,,2026-07-08 08:59:29
R02695,WP027,Katchur,1,3794,12,WORKING,NORMAL,,2026-07-22 23:55:23
R02696,WP027,Katchur,1,561,1,LOW_FLOW,MEDIUM,Flow below operational threshold,2026-07-08 15:59:16
R02697,WP027,Katchur,1,383,4,LOW_FLOW,MEDIUM,Flow below operational threshold,2026-07-10 08:28:42
R02698,WP027,Katchur,1,849,3,LOW_FLOW,MEDIUM,Flow below operational threshold,2026-06-29 22:08:11
R02699,WP027,Katchur,1,3892,6,WORKING,NORMAL,,2026-07-08 03:19:26
R02700,WP027,Katchur,1,1570,13,WORKING,NORMAL,,2026-07-26 03:27:00
R02701,WP028,Putlur,0,0,0,NOT_WORKING,CRITICAL,Zero flow detected,2026-06-30 17:50:48
R02702,WP028,Putlur,1,2861,11,WORKING,NORMAL,,2026-07-01 06:38:45
R02703,WP028,Putlur,1,3843,11,WORKING,NORMAL,,2026-07-12 10:14:31
R02704,WP028,Putlur,1,3459,14,WORKING,NORMAL,,2026-07-18 22:17:03
R02705,WP028,Putlur,1,1770,7,WORKING,NORMAL,,2026-07-17 16:07:49
R02706,WP028,Putlur,1,657,5,LOW_FLOW,MEDIUM,Flow below operational threshold,2026-07-13 02:20:39
R02707,WP028,Putlur,1,3088,10,WORKING,NORMAL,,2026-06-27 21:20:54
R02708,WP028,Putlur,1,3847,9,WORKING,NORMAL,,2026-07-18 00:21:17
R02709,WP028,Putlur,1,1464,6,WORKING,NORMAL,,2026-07-06 06:35:53
R02710,WP028,Putlur,1,985,2,LOW_FLOW,MEDIUM,Flow below operational threshold,2026-06-30 20:55:58
R02711,WP028,Putlur,1,2172,10,WORKING,NORMAL,,2026-07-14 01:36:48
R02712,WP028,Putlur,1,3985,11,WORKING,NORMAL,,2026-06-29 05:29:05
R02713,WP028,Putlur,1,317,3,LOW_FLOW,MEDIUM,Flow below operational threshold,2026-07-06 04:50:00
R02714,WP028,Putlur,1,2219,6,WORKING,NORMAL,,2026-07-10 06:25:12
R02715,WP028,Putlur,1,2939,7,WORKING,NORMAL,,2026-07-01 15:05:40
R02716,WP028,Putlur,1,1889,12,WORKING,NORMAL,,2026-07-24 21:24:02
R02717,WP028,Putlur,1,2255,6,WORKING,NORMAL,,2026-07-03 22:39:46
R02718,WP028,Putlur,1,1329,8,WORKING,NORMAL,,2026-07-11 20:19:06
R02719,WP028,Putlur,1,3082,10,WORKING,NORMAL,,2026-07-23 09:38:14
R02720,WP028,Putlur,1,1146,10,WORKING,NORMAL,,2026-07-14 23:38:41
R02721,WP028,Putlur,1,2256,14,WORKING,NORMAL,,2026-07-25 16:34:48
R02722,WP028,Putlur,1,3897,12,WORKING,NORMAL,,2026-07-11 02:07:51
R02723,WP028,Putlur,1,1926,7,WORKING,NORMAL,,2026-07-19 22:08:04
R02724,WP028,Putlur,1,3360,5,WORKING,NORMAL,,2026-07-21 22:34:48
R02725,WP028,Putlur,1,915,4,LOW_FLOW,MEDIUM,Flow below operational threshold,2026-07-25 15:13:01
R02726,WP028,Putlur,1,1529,7,WORKING,NORMAL,,2026-07-06 18:33:11
R02727,WP028,Putlur,1,3456,9,WORKING,NORMAL,,2026-07-02 00:02:00
R02728,WP028,Putlur,1,2340,14,WORKING,NORMAL,,2026-07-20 13:08:20
R02729,WP028,Putlur,1,3933,14,WORKING,NORMAL,,2026-07-09 22:40:46
R02730,WP028,Putlur,1,3448,5,WORKING,NORMAL,,2026-07-05 23:24:02
R02731,WP028,Putlur,1,1243,10,WORKING,NORMAL,,2026-07-19 08:55:39
R02732,WP028,Putlur,1,2244,8,WORKING,NORMAL,,2026-07-20 08:24:01
R02733,WP028,Putlur,1,2001,5,WORKING,NORMAL,,2026-07-07 02:15:17
R02734,WP028,Putlur,0,0,0,NOT_WORKING,CRITICAL,Zero flow detected,2026-07-05 23:13:00
R02735,WP028,Putlur,1,3468,8,WORKING,NORMAL,,2026-07-18 12:50:24
R02736,WP028,Putlur,1,2738,5,WORKING,NORMAL,,2026-07-15 21:00:58
R02737,WP028,Putlur,1,3107,6,WORKING,NORMAL,,2026-06-28 21:42:26
R02738,WP028,Putlur,1,2946,5,WORKING,NORMAL,,2026-07-23 03:32:32
R02739,WP028,Putlur,1,1878,9,WORKING,NORMAL,,2026-07-21 15:02:53
R02740,WP028,Putlur,1,3422,6,WORKING,NORMAL,,2026-07-23 14:55:02
R02741,WP028,Putlur,1,3386,13,WORKING,NORMAL,,2026-06-29 14:09:20
R02742,WP028,Putlur,1,2834,5,WORKING,NORMAL,,2026-06-30 15:14:51
R02743,WP028,Putlur,1,2945,14,WORKING,NORMAL,,2026-07-01 20:21:09
R02744,WP028,Putlur,1,3706,14,WORKING,NORMAL,,2026-07-12 13:19:38
R02745,WP028,Putlur,1,3707,13,WORKING,NORMAL,,2026-07-01 02:28:23
R02746,WP028,Putlur,1,1206,7,WORKING,NORMAL,,2026-07-08 00:15:18
R02747,WP028,Putlur,1,3995,8,WORKING,NORMAL,,2026-07-16 23:19:53
R02748,WP028,Putlur,1,1418,6,WORKING,NORMAL,,2026-07-01 11:34:29
R02749,WP028,Putlur,1,3659,11,WORKING,NORMAL,,2026-07-14 04:43:58
R02750,WP028,Putlur,1,2224,5,WORKING,NORMAL,,2026-07-26 00:48:34
R02751,WP028,Putlur,1,1073,8,WORKING,NORMAL,,2026-07-06 12:28:25
R02752,WP028,Putlur,1,3732,6,WORKING,NORMAL,,2026-07-19 21:46:39
R02753,WP028,Putlur,1,237,3,LOW_FLOW,MEDIUM,Flow below operational threshold,2026-07-06 10:31:29
R02754,WP028,Putlur,1,1297,5,WORKING,NORMAL,,2026-07-26 15:37:49
R02755,WP028,Putlur,1,3684,8,WORKING,NORMAL,,2026-07-04 11:37:16
R02756,WP028,Putlur,1,1513,13,WORKING,NORMAL,,2026-07-15 19:21:01
R02757,WP028,Putlur,1,3238,7,WORKING,NORMAL,,2026-07-09 17:45:52
R02758,WP028,Putlur,1,3406,13,WORKING,NORMAL,,2026-07-22 10:39:22
R02759,WP028,Putlur,1,1830,5,WORKING,NORMAL,,2026-07-10 17:03:36
R02760,WP028,Putlur,1,1861,14,WORKING,NORMAL,,2026-07-01 13:30:51
R02761,WP028,Putlur,1,2711,14,WORKING,NORMAL,,2026-06-30 07:33:59
R02762,WP028,Putlur,1,1112,13,WORKING,NORMAL,,2026-07-12 21:40:05
R02763,WP028,Putlur,1,1542,14,WORKING,NORMAL,,2026-07-09 00:34:58
R02764,WP028,Putlur,1,3195,6,WORKING,NORMAL,,2026-06-26 19:14:39
R02765,WP028,Putlur,1,2673,12,WORKING,NORMAL,,2026-07-15 22:05:20
R02766,WP028,Putlur,1,1480,13,WORKING,NORMAL,,2026-07-14 14:22:01
R02767,WP028,Putlur,0,0,0,NOT_WORKING,CRITICAL,Zero flow detected,2026-07-15 00:05:14
R02768,WP028,Putlur,1,2256,5,WORKING,NORMAL,,2026-06-30 20:27:18
R02769,WP028,Putlur,1,1470,14,WORKING,NORMAL,,2026-07-16 08:17:43
R02770,WP028,Putlur,1,459,4,LOW_FLOW,MEDIUM,Flow below operational threshold,2026-07-24 15:42:34
R02771,WP028,Putlur,1,2761,8,WORKING,NORMAL,,2026-07-26 17:06:23
R02772,WP028,Putlur,1,1429,12,WORKING,NORMAL,,2026-07-15 18:11:35
R02773,WP028,Putlur,1,1694,14,WORKING,NORMAL,,2026-07-06 10:39:16
R02774,WP028,Putlur,1,3621,10,WORKING,NORMAL,,2026-07-25 20:06:19
R02775,WP028,Putlur,1,1560,14,WORKING,NORMAL,,2026-06-29 04:04:30
R02776,WP028,Putlur,1,1114,9,WORKING,NORMAL,,2026-07-17 05:36:13
R02777,WP028,Putlur,1,3203,14,WORKING,NORMAL,,2026-07-16 05:16:54
R02778,WP028,Putlur,1,1635,14,WORKING,NORMAL,,2026-07-21 20:42:27
R02779,WP028,Putlur,1,3020,11,WORKING,NORMAL,,2026-07-02 04:07:53
R02780,WP028,Putlur,0,0,0,NOT_WORKING,CRITICAL,Zero flow detected,2026-07-06 23:05:30
R02781,WP028,Putlur,1,2072,13,WORKING,NORMAL,,2026-06-28 06:30:22
R02782,WP028,Putlur,1,731,1,LOW_FLOW,MEDIUM,Flow below operational threshold,2026-07-11 16:12:28
R02783,WP028,Putlur,1,3795,10,WORKING,NORMAL,,2026-06-30 03:36:36
R02784,WP028,Putlur,1,3643,12,WORKING,NORMAL,,2026-07-04 10:29:44
R02785,WP028,Putlur,1,3716,11,WORKING,NORMAL,,2026-07-23 10:50:17
R02786,WP028,Putlur,1,3207,5,WORKING,NORMAL,,2026-07-26 06:24:42
R02787,WP028,Putlur,1,718,2,LOW_FLOW,MEDIUM,Flow below operational threshold,2026-07-13 17:36:55
R02788,WP028,Putlur,1,2614,7,WORKING,NORMAL,,2026-07-18 20:37:35
R02789,WP028,Putlur,1,3844,5,WORKING,NORMAL,,2026-07-17 01:32:28
R02790,WP028,Putlur,1,1518,12,WORKING,NORMAL,,2026-07-23 12:37:47
R02791,WP028,Putlur,1,2928,12,WORKING,NORMAL,,2026-07-15 03:25:40
R02792,WP028,Putlur,1,2413,6,WORKING,NORMAL,,2026-07-24 01:04:07
R02793,WP028,Putlur,1,2133,8,WORKING,NORMAL,,2026-07-04 23:33:06
R02794,WP028,Putlur,1,854,5,LOW_FLOW,MEDIUM,Flow below operational threshold,2026-06-26 20:40:08
R02795,WP028,Putlur,1,3651,8,WORKING,NORMAL,,2026-07-23 09:30:36
R02796,WP028,Putlur,1,357,3,LOW_FLOW,MEDIUM,Flow below operational threshold,2026-07-05 01:00:03
R02797,WP028,Putlur,1,1611,11,WORKING,NORMAL,,2026-07-05 00:29:14
R02798,WP028,Putlur,1,3237,5,WORKING,NORMAL,,2026-07-13 14:16:05
R02799,WP028,Putlur,1,1734,11,WORKING,NORMAL,,2026-07-13 17:06:20
R02800,WP028,Putlur,1,3665,10,WORKING,NORMAL,,2026-07-11 21:47:31
R02801,WP029,Sholavaram,1,1215,6,WORKING,NORMAL,,2026-07-08 14:54:26
R02802,WP029,Sholavaram,1,2100,11,WORKING,NORMAL,,2026-07-05 19:58:50
R02803,WP029,Sholavaram,1,3703,10,WORKING,NORMAL,,2026-07-12 10:03:07
R02804,WP029,Sholavaram,1,3398,7,WORKING,NORMAL,,2026-07-06 02:01:47
R02805,WP029,Sholavaram,1,3364,10,WORKING,NORMAL,,2026-07-25 18:45:53
R02806,WP029,Sholavaram,1,3977,12,WORKING,NORMAL,,2026-07-07 22:45:14
R02807,WP029,Sholavaram,1,2134,10,WORKING,NORMAL,,2026-07-22 12:08:33
R02808,WP029,Sholavaram,1,1576,7,WORKING,NORMAL,,2026-07-04 16:13:14
R02809,WP029,Sholavaram,1,2326,9,WORKING,NORMAL,,2026-06-27 07:41:26
R02810,WP029,Sholavaram,1,2061,5,WORKING,NORMAL,,2026-07-21 23:01:47
R02811,WP029,Sholavaram,1,2281,9,WORKING,NORMAL,,2026-07-22 18:51:58
R02812,WP029,Sholavaram,1,2359,10,WORKING,NORMAL,,2026-07-02 22:27:01
R02813,WP029,Sholavaram,1,3403,8,WORKING,NORMAL,,2026-07-26 05:56:11
R02814,WP029,Sholavaram,1,1651,8,WORKING,NORMAL,,2026-07-02 10:44:40
R02815,WP029,Sholavaram,1,3006,9,WORKING,NORMAL,,2026-07-14 15:53:15
R02816,WP029,Sholavaram,1,3035,13,WORKING,NORMAL,,2026-06-30 09:33:03
R02817,WP029,Sholavaram,1,3203,6,WORKING,NORMAL,,2026-07-25 14:20:33
R02818,WP029,Sholavaram,0,0,0,NOT_WORKING,CRITICAL,Zero flow detected,2026-07-19 10:24:27
R02819,WP029,Sholavaram,1,2498,6,WORKING,NORMAL,,2026-07-16 16:46:32
R02820,WP029,Sholavaram,1,1119,6,WORKING,NORMAL,,2026-07-05 17:23:07
R02821,WP029,Sholavaram,1,3301,11,WORKING,NORMAL,,2026-07-14 19:06:53
R02822,WP029,Sholavaram,1,352,4,LOW_FLOW,MEDIUM,Flow below operational threshold,2026-07-15 14:23:32
R02823,WP029,Sholavaram,1,1487,11,WORKING,NORMAL,,2026-07-22 02:56:56
R02824,WP029,Sholavaram,1,3516,11,WORKING,NORMAL,,2026-06-30 07:31:39
R02825,WP029,Sholavaram,1,853,3,LOW_FLOW,MEDIUM,Flow below operational threshold,2026-07-05 17:19:16
R02826,WP029,Sholavaram,1,3628,9,WORKING,NORMAL,,2026-07-06 17:42:38
R02827,WP029,Sholavaram,1,2664,14,WORKING,NORMAL,,2026-07-16 18:39:12
R02828,WP029,Sholavaram,1,2214,5,WORKING,NORMAL,,2026-07-24 16:49:56
R02829,WP029,Sholavaram,1,1785,6,WORKING,NORMAL,,2026-06-28 17:18:00
R02830,WP029,Sholavaram,1,3539,10,WORKING,NORMAL,,2026-07-01 07:26:28
R02831,WP029,Sholavaram,1,2495,10,WORKING,NORMAL,,2026-07-22 21:42:07
R02832,WP029,Sholavaram,1,3091,14,WORKING,NORMAL,,2026-07-02 22:18:39
R02833,WP029,Sholavaram,0,0,0,NOT_WORKING,CRITICAL,Zero flow detected,2026-07-17 09:07:50
R02834,WP029,Sholavaram,1,3796,10,WORKING,NORMAL,,2026-07-25 10:23:40
R02835,WP029,Sholavaram,1,2861,14,WORKING,NORMAL,,2026-07-07 10:12:29
R02836,WP029,Sholavaram,1,2982,8,WORKING,NORMAL,,2026-07-19 17:47:14
R02837,WP029,Sholavaram,1,3044,6,WORKING,NORMAL,,2026-07-11 20:21:30
R02838,WP029,Sholavaram,1,3634,9,WORKING,NORMAL,,2026-07-10 10:20:10
R02839,WP029,Sholavaram,1,3462,6,WORKING,NORMAL,,2026-07-15 19:41:10
R02840,WP029,Sholavaram,1,3912,7,WORKING,NORMAL,,2026-07-25 04:51:57
R02841,WP029,Sholavaram,1,1350,11,WORKING,NORMAL,,2026-07-06 02:52:48
R02842,WP029,Sholavaram,1,927,2,LOW_FLOW,MEDIUM,Flow below operational threshold,2026-07-11 00:02:09
R02843,WP029,Sholavaram,1,2954,9,WORKING,NORMAL,,2026-07-13 17:21:36
R02844,WP029,Sholavaram,1,2524,14,WORKING,NORMAL,,2026-07-21 15:20:55
R02845,WP029,Sholavaram,1,2168,10,WORKING,NORMAL,,2026-06-28 01:12:32
R02846,WP029,Sholavaram,1,1557,10,WORKING,NORMAL,,2026-06-30 15:39:41
R02847,WP029,Sholavaram,1,2594,12,WORKING,NORMAL,,2026-07-25 18:21:21
R02848,WP029,Sholavaram,1,2539,12,WORKING,NORMAL,,2026-07-12 09:47:30
R02849,WP029,Sholavaram,1,1036,14,WORKING,NORMAL,,2026-07-25 14:17:56
R02850,WP029,Sholavaram,1,1674,10,WORKING,NORMAL,,2026-06-30 02:33:58
R02851,WP029,Sholavaram,1,2653,6,WORKING,NORMAL,,2026-07-23 17:54:18
R02852,WP029,Sholavaram,1,2179,5,WORKING,NORMAL,,2026-07-09 23:20:18
R02853,WP029,Sholavaram,0,0,0,NOT_WORKING,CRITICAL,Zero flow detected,2026-07-02 09:07:41
R02854,WP029,Sholavaram,1,2375,8,WORKING,NORMAL,,2026-07-23 12:10:06
R02855,WP029,Sholavaram,1,2999,8,WORKING,NORMAL,,2026-07-20 01:12:39
R02856,WP029,Sholavaram,1,550,2,LOW_FLOW,MEDIUM,Flow below operational threshold,2026-07-01 19:55:10
R02857,WP029,Sholavaram,1,1256,7,WORKING,NORMAL,,2026-07-02 19:52:13
R02858,WP029,Sholavaram,1,1029,5,WORKING,NORMAL,,2026-07-19 17:13:31
R02859,WP029,Sholavaram,1,1071,9,WORKING,NORMAL,,2026-07-11 01:32:51
R02860,WP029,Sholavaram,1,2692,6,WORKING,NORMAL,,2026-07-11 09:09:31
R02861,WP029,Sholavaram,1,3015,5,WORKING,NORMAL,,2026-06-30 07:11:47
R02862,WP029,Sholavaram,1,262,2,LOW_FLOW,MEDIUM,Flow below operational threshold,2026-07-17 13:06:59
R02863,WP029,Sholavaram,1,683,3,LOW_FLOW,MEDIUM,Flow below operational threshold,2026-07-16 10:16:47
R02864,WP029,Sholavaram,1,3764,6,WORKING,NORMAL,,2026-07-11 00:16:47
R02865,WP029,Sholavaram,1,1946,6,WORKING,NORMAL,,2026-07-03 10:45:43
R02866,WP029,Sholavaram,1,2870,5,WORKING,NORMAL,,2026-07-03 03:52:35
R02867,WP029,Sholavaram,1,2639,11,WORKING,NORMAL,,2026-07-04 12:00:10
R02868,WP029,Sholavaram,1,1792,10,WORKING,NORMAL,,2026-07-05 16:13:08
R02869,WP029,Sholavaram,1,1017,5,WORKING,NORMAL,,2026-06-29 11:03:45
R02870,WP029,Sholavaram,1,1357,14,WORKING,NORMAL,,2026-07-21 18:36:56
R02871,WP029,Sholavaram,1,2291,7,WORKING,NORMAL,,2026-07-03 03:37:26
R02872,WP029,Sholavaram,1,1677,14,WORKING,NORMAL,,2026-07-19 17:32:53
R02873,WP029,Sholavaram,1,2099,11,WORKING,NORMAL,,2026-07-03 01:01:58
R02874,WP029,Sholavaram,1,914,5,LOW_FLOW,MEDIUM,Flow below operational threshold,2026-07-07 18:15:34
R02875,WP029,Sholavaram,1,622,3,LOW_FLOW,MEDIUM,Flow below operational threshold,2026-07-22 04:55:30
R02876,WP029,Sholavaram,1,3762,12,WORKING,NORMAL,,2026-07-19 16:56:37
R02877,WP029,Sholavaram,1,2458,11,WORKING,NORMAL,,2026-07-11 12:34:46
R02878,WP029,Sholavaram,1,2392,13,WORKING,NORMAL,,2026-07-20 09:03:54
R02879,WP029,Sholavaram,1,428,5,LOW_FLOW,MEDIUM,Flow below operational threshold,2026-07-18 14:18:18
R02880,WP029,Sholavaram,1,3872,10,WORKING,NORMAL,,2026-07-03 16:14:59
R02881,WP029,Sholavaram,1,1537,11,WORKING,NORMAL,,2026-07-23 15:52:07
R02882,WP029,Sholavaram,1,1721,6,WORKING,NORMAL,,2026-07-16 20:23:39
R02883,WP029,Sholavaram,1,1517,10,WORKING,NORMAL,,2026-07-10 10:08:04
R02884,WP029,Sholavaram,1,2899,8,WORKING,NORMAL,,2026-06-28 23:40:07
R02885,WP029,Sholavaram,1,3004,9,WORKING,NORMAL,,2026-07-25 06:35:46
R02886,WP029,Sholavaram,1,3324,11,WORKING,NORMAL,,2026-07-13 11:10:40
R02887,WP029,Sholavaram,1,3533,7,WORKING,NORMAL,,2026-07-16 11:48:35
R02888,WP029,Sholavaram,1,1423,8,WORKING,NORMAL,,2026-06-27 14:03:09
R02889,WP029,Sholavaram,1,727,5,LOW_FLOW,MEDIUM,Flow below operational threshold,2026-06-28 22:59:50
R02890,WP029,Sholavaram,1,375,5,LOW_FLOW,MEDIUM,Flow below operational threshold,2026-07-03 03:13:10
R02891,WP029,Sholavaram,1,2073,12,WORKING,NORMAL,,2026-07-22 02:53:08
R02892,WP029,Sholavaram,1,3153,6,WORKING,NORMAL,,2026-07-17 19:29:49
R02893,WP029,Sholavaram,1,1278,14,WORKING,NORMAL,,2026-07-05 13:17:41
R02894,WP029,Sholavaram,1,1828,11,WORKING,NORMAL,,2026-07-08 22:00:45
R02895,WP029,Sholavaram,1,3449,8,WORKING,NORMAL,,2026-07-16 02:15:15
R02896,WP029,Sholavaram,1,2845,10,WORKING,NORMAL,,2026-07-09 01:04:17
R02897,WP029,Sholavaram,1,947,4,LOW_FLOW,MEDIUM,Flow below operational threshold,2026-07-22 15:12:07
R02898,WP029,Sholavaram,1,3451,5,WORKING,NORMAL,,2026-06-27 20:29:53
R02899,WP029,Sholavaram,1,1426,8,WORKING,NORMAL,,2026-07-24 20:51:29
R02900,WP029,Sholavaram,1,3499,12,WORKING,NORMAL,,2026-07-09 07:53:12
R02901,WP030,Pannur,1,2617,13,WORKING,NORMAL,,2026-07-02 22:58:41
R02902,WP030,Pannur,1,2992,14,WORKING,NORMAL,,2026-07-18 03:52:23
R02903,WP030,Pannur,1,1502,7,WORKING,NORMAL,,2026-07-05 07:45:32
R02904,WP030,Pannur,1,575,5,LOW_FLOW,MEDIUM,Flow below operational threshold,2026-07-23 13:02:11
R02905,WP030,Pannur,1,334,2,LOW_FLOW,MEDIUM,Flow below operational threshold,2026-07-08 10:47:05
R02906,WP030,Pannur,1,3403,13,WORKING,NORMAL,,2026-07-09 18:05:22
R02907,WP030,Pannur,1,2052,10,WORKING,NORMAL,,2026-06-29 11:33:58
R02908,WP030,Pannur,1,486,5,LOW_FLOW,MEDIUM,Flow below operational threshold,2026-06-26 22:58:30
R02909,WP030,Pannur,1,2712,11,WORKING,NORMAL,,2026-07-24 18:53:11
R02910,WP030,Pannur,0,0,0,NOT_WORKING,CRITICAL,Zero flow detected,2026-07-22 18:33:32
R02911,WP030,Pannur,1,1386,8,WORKING,NORMAL,,2026-06-28 11:10:15
R02912,WP030,Pannur,1,2417,5,WORKING,NORMAL,,2026-06-27 01:08:22
R02913,WP030,Pannur,1,2971,12,WORKING,NORMAL,,2026-07-05 01:51:09
R02914,WP030,Pannur,1,3268,8,WORKING,NORMAL,,2026-07-04 03:41:04
R02915,WP030,Pannur,1,3558,10,WORKING,NORMAL,,2026-07-12 21:09:57
R02916,WP030,Pannur,1,3891,8,WORKING,NORMAL,,2026-07-22 09:29:41
R02917,WP030,Pannur,1,3558,8,WORKING,NORMAL,,2026-07-22 19:02:20
R02918,WP030,Pannur,1,1318,12,WORKING,NORMAL,,2026-07-11 22:34:04
R02919,WP030,Pannur,1,1441,7,WORKING,NORMAL,,2026-07-15 15:35:03
R02920,WP030,Pannur,1,1263,7,WORKING,NORMAL,,2026-07-09 18:54:50
R02921,WP030,Pannur,1,3922,11,WORKING,NORMAL,,2026-07-24 12:10:26
R02922,WP030,Pannur,1,3078,12,WORKING,NORMAL,,2026-07-11 19:15:14
R02923,WP030,Pannur,1,200,4,LOW_FLOW,MEDIUM,Flow below operational threshold,2026-06-27 05:17:46
R02924,WP030,Pannur,1,1284,12,WORKING,NORMAL,,2026-07-11 09:24:56
R02925,WP030,Pannur,1,2292,6,WORKING,NORMAL,,2026-07-18 05:52:42
R02926,WP030,Pannur,1,2035,5,WORKING,NORMAL,,2026-07-06 02:17:31
R02927,WP030,Pannur,1,1227,8,WORKING,NORMAL,,2026-07-02 23:16:05
R02928,WP030,Pannur,1,3595,13,WORKING,NORMAL,,2026-07-11 22:55:41
R02929,WP030,Pannur,0,0,0,NOT_WORKING,CRITICAL,Zero flow detected,2026-07-09 20:57:51
R02930,WP030,Pannur,1,2701,12,WORKING,NORMAL,,2026-06-28 01:23:00
R02931,WP030,Pannur,1,1043,12,WORKING,NORMAL,,2026-07-07 02:07:25
R02932,WP030,Pannur,1,3057,11,WORKING,NORMAL,,2026-07-21 17:10:30
R02933,WP030,Pannur,1,320,4,LOW_FLOW,MEDIUM,Flow below operational threshold,2026-07-05 23:30:22
R02934,WP030,Pannur,1,1581,9,WORKING,NORMAL,,2026-07-14 11:48:04
R02935,WP030,Pannur,1,2564,8,WORKING,NORMAL,,2026-07-20 12:49:59
R02936,WP030,Pannur,1,2579,8,WORKING,NORMAL,,2026-07-18 17:24:27
R02937,WP030,Pannur,1,3883,7,WORKING,NORMAL,,2026-07-18 05:31:20
R02938,WP030,Pannur,1,3258,14,WORKING,NORMAL,,2026-07-10 03:41:31
R02939,WP030,Pannur,1,1398,13,WORKING,NORMAL,,2026-07-04 17:42:17
R02940,WP030,Pannur,1,3134,6,WORKING,NORMAL,,2026-07-09 09:02:44
R02941,WP030,Pannur,1,3139,10,WORKING,NORMAL,,2026-07-21 09:36:51
R02942,WP030,Pannur,1,1980,12,WORKING,NORMAL,,2026-07-12 06:32:25
R02943,WP030,Pannur,1,332,3,LOW_FLOW,MEDIUM,Flow below operational threshold,2026-07-10 09:51:15
R02944,WP030,Pannur,1,3810,6,WORKING,NORMAL,,2026-07-10 15:03:32
R02945,WP030,Pannur,1,2814,14,WORKING,NORMAL,,2026-07-03 16:36:09
R02946,WP030,Pannur,1,1329,9,WORKING,NORMAL,,2026-07-18 20:10:58
R02947,WP030,Pannur,1,2065,10,WORKING,NORMAL,,2026-07-12 18:19:02
R02948,WP030,Pannur,1,2333,6,WORKING,NORMAL,,2026-07-14 23:36:29
R02949,WP030,Pannur,1,3723,6,WORKING,NORMAL,,2026-07-23 10:56:29
R02950,WP030,Pannur,1,2194,12,WORKING,NORMAL,,2026-07-01 07:09:52
R02951,WP030,Pannur,1,350,4,LOW_FLOW,MEDIUM,Flow below operational threshold,2026-07-04 08:30:39
R02952,WP030,Pannur,1,2773,10,WORKING,NORMAL,,2026-07-11 17:57:03
R02953,WP030,Pannur,1,3202,14,WORKING,NORMAL,,2026-07-03 16:38:43
R02954,WP030,Pannur,1,1642,12,WORKING,NORMAL,,2026-07-24 18:17:24
R02955,WP030,Pannur,1,2016,11,WORKING,NORMAL,,2026-07-19 16:32:55
R02956,WP030,Pannur,1,2905,11,WORKING,NORMAL,,2026-06-27 19:47:58
R02957,WP030,Pannur,1,1143,5,WORKING,NORMAL,,2026-07-16 09:33:36
R02958,WP030,Pannur,1,3077,10,WORKING,NORMAL,,2026-07-19 18:14:12
R02959,WP030,Pannur,1,3369,9,WORKING,NORMAL,,2026-07-10 01:42:25
R02960,WP030,Pannur,1,247,4,LOW_FLOW,MEDIUM,Flow below operational threshold,2026-07-08 19:42:03
R02961,WP030,Pannur,1,1393,12,WORKING,NORMAL,,2026-07-12 09:59:35
R02962,WP030,Pannur,1,1191,8,WORKING,NORMAL,,2026-07-14 10:47:37
R02963,WP030,Pannur,1,2422,5,WORKING,NORMAL,,2026-07-20 23:23:30
R02964,WP030,Pannur,1,2783,13,WORKING,NORMAL,,2026-07-02 13:14:13
R02965,WP030,Pannur,1,722,2,LOW_FLOW,MEDIUM,Flow below operational threshold,2026-07-12 00:18:42
R02966,WP030,Pannur,1,2917,5,WORKING,NORMAL,,2026-07-02 11:02:38
R02967,WP030,Pannur,1,1664,11,WORKING,NORMAL,,2026-07-25 19:27:56
R02968,WP030,Pannur,1,3410,8,WORKING,NORMAL,,2026-07-11 10:28:24
R02969,WP030,Pannur,1,2859,13,WORKING,NORMAL,,2026-07-10 05:42:40
R02970,WP030,Pannur,1,3067,11,WORKING,NORMAL,,2026-07-03 14:42:56
R02971,WP030,Pannur,1,2793,6,WORKING,NORMAL,,2026-07-26 13:41:54
R02972,WP030,Pannur,1,394,3,LOW_FLOW,MEDIUM,Flow below operational threshold,2026-07-26 14:19:30
R02973,WP030,Pannur,0,0,0,NOT_WORKING,CRITICAL,Zero flow detected,2026-07-10 00:56:23
R02974,WP030,Pannur,1,1758,6,WORKING,NORMAL,,2026-07-13 21:12:43
R02975,WP030,Pannur,1,1445,14,WORKING,NORMAL,,2026-07-08 12:43:59
R02976,WP030,Pannur,1,1841,8,WORKING,NORMAL,,2026-06-30 08:55:28
R02977,WP030,Pannur,1,700,2,LOW_FLOW,MEDIUM,Flow below operational threshold,2026-07-21 11:47:00
R02978,WP030,Pannur,1,808,2,LOW_FLOW,MEDIUM,Flow below operational threshold,2026-06-29 20:25:52
R02979,WP030,Pannur,1,837,5,LOW_FLOW,MEDIUM,Flow below operational threshold,2026-07-07 11:10:27
R02980,WP030,Pannur,1,2417,7,WORKING,NORMAL,,2026-07-11 18:56:17
R02981,WP030,Pannur,1,3664,7,WORKING,NORMAL,,2026-07-05 23:58:02
R02982,WP030,Pannur,1,3120,14,WORKING,NORMAL,,2026-07-09 10:44:26
R02983,WP030,Pannur,1,1819,9,WORKING,NORMAL,,2026-07-09 11:12:05
R02984,WP030,Pannur,1,2899,14,WORKING,NORMAL,,2026-07-07 20:53:25
R02985,WP030,Pannur,1,2658,14,WORKING,NORMAL,,2026-07-08 12:56:29
R02986,WP030,Pannur,1,2390,13,WORKING,NORMAL,,2026-07-22 09:49:16
R02987,WP030,Pannur,1,2027,13,WORKING,NORMAL,,2026-07-25 23:49:23
R02988,WP030,Pannur,1,1822,13,WORKING,NORMAL,,2026-07-07 10:51:20
R02989,WP030,Pannur,1,2732,7,WORKING,NORMAL,,2026-06-30 16:09:58
R02990,WP030,Pannur,1,3828,14,WORKING,NORMAL,,2026-07-15 00:43:55
R02991,WP030,Pannur,1,2222,14,WORKING,NORMAL,,2026-07-15 18:36:17
R02992,WP030,Pannur,1,2942,14,WORKING,NORMAL,,2026-07-05 14:26:59
R02993,WP030,Pannur,1,1757,7,WORKING,NORMAL,,2026-07-07 22:09:52
R02994,WP030,Pannur,1,1446,5,WORKING,NORMAL,,2026-06-30 06:55:23
R02995,WP030,Pannur,1,1143,9,WORKING,NORMAL,,2026-07-04 12:44:21
R02996,WP030,Pannur,1,2955,9,WORKING,NORMAL,,2026-06-30 23:27:00
R02997,WP030,Pannur,1,1211,12,WORKING,NORMAL,,2026-07-11 04:19:35
R02998,WP030,Pannur,1,1680,14,WORKING,NORMAL,,2026-07-16 20:09:08
R02999,WP030,Pannur,1,3344,10,WORKING,NORMAL,,2026-07-16 17:20:18
R03000,WP030,Pannur,1,1232,6,WORKING,NORMAL,,2026-07-13 22:13:01
R03001,WP031,Sholavaram,1,598,4,LOW_FLOW,MEDIUM,Flow below operational threshold,2026-07-17 17:20:47
R03002,WP031,Sholavaram,1,1091,8,WORKING,NORMAL,,2026-07-13 11:07:04
R03003,WP031,Sholavaram,1,1275,5,WORKING,NORMAL,,2026-06-27 16:53:00
R03004,WP031,Sholavaram,1,2023,11,WORKING,NORMAL,,2026-07-18 06:27:40
R03005,WP031,Sholavaram,1,880,2,LOW_FLOW,MEDIUM,Flow below operational threshold,2026-07-13 12:53:22
R03006,WP031,Sholavaram,1,2306,6,WORKING,NORMAL,,2026-07-18 07:40:50
R03007,WP031,Sholavaram,1,3518,12,WORKING,NORMAL,,2026-07-10 11:35:59
R03008,WP031,Sholavaram,1,3730,10,WORKING,NORMAL,,2026-07-09 21:32:51
R03009,WP031,Sholavaram,1,2953,14,WORKING,NORMAL,,2026-06-28 13:43:55
R03010,WP031,Sholavaram,1,3282,5,WORKING,NORMAL,,2026-06-30 21:24:25
R03011,WP031,Sholavaram,1,2987,14,WORKING,NORMAL,,2026-07-16 09:45:32
R03012,WP031,Sholavaram,1,1720,8,WORKING,NORMAL,,2026-07-01 09:45:19
R03013,WP031,Sholavaram,1,2226,13,WORKING,NORMAL,,2026-07-22 05:28:27
R03014,WP031,Sholavaram,1,3382,6,WORKING,NORMAL,,2026-06-30 04:17:57
R03015,WP031,Sholavaram,1,2860,8,WORKING,NORMAL,,2026-07-06 23:23:38
R03016,WP031,Sholavaram,1,1148,12,WORKING,NORMAL,,2026-07-08 17:12:32
R03017,WP031,Sholavaram,1,2275,10,WORKING,NORMAL,,2026-07-01 21:36:03
R03018,WP031,Sholavaram,1,2854,14,WORKING,NORMAL,,2026-06-27 08:29:31
R03019,WP031,Sholavaram,1,1476,10,WORKING,NORMAL,,2026-07-26 08:17:12
R03020,WP031,Sholavaram,1,1034,6,WORKING,NORMAL,,2026-07-01 21:18:45
R03021,WP031,Sholavaram,1,3280,12,WORKING,NORMAL,,2026-07-13 03:15:31
R03022,WP031,Sholavaram,1,1936,8,WORKING,NORMAL,,2026-07-02 21:35:00
R03023,WP031,Sholavaram,1,1106,10,WORKING,NORMAL,,2026-07-19 16:11:07
R03024,WP031,Sholavaram,1,3897,10,WORKING,NORMAL,,2026-07-05 15:07:17
R03025,WP031,Sholavaram,1,2712,12,WORKING,NORMAL,,2026-07-05 05:42:01
R03026,WP031,Sholavaram,1,3436,9,WORKING,NORMAL,,2026-07-08 14:56:23
R03027,WP031,Sholavaram,1,1679,10,WORKING,NORMAL,,2026-07-11 05:10:17
R03028,WP031,Sholavaram,1,3282,14,WORKING,NORMAL,,2026-06-29 03:14:12
R03029,WP031,Sholavaram,0,0,0,NOT_WORKING,CRITICAL,Zero flow detected,2026-07-04 21:32:42
R03030,WP031,Sholavaram,1,1857,9,WORKING,NORMAL,,2026-07-18 10:47:24
R03031,WP031,Sholavaram,1,3745,12,WORKING,NORMAL,,2026-07-12 03:45:28
R03032,WP031,Sholavaram,1,3819,10,WORKING,NORMAL,,2026-06-28 21:45:32
R03033,WP031,Sholavaram,1,1423,10,WORKING,NORMAL,,2026-07-03 15:59:33
R03034,WP031,Sholavaram,1,380,5,LOW_FLOW,MEDIUM,Flow below operational threshold,2026-07-04 18:38:02
R03035,WP031,Sholavaram,1,1276,13,WORKING,NORMAL,,2026-07-02 20:43:01
R03036,WP031,Sholavaram,1,3740,14,WORKING,NORMAL,,2026-07-10 01:47:33
R03037,WP031,Sholavaram,1,2267,9,WORKING,NORMAL,,2026-07-04 03:55:39
R03038,WP031,Sholavaram,1,2435,6,WORKING,NORMAL,,2026-07-04 05:57:35
R03039,WP031,Sholavaram,0,0,0,NOT_WORKING,CRITICAL,Zero flow detected,2026-07-09 19:48:19
R03040,WP031,Sholavaram,1,1939,6,WORKING,NORMAL,,2026-07-14 10:10:07
R03041,WP031,Sholavaram,1,3652,6,WORKING,NORMAL,,2026-07-10 04:42:25
R03042,WP031,Sholavaram,1,2939,9,WORKING,NORMAL,,2026-07-09 16:55:21
R03043,WP031,Sholavaram,1,2572,10,WORKING,NORMAL,,2026-07-17 12:56:36
R03044,WP031,Sholavaram,1,598,3,LOW_FLOW,MEDIUM,Flow below operational threshold,2026-07-09 17:08:29
R03045,WP031,Sholavaram,1,3485,8,WORKING,NORMAL,,2026-06-29 07:12:53
R03046,WP031,Sholavaram,1,2187,11,WORKING,NORMAL,,2026-06-28 23:53:53
R03047,WP031,Sholavaram,1,2806,7,WORKING,NORMAL,,2026-07-10 11:11:24
R03048,WP031,Sholavaram,1,205,1,LOW_FLOW,MEDIUM,Flow below operational threshold,2026-07-11 19:24:54
R03049,WP031,Sholavaram,0,0,0,NOT_WORKING,CRITICAL,Zero flow detected,2026-07-18 09:26:56
R03050,WP031,Sholavaram,1,2194,9,WORKING,NORMAL,,2026-06-27 02:58:50
R03051,WP031,Sholavaram,1,1060,13,WORKING,NORMAL,,2026-07-19 22:18:47
R03052,WP031,Sholavaram,1,3686,10,WORKING,NORMAL,,2026-07-08 17:38:25
R03053,WP031,Sholavaram,1,862,5,LOW_FLOW,MEDIUM,Flow below operational threshold,2026-07-17 09:05:45
R03054,WP031,Sholavaram,1,3403,6,WORKING,NORMAL,,2026-07-04 06:53:42
R03055,WP031,Sholavaram,1,1584,7,WORKING,NORMAL,,2026-07-01 13:11:35
R03056,WP031,Sholavaram,1,2292,13,WORKING,NORMAL,,2026-07-15 09:06:02
R03057,WP031,Sholavaram,1,2004,12,WORKING,NORMAL,,2026-07-08 13:39:17
R03058,WP031,Sholavaram,0,0,0,NOT_WORKING,CRITICAL,Zero flow detected,2026-07-07 16:42:21
R03059,WP031,Sholavaram,1,2415,14,WORKING,NORMAL,,2026-07-05 01:35:40
R03060,WP031,Sholavaram,1,1924,10,WORKING,NORMAL,,2026-07-07 15:02:51
R03061,WP031,Sholavaram,1,1865,13,WORKING,NORMAL,,2026-06-27 19:53:47
R03062,WP031,Sholavaram,1,3602,11,WORKING,NORMAL,,2026-07-24 03:48:07
R03063,WP031,Sholavaram,1,3810,9,WORKING,NORMAL,,2026-06-28 00:13:56
R03064,WP031,Sholavaram,1,3861,14,WORKING,NORMAL,,2026-07-15 07:48:57
R03065,WP031,Sholavaram,1,3549,9,WORKING,NORMAL,,2026-07-20 03:24:57
R03066,WP031,Sholavaram,1,1066,9,WORKING,NORMAL,,2026-07-26 06:09:10
R03067,WP031,Sholavaram,1,3939,12,WORKING,NORMAL,,2026-06-29 04:31:29
R03068,WP031,Sholavaram,1,2996,7,WORKING,NORMAL,,2026-07-03 17:24:10
R03069,WP031,Sholavaram,1,2610,13,WORKING,NORMAL,,2026-07-21 19:40:23
R03070,WP031,Sholavaram,1,3796,13,WORKING,NORMAL,,2026-07-03 16:04:18
R03071,WP031,Sholavaram,1,1354,10,WORKING,NORMAL,,2026-07-03 14:11:42
R03072,WP031,Sholavaram,1,3040,6,WORKING,NORMAL,,2026-07-08 03:15:22
R03073,WP031,Sholavaram,1,2314,8,WORKING,NORMAL,,2026-07-13 18:11:28
R03074,WP031,Sholavaram,1,1715,10,WORKING,NORMAL,,2026-07-11 14:41:24
R03075,WP031,Sholavaram,1,1722,13,WORKING,NORMAL,,2026-07-20 12:09:13
R03076,WP031,Sholavaram,1,2431,7,WORKING,NORMAL,,2026-06-30 07:28:26
R03077,WP031,Sholavaram,1,3285,9,WORKING,NORMAL,,2026-07-08 06:37:01
R03078,WP031,Sholavaram,1,3907,8,WORKING,NORMAL,,2026-07-24 21:05:46
R03079,WP031,Sholavaram,1,1145,9,WORKING,NORMAL,,2026-07-01 04:30:48
R03080,WP031,Sholavaram,1,2252,8,WORKING,NORMAL,,2026-07-02 17:05:46
R03081,WP031,Sholavaram,1,3823,7,WORKING,NORMAL,,2026-07-17 01:27:50
R03082,WP031,Sholavaram,1,3279,13,WORKING,NORMAL,,2026-06-28 03:25:42
R03083,WP031,Sholavaram,1,3934,14,WORKING,NORMAL,,2026-07-20 03:12:39
R03084,WP031,Sholavaram,1,1259,13,WORKING,NORMAL,,2026-07-01 09:52:49
R03085,WP031,Sholavaram,1,1429,6,WORKING,NORMAL,,2026-06-27 07:32:53
R03086,WP031,Sholavaram,1,1895,10,WORKING,NORMAL,,2026-07-03 17:47:40
R03087,WP031,Sholavaram,1,330,5,LOW_FLOW,MEDIUM,Flow below operational threshold,2026-07-17 08:46:05
R03088,WP031,Sholavaram,1,2677,8,WORKING,NORMAL,,2026-07-17 07:27:49
R03089,WP031,Sholavaram,1,1634,14,WORKING,NORMAL,,2026-07-07 23:42:39
R03090,WP031,Sholavaram,1,3561,14,WORKING,NORMAL,,2026-06-29 16:56:27
R03091,WP031,Sholavaram,1,3126,14,WORKING,NORMAL,,2026-07-26 16:26:42
R03092,WP031,Sholavaram,1,3477,5,WORKING,NORMAL,,2026-06-30 06:47:12
R03093,WP031,Sholavaram,1,1178,14,WORKING,NORMAL,,2026-07-17 18:22:18
R03094,WP031,Sholavaram,1,1878,14,WORKING,NORMAL,,2026-07-19 23:43:11
R03095,WP031,Sholavaram,1,653,5,LOW_FLOW,MEDIUM,Flow below operational threshold,2026-07-12 04:10:13
R03096,WP031,Sholavaram,1,3326,12,WORKING,NORMAL,,2026-07-25 14:49:42
R03097,WP031,Sholavaram,1,3870,14,WORKING,NORMAL,,2026-07-07 09:35:42
R03098,WP031,Sholavaram,1,2123,8,WORKING,NORMAL,,2026-07-07 04:17:43
R03099,WP031,Sholavaram,1,2043,12,WORKING,NORMAL,,2026-07-13 20:26:59
R03100,WP031,Sholavaram,1,793,5,LOW_FLOW,MEDIUM,Flow below operational threshold,2026-07-17 23:21:43
R03101,WP032,Pannur,1,3316,11,WORKING,NORMAL,,2026-07-11 06:45:56
R03102,WP032,Pannur,1,3548,12,WORKING,NORMAL,,2026-07-18 16:24:58
R03103,WP032,Pannur,1,1967,8,WORKING,NORMAL,,2026-07-09 14:58:28
R03104,WP032,Pannur,1,2420,11,WORKING,NORMAL,,2026-07-06 18:38:53
R03105,WP032,Pannur,1,2788,13,WORKING,NORMAL,,2026-07-12 19:08:54
R03106,WP032,Pannur,1,3595,12,WORKING,NORMAL,,2026-07-17 07:34:28
R03107,WP032,Pannur,1,2867,10,WORKING,NORMAL,,2026-07-04 03:04:16
R03108,WP032,Pannur,1,386,3,LOW_FLOW,MEDIUM,Flow below operational threshold,2026-07-22 05:09:27
R03109,WP032,Pannur,1,1581,8,WORKING,NORMAL,,2026-07-09 19:28:32
R03110,WP032,Pannur,1,1150,11,WORKING,NORMAL,,2026-07-20 20:50:23
R03111,WP032,Pannur,1,1492,10,WORKING,NORMAL,,2026-07-06 10:55:05
R03112,WP032,Pannur,1,3538,5,WORKING,NORMAL,,2026-07-07 21:04:21
R03113,WP032,Pannur,1,2149,11,WORKING,NORMAL,,2026-07-09 01:05:00
R03114,WP032,Pannur,1,2602,13,WORKING,NORMAL,,2026-07-18 04:33:45
R03115,WP032,Pannur,1,391,1,LOW_FLOW,MEDIUM,Flow below operational threshold,2026-07-08 01:16:51
R03116,WP032,Pannur,1,3372,11,WORKING,NORMAL,,2026-06-29 11:21:35
R03117,WP032,Pannur,1,2904,11,WORKING,NORMAL,,2026-07-09 02:48:27
R03118,WP032,Pannur,1,3566,9,WORKING,NORMAL,,2026-07-13 10:49:11
R03119,WP032,Pannur,1,661,2,LOW_FLOW,MEDIUM,Flow below operational threshold,2026-07-03 06:37:58
R03120,WP032,Pannur,1,2842,7,WORKING,NORMAL,,2026-07-10 23:03:40
R03121,WP032,Pannur,1,2053,11,WORKING,NORMAL,,2026-07-21 09:42:05
R03122,WP032,Pannur,1,2068,10,WORKING,NORMAL,,2026-07-21 20:37:38
R03123,WP032,Pannur,1,3999,14,WORKING,NORMAL,,2026-07-20 10:38:01
R03124,WP032,Pannur,1,1353,8,WORKING,NORMAL,,2026-07-13 20:28:02
R03125,WP032,Pannur,1,3150,13,WORKING,NORMAL,,2026-07-02 16:09:51
R03126,WP032,Pannur,1,1405,6,WORKING,NORMAL,,2026-07-05 02:38:36
R03127,WP032,Pannur,1,3807,8,WORKING,NORMAL,,2026-06-29 15:29:05
R03128,WP032,Pannur,1,2080,5,WORKING,NORMAL,,2026-07-08 02:53:22
R03129,WP032,Pannur,1,3313,7,WORKING,NORMAL,,2026-07-22 22:00:55
R03130,WP032,Pannur,1,1737,8,WORKING,NORMAL,,2026-07-02 07:49:49
R03131,WP032,Pannur,1,2815,7,WORKING,NORMAL,,2026-07-17 15:47:40
R03132,WP032,Pannur,1,2068,11,WORKING,NORMAL,,2026-07-11 20:30:13
R03133,WP032,Pannur,1,3010,11,WORKING,NORMAL,,2026-06-28 09:05:54
R03134,WP032,Pannur,1,2830,14,WORKING,NORMAL,,2026-07-24 09:28:40
R03135,WP032,Pannur,1,2830,6,WORKING,NORMAL,,2026-07-25 03:26:11
R03136,WP032,Pannur,1,3329,6,WORKING,NORMAL,,2026-07-04 17:56:55
R03137,WP032,Pannur,1,1742,10,WORKING,NORMAL,,2026-07-20 01:40:07
R03138,WP032,Pannur,1,2041,12,WORKING,NORMAL,,2026-07-22 17:29:44
R03139,WP032,Pannur,1,3137,13,WORKING,NORMAL,,2026-07-21 08:20:33
R03140,WP032,Pannur,1,1821,14,WORKING,NORMAL,,2026-07-21 08:10:29
R03141,WP032,Pannur,1,2825,13,WORKING,NORMAL,,2026-06-30 09:22:12
R03142,WP032,Pannur,1,1246,6,WORKING,NORMAL,,2026-07-26 00:10:02
R03143,WP032,Pannur,1,3987,13,WORKING,NORMAL,,2026-07-03 23:14:39
R03144,WP032,Pannur,1,3571,11,WORKING,NORMAL,,2026-07-12 01:14:23
R03145,WP032,Pannur,1,3850,12,WORKING,NORMAL,,2026-06-28 12:58:12
R03146,WP032,Pannur,1,3124,11,WORKING,NORMAL,,2026-07-19 22:47:06
R03147,WP032,Pannur,1,1718,6,WORKING,NORMAL,,2026-07-16 20:29:45
R03148,WP032,Pannur,1,2944,14,WORKING,NORMAL,,2026-06-29 05:37:48
R03149,WP032,Pannur,1,2737,5,WORKING,NORMAL,,2026-06-29 07:23:22
R03150,WP032,Pannur,1,1196,7,WORKING,NORMAL,,2026-07-07 13:00:29
R03151,WP032,Pannur,1,2791,6,WORKING,NORMAL,,2026-06-30 20:30:13
R03152,WP032,Pannur,0,0,0,NOT_WORKING,CRITICAL,Zero flow detected,2026-07-01 12:19:38
R03153,WP032,Pannur,1,2849,13,WORKING,NORMAL,,2026-06-29 20:26:18
R03154,WP032,Pannur,1,3662,13,WORKING,NORMAL,,2026-07-17 07:48:20
R03155,WP032,Pannur,1,3326,12,WORKING,NORMAL,,2026-07-04 06:48:17
R03156,WP032,Pannur,1,3282,7,WORKING,NORMAL,,2026-06-29 05:12:01
R03157,WP032,Pannur,1,2753,9,WORKING,NORMAL,,2026-07-08 15:48:15
R03158,WP032,Pannur,1,3196,12,WORKING,NORMAL,,2026-07-07 14:36:47
R03159,WP032,Pannur,1,1185,5,WORKING,NORMAL,,2026-07-01 14:17:54
R03160,WP032,Pannur,1,2742,7,WORKING,NORMAL,,2026-07-12 00:53:24
R03161,WP032,Pannur,1,524,5,LOW_FLOW,MEDIUM,Flow below operational threshold,2026-07-23 07:14:03
R03162,WP032,Pannur,1,299,3,LOW_FLOW,MEDIUM,Flow below operational threshold,2026-07-17 13:01:28
R03163,WP032,Pannur,0,0,0,NOT_WORKING,CRITICAL,Zero flow detected,2026-06-26 22:45:49
R03164,WP032,Pannur,1,2622,6,WORKING,NORMAL,,2026-07-04 21:04:31
R03165,WP032,Pannur,1,1740,14,WORKING,NORMAL,,2026-07-16 08:52:01
R03166,WP032,Pannur,1,2470,13,WORKING,NORMAL,,2026-07-22 14:55:34
R03167,WP032,Pannur,1,2353,9,WORKING,NORMAL,,2026-07-21 07:42:39
R03168,WP032,Pannur,1,1394,7,WORKING,NORMAL,,2026-07-20 04:03:49
R03169,WP032,Pannur,1,3184,9,WORKING,NORMAL,,2026-06-28 15:45:22
R03170,WP032,Pannur,1,1244,9,WORKING,NORMAL,,2026-06-28 20:57:22
R03171,WP032,Pannur,1,1738,13,WORKING,NORMAL,,2026-07-22 16:23:27
R03172,WP032,Pannur,1,3421,9,WORKING,NORMAL,,2026-07-05 05:28:04
R03173,WP032,Pannur,0,0,0,NOT_WORKING,CRITICAL,Zero flow detected,2026-07-01 16:28:24
R03174,WP032,Pannur,1,1325,5,WORKING,NORMAL,,2026-07-26 10:50:58
R03175,WP032,Pannur,1,259,5,LOW_FLOW,MEDIUM,Flow below operational threshold,2026-07-24 04:22:58
R03176,WP032,Pannur,1,3320,10,WORKING,NORMAL,,2026-07-11 10:04:00
R03177,WP032,Pannur,1,3039,14,WORKING,NORMAL,,2026-06-27 09:53:28
R03178,WP032,Pannur,1,1702,6,WORKING,NORMAL,,2026-06-29 21:44:07
R03179,WP032,Pannur,1,2000,6,WORKING,NORMAL,,2026-07-01 14:51:39
R03180,WP032,Pannur,1,1890,10,WORKING,NORMAL,,2026-07-13 21:15:25
R03181,WP032,Pannur,1,3768,6,WORKING,NORMAL,,2026-07-21 23:43:06
R03182,WP032,Pannur,1,2537,6,WORKING,NORMAL,,2026-07-19 05:49:12
R03183,WP032,Pannur,1,2265,14,WORKING,NORMAL,,2026-07-01 14:28:21
R03184,WP032,Pannur,0,0,0,NOT_WORKING,CRITICAL,Zero flow detected,2026-07-13 22:20:01
R03185,WP032,Pannur,1,2967,9,WORKING,NORMAL,,2026-07-04 20:10:43
R03186,WP032,Pannur,1,2358,5,WORKING,NORMAL,,2026-06-28 20:34:53
R03187,WP032,Pannur,1,3818,14,WORKING,NORMAL,,2026-07-04 18:15:52
R03188,WP032,Pannur,1,471,4,LOW_FLOW,MEDIUM,Flow below operational threshold,2026-07-16 03:41:31
R03189,WP032,Pannur,1,307,5,LOW_FLOW,MEDIUM,Flow below operational threshold,2026-07-07 22:19:30
R03190,WP032,Pannur,1,3807,14,WORKING,NORMAL,,2026-07-10 02:33:16
R03191,WP032,Pannur,1,2715,12,WORKING,NORMAL,,2026-07-13 09:41:54
R03192,WP032,Pannur,1,616,3,LOW_FLOW,MEDIUM,Flow below operational threshold,2026-07-02 15:03:18
R03193,WP032,Pannur,1,3203,8,WORKING,NORMAL,,2026-06-29 20:12:07
R03194,WP032,Pannur,1,3904,9,WORKING,NORMAL,,2026-07-14 22:33:45
R03195,WP032,Pannur,1,2305,9,WORKING,NORMAL,,2026-06-30 23:35:00
R03196,WP032,Pannur,1,1273,14,WORKING,NORMAL,,2026-07-22 20:58:49
R03197,WP032,Pannur,1,1111,9,WORKING,NORMAL,,2026-07-21 03:46:33
R03198,WP032,Pannur,1,1201,6,WORKING,NORMAL,,2026-06-30 11:36:20
R03199,WP032,Pannur,1,1525,6,WORKING,NORMAL,,2026-07-03 18:47:52
R03200,WP032,Pannur,1,3890,7,WORKING,NORMAL,,2026-07-03 06:01:56
R03201,WP033,Pannur,1,2837,10,WORKING,NORMAL,,2026-06-29 02:43:44
R03202,WP033,Pannur,1,3831,9,WORKING,NORMAL,,2026-07-13 11:23:57
R03203,WP033,Pannur,1,733,4,LOW_FLOW,MEDIUM,Flow below operational threshold,2026-07-11 08:20:01
R03204,WP033,Pannur,1,1040,7,WORKING,NORMAL,,2026-07-02 15:24:56
R03205,WP033,Pannur,1,2596,10,WORKING,NORMAL,,2026-07-09 14:09:29
R03206,WP033,Pannur,1,3408,5,WORKING,NORMAL,,2026-07-08 03:28:36
R03207,WP033,Pannur,1,1517,12,WORKING,NORMAL,,2026-07-18 20:56:56
R03208,WP033,Pannur,1,1911,6,WORKING,NORMAL,,2026-07-07 20:42:37
R03209,WP033,Pannur,1,3630,5,WORKING,NORMAL,,2026-07-04 18:15:45
R03210,WP033,Pannur,1,481,3,LOW_FLOW,MEDIUM,Flow below operational threshold,2026-07-22 16:28:05
R03211,WP033,Pannur,1,1630,11,WORKING,NORMAL,,2026-06-27 18:11:37
R03212,WP033,Pannur,1,2948,9,WORKING,NORMAL,,2026-07-06 07:05:24
R03213,WP033,Pannur,1,1348,10,WORKING,NORMAL,,2026-07-01 16:59:22
R03214,WP033,Pannur,0,0,0,NOT_WORKING,CRITICAL,Zero flow detected,2026-07-05 03:50:36
R03215,WP033,Pannur,1,741,3,LOW_FLOW,MEDIUM,Flow below operational threshold,2026-07-23 23:42:27
R03216,WP033,Pannur,1,3467,8,WORKING,NORMAL,,2026-07-10 22:31:04
R03217,WP033,Pannur,1,1566,11,WORKING,NORMAL,,2026-07-10 13:55:25
R03218,WP033,Pannur,1,1973,12,WORKING,NORMAL,,2026-07-24 13:58:01
R03219,WP033,Pannur,1,3922,13,WORKING,NORMAL,,2026-07-22 17:51:24
R03220,WP033,Pannur,1,2140,14,WORKING,NORMAL,,2026-07-20 20:40:57
R03221,WP033,Pannur,1,2408,13,WORKING,NORMAL,,2026-07-09 12:31:11
R03222,WP033,Pannur,1,1193,11,WORKING,NORMAL,,2026-07-06 13:48:25
R03223,WP033,Pannur,1,1868,10,WORKING,NORMAL,,2026-07-06 10:58:44
R03224,WP033,Pannur,1,2051,13,WORKING,NORMAL,,2026-06-28 04:05:32
R03225,WP033,Pannur,1,3054,11,WORKING,NORMAL,,2026-07-19 09:44:43
R03226,WP033,Pannur,1,1393,13,WORKING,NORMAL,,2026-07-10 07:19:07
R03227,WP033,Pannur,1,3293,12,WORKING,NORMAL,,2026-07-20 18:56:19
R03228,WP033,Pannur,0,0,0,NOT_WORKING,CRITICAL,Zero flow detected,2026-07-09 01:51:04
R03229,WP033,Pannur,1,2814,13,WORKING,NORMAL,,2026-06-27 08:43:54
R03230,WP033,Pannur,1,1130,6,WORKING,NORMAL,,2026-07-21 01:24:58
R03231,WP033,Pannur,0,0,0,NOT_WORKING,CRITICAL,Zero flow detected,2026-06-30 18:34:10
R03232,WP033,Pannur,1,3389,7,WORKING,NORMAL,,2026-06-27 08:38:33
R03233,WP033,Pannur,1,446,4,LOW_FLOW,MEDIUM,Flow below operational threshold,2026-07-15 00:20:53
R03234,WP033,Pannur,1,3584,8,WORKING,NORMAL,,2026-07-23 10:12:53
R03235,WP033,Pannur,1,3788,6,WORKING,NORMAL,,2026-07-15 09:16:13
R03236,WP033,Pannur,1,3295,13,WORKING,NORMAL,,2026-07-16 17:09:13
R03237,WP033,Pannur,1,2003,11,WORKING,NORMAL,,2026-07-15 04:35:50
R03238,WP033,Pannur,1,3431,11,WORKING,NORMAL,,2026-07-22 18:15:08
R03239,WP033,Pannur,1,3353,12,WORKING,NORMAL,,2026-07-19 05:57:35
R03240,WP033,Pannur,1,2145,11,WORKING,NORMAL,,2026-07-11 03:19:47
R03241,WP033,Pannur,1,2682,6,WORKING,NORMAL,,2026-07-07 14:58:15
R03242,WP033,Pannur,1,3152,12,WORKING,NORMAL,,2026-07-04 00:23:15
R03243,WP033,Pannur,1,2171,14,WORKING,NORMAL,,2026-06-30 17:05:20
R03244,WP033,Pannur,1,2366,9,WORKING,NORMAL,,2026-07-14 16:52:48
R03245,WP033,Pannur,1,2025,14,WORKING,NORMAL,,2026-07-07 04:10:14
R03246,WP033,Pannur,1,2156,10,WORKING,NORMAL,,2026-07-07 00:23:44
R03247,WP033,Pannur,1,304,3,LOW_FLOW,MEDIUM,Flow below operational threshold,2026-07-15 22:03:06
R03248,WP033,Pannur,1,2073,11,WORKING,NORMAL,,2026-07-14 22:27:25
R03249,WP033,Pannur,1,2151,8,WORKING,NORMAL,,2026-06-26 22:26:08
R03250,WP033,Pannur,1,512,1,LOW_FLOW,MEDIUM,Flow below operational threshold,2026-07-10 20:27:26
R03251,WP033,Pannur,1,1433,9,WORKING,NORMAL,,2026-06-27 23:51:53
R03252,WP033,Pannur,1,1059,12,WORKING,NORMAL,,2026-07-24 14:17:31
R03253,WP033,Pannur,1,3146,12,WORKING,NORMAL,,2026-07-17 00:01:20
R03254,WP033,Pannur,1,3221,5,WORKING,NORMAL,,2026-07-25 15:10:54
R03255,WP033,Pannur,1,3119,14,WORKING,NORMAL,,2026-06-27 22:26:35
R03256,WP033,Pannur,1,561,3,LOW_FLOW,MEDIUM,Flow below operational threshold,2026-07-19 20:19:13
R03257,WP033,Pannur,1,1022,6,WORKING,NORMAL,,2026-07-06 23:13:16
R03258,WP033,Pannur,1,971,2,LOW_FLOW,MEDIUM,Flow below operational threshold,2026-07-04 13:00:28
R03259,WP033,Pannur,1,1829,13,WORKING,NORMAL,,2026-07-12 09:40:13
R03260,WP033,Pannur,1,1142,8,WORKING,NORMAL,,2026-07-18 06:20:52
R03261,WP033,Pannur,1,1013,8,WORKING,NORMAL,,2026-06-29 04:19:06
R03262,WP033,Pannur,1,1781,9,WORKING,NORMAL,,2026-07-17 09:35:47
R03263,WP033,Pannur,1,640,5,LOW_FLOW,MEDIUM,Flow below operational threshold,2026-07-21 16:00:43
R03264,WP033,Pannur,1,3034,14,WORKING,NORMAL,,2026-07-05 06:39:56
R03265,WP033,Pannur,1,1766,12,WORKING,NORMAL,,2026-07-12 21:20:28
R03266,WP033,Pannur,1,1720,10,WORKING,NORMAL,,2026-07-08 18:54:32
R03267,WP033,Pannur,0,0,0,NOT_WORKING,CRITICAL,Zero flow detected,2026-07-12 13:51:28
R03268,WP033,Pannur,1,3346,5,WORKING,NORMAL,,2026-07-26 11:35:39
R03269,WP033,Pannur,0,0,0,NOT_WORKING,CRITICAL,Zero flow detected,2026-07-21 23:17:28
R03270,WP033,Pannur,1,2374,7,WORKING,NORMAL,,2026-07-11 23:42:59
R03271,WP033,Pannur,1,2651,7,WORKING,NORMAL,,2026-07-10 18:20:36
R03272,WP033,Pannur,1,3906,12,WORKING,NORMAL,,2026-07-11 14:27:18
R03273,WP033,Pannur,1,376,5,LOW_FLOW,MEDIUM,Flow below operational threshold,2026-07-04 23:21:00
R03274,WP033,Pannur,1,1072,10,WORKING,NORMAL,,2026-07-11 21:04:13
R03275,WP033,Pannur,1,3968,6,WORKING,NORMAL,,2026-06-26 23:38:09
R03276,WP033,Pannur,1,3836,10,WORKING,NORMAL,,2026-07-07 04:45:40
R03277,WP033,Pannur,1,3043,14,WORKING,NORMAL,,2026-07-02 00:17:57
R03278,WP033,Pannur,1,3063,9,WORKING,NORMAL,,2026-07-14 05:47:30
R03279,WP033,Pannur,1,3243,7,WORKING,NORMAL,,2026-07-13 13:11:47
R03280,WP033,Pannur,1,2626,14,WORKING,NORMAL,,2026-07-23 07:49:43
R03281,WP033,Pannur,1,1173,5,WORKING,NORMAL,,2026-07-26 04:37:43
R03282,WP033,Pannur,1,2083,5,WORKING,NORMAL,,2026-07-21 09:49:32
R03283,WP033,Pannur,1,2187,9,WORKING,NORMAL,,2026-07-26 08:05:42
R03284,WP033,Pannur,1,3796,13,WORKING,NORMAL,,2026-07-20 13:26:00
R03285,WP033,Pannur,1,2819,12,WORKING,NORMAL,,2026-07-21 14:22:26
R03286,WP033,Pannur,1,2068,10,WORKING,NORMAL,,2026-07-01 18:35:45
R03287,WP033,Pannur,1,3334,8,WORKING,NORMAL,,2026-07-14 14:56:33
R03288,WP033,Pannur,1,3610,10,WORKING,NORMAL,,2026-07-24 05:32:41
R03289,WP033,Pannur,1,1429,10,WORKING,NORMAL,,2026-07-09 05:20:30
R03290,WP033,Pannur,1,3553,13,WORKING,NORMAL,,2026-07-13 03:38:03
R03291,WP033,Pannur,1,2176,11,WORKING,NORMAL,,2026-07-10 03:16:51
R03292,WP033,Pannur,1,1905,12,WORKING,NORMAL,,2026-07-16 14:52:38
R03293,WP033,Pannur,1,1614,6,WORKING,NORMAL,,2026-06-29 05:19:49
R03294,WP033,Pannur,1,3893,10,WORKING,NORMAL,,2026-07-01 17:10:57
R03295,WP033,Pannur,1,3828,13,WORKING,NORMAL,,2026-07-07 14:07:42
R03296,WP033,Pannur,1,243,3,LOW_FLOW,MEDIUM,Flow below operational threshold,2026-07-02 12:35:12
R03297,WP033,Pannur,1,3106,8,WORKING,NORMAL,,2026-07-01 18:34:11
R03298,WP033,Pannur,1,1654,8,WORKING,NORMAL,,2026-07-09 10:53:34
R03299,WP033,Pannur,1,3681,12,WORKING,NORMAL,,2026-07-26 11:59:15
R03300,WP033,Pannur,1,2204,14,WORKING,NORMAL,,2026-07-05 02:33:00
R03301,WP034,Othappai,1,3625,6,WORKING,NORMAL,,2026-07-19 09:04:46
R03302,WP034,Othappai,1,1858,12,WORKING,NORMAL,,2026-07-11 21:44:44
R03303,WP034,Othappai,1,363,1,LOW_FLOW,MEDIUM,Flow below operational threshold,2026-07-06 01:57:54
R03304,WP034,Othappai,1,1742,12,WORKING,NORMAL,,2026-06-26 19:26:01
R03305,WP034,Othappai,1,323,3,LOW_FLOW,MEDIUM,Flow below operational threshold,2026-07-20 02:03:18
R03306,WP034,Othappai,1,3099,8,WORKING,NORMAL,,2026-07-25 19:10:18
R03307,WP034,Othappai,1,2759,9,WORKING,NORMAL,,2026-06-27 15:32:59
R03308,WP034,Othappai,1,3892,10,WORKING,NORMAL,,2026-07-21 03:32:36
R03309,WP034,Othappai,1,2722,13,WORKING,NORMAL,,2026-07-07 18:16:18
R03310,WP034,Othappai,1,2263,14,WORKING,NORMAL,,2026-07-16 19:49:18
R03311,WP034,Othappai,1,3172,10,WORKING,NORMAL,,2026-07-06 09:55:42
R03312,WP034,Othappai,1,647,1,LOW_FLOW,MEDIUM,Flow below operational threshold,2026-06-28 02:03:26
R03313,WP034,Othappai,1,1262,6,WORKING,NORMAL,,2026-07-03 22:39:21
R03314,WP034,Othappai,1,3434,8,WORKING,NORMAL,,2026-07-26 16:25:08
R03315,WP034,Othappai,1,1412,11,WORKING,NORMAL,,2026-07-26 03:00:07
R03316,WP034,Othappai,1,3667,11,WORKING,NORMAL,,2026-07-01 11:54:10
R03317,WP034,Othappai,1,2857,11,WORKING,NORMAL,,2026-07-14 14:21:46
R03318,WP034,Othappai,1,3699,13,WORKING,NORMAL,,2026-07-17 03:57:47
R03319,WP034,Othappai,1,2136,7,WORKING,NORMAL,,2026-07-20 07:48:08
R03320,WP034,Othappai,1,2966,7,WORKING,NORMAL,,2026-07-05 13:11:12
R03321,WP034,Othappai,1,3339,10,WORKING,NORMAL,,2026-07-22 19:19:54
R03322,WP034,Othappai,0,0,0,NOT_WORKING,CRITICAL,Zero flow detected,2026-07-26 17:03:44
R03323,WP034,Othappai,1,3726,13,WORKING,NORMAL,,2026-07-17 06:31:11
R03324,WP034,Othappai,1,2585,12,WORKING,NORMAL,,2026-07-03 05:30:54
R03325,WP034,Othappai,1,3431,11,WORKING,NORMAL,,2026-07-12 02:22:55
R03326,WP034,Othappai,1,2192,6,WORKING,NORMAL,,2026-07-13 14:24:06
R03327,WP034,Othappai,1,1176,13,WORKING,NORMAL,,2026-07-21 15:51:00
R03328,WP034,Othappai,0,0,0,NOT_WORKING,CRITICAL,Zero flow detected,2026-07-09 09:37:49
R03329,WP034,Othappai,1,3800,5,WORKING,NORMAL,,2026-07-09 14:11:45
R03330,WP034,Othappai,1,3997,8,WORKING,NORMAL,,2026-07-09 09:50:23
R03331,WP034,Othappai,1,2418,14,WORKING,NORMAL,,2026-06-28 19:12:38
R03332,WP034,Othappai,1,1257,7,WORKING,NORMAL,,2026-07-24 12:26:07
R03333,WP034,Othappai,1,3177,11,WORKING,NORMAL,,2026-07-17 10:35:25
R03334,WP034,Othappai,1,2871,9,WORKING,NORMAL,,2026-06-29 21:02:04
R03335,WP034,Othappai,1,1217,12,WORKING,NORMAL,,2026-07-02 23:08:36
R03336,WP034,Othappai,1,767,2,LOW_FLOW,MEDIUM,Flow below operational threshold,2026-07-24 15:22:47
R03337,WP034,Othappai,1,1372,11,WORKING,NORMAL,,2026-07-10 11:22:16
R03338,WP034,Othappai,1,2775,5,WORKING,NORMAL,,2026-07-05 07:26:17
R03339,WP034,Othappai,1,1278,10,WORKING,NORMAL,,2026-07-22 20:33:32
R03340,WP034,Othappai,1,1676,12,WORKING,NORMAL,,2026-06-27 08:30:16
R03341,WP034,Othappai,1,3251,11,WORKING,NORMAL,,2026-07-22 08:54:38
R03342,WP034,Othappai,1,793,3,LOW_FLOW,MEDIUM,Flow below operational threshold,2026-07-15 20:18:55
R03343,WP034,Othappai,1,1886,5,WORKING,NORMAL,,2026-07-26 13:40:58
R03344,WP034,Othappai,1,2034,8,WORKING,NORMAL,,2026-07-24 06:06:29
R03345,WP034,Othappai,1,2105,13,WORKING,NORMAL,,2026-06-30 17:59:04
R03346,WP034,Othappai,1,3317,5,WORKING,NORMAL,,2026-07-09 07:32:33
R03347,WP034,Othappai,1,1114,7,WORKING,NORMAL,,2026-07-08 18:24:18
R03348,WP034,Othappai,1,2390,11,WORKING,NORMAL,,2026-06-27 16:10:33
R03349,WP034,Othappai,1,3078,8,WORKING,NORMAL,,2026-07-24 14:57:23
R03350,WP034,Othappai,1,2462,5,WORKING,NORMAL,,2026-07-04 19:21:05
R03351,WP034,Othappai,1,3387,6,WORKING,NORMAL,,2026-07-17 11:18:41
R03352,WP034,Othappai,1,3038,10,WORKING,NORMAL,,2026-07-03 23:12:26
R03353,WP034,Othappai,1,2753,5,WORKING,NORMAL,,2026-07-21 21:33:28
R03354,WP034,Othappai,1,316,4,LOW_FLOW,MEDIUM,Flow below operational threshold,2026-07-25 15:21:38
R03355,WP034,Othappai,1,3610,11,WORKING,NORMAL,,2026-07-22 16:08:27
R03356,WP034,Othappai,1,3902,10,WORKING,NORMAL,,2026-06-26 20:09:40
R03357,WP034,Othappai,1,3411,12,WORKING,NORMAL,,2026-06-29 19:30:45
R03358,WP034,Othappai,1,3461,9,WORKING,NORMAL,,2026-06-29 16:06:36
R03359,WP034,Othappai,1,1499,14,WORKING,NORMAL,,2026-07-22 13:00:06
R03360,WP034,Othappai,1,3668,11,WORKING,NORMAL,,2026-07-17 14:39:36
R03361,WP034,Othappai,0,0,0,NOT_WORKING,CRITICAL,Zero flow detected,2026-07-16 12:26:33
R03362,WP034,Othappai,1,3945,14,WORKING,NORMAL,,2026-07-24 14:48:02
R03363,WP034,Othappai,1,1506,10,WORKING,NORMAL,,2026-07-11 09:58:27
R03364,WP034,Othappai,1,2030,10,WORKING,NORMAL,,2026-07-21 09:21:37
R03365,WP034,Othappai,1,2742,7,WORKING,NORMAL,,2026-06-27 17:38:29
R03366,WP034,Othappai,1,1323,7,WORKING,NORMAL,,2026-07-02 16:03:14
R03367,WP034,Othappai,1,1268,6,WORKING,NORMAL,,2026-07-18 19:21:52
R03368,WP034,Othappai,1,3515,13,WORKING,NORMAL,,2026-07-12 09:15:52
R03369,WP034,Othappai,1,838,1,LOW_FLOW,MEDIUM,Flow below operational threshold,2026-07-09 23:43:31
R03370,WP034,Othappai,1,3360,5,WORKING,NORMAL,,2026-07-11 05:05:56
R03371,WP034,Othappai,1,3309,12,WORKING,NORMAL,,2026-07-08 13:08:28
R03372,WP034,Othappai,1,1587,7,WORKING,NORMAL,,2026-07-14 15:15:44
R03373,WP034,Othappai,1,3473,6,WORKING,NORMAL,,2026-07-02 22:43:04
R03374,WP034,Othappai,1,3244,12,WORKING,NORMAL,,2026-07-06 15:13:54
R03375,WP034,Othappai,1,3601,8,WORKING,NORMAL,,2026-07-25 19:14:01
R03376,WP034,Othappai,1,2763,13,WORKING,NORMAL,,2026-07-20 00:57:36
R03377,WP034,Othappai,1,3138,13,WORKING,NORMAL,,2026-07-22 02:15:04
R03378,WP034,Othappai,1,2277,13,WORKING,NORMAL,,2026-06-30 07:28:50
R03379,WP034,Othappai,1,2595,8,WORKING,NORMAL,,2026-07-11 05:48:36
R03380,WP034,Othappai,1,3324,13,WORKING,NORMAL,,2026-07-14 01:53:03
R03381,WP034,Othappai,0,0,0,NOT_WORKING,CRITICAL,Zero flow detected,2026-07-25 01:29:45
R03382,WP034,Othappai,1,2218,11,WORKING,NORMAL,,2026-07-10 05:59:29
R03383,WP034,Othappai,1,967,4,LOW_FLOW,MEDIUM,Flow below operational threshold,2026-07-06 13:26:46
R03384,WP034,Othappai,0,0,0,NOT_WORKING,CRITICAL,Zero flow detected,2026-07-14 17:27:34
R03385,WP034,Othappai,1,3984,6,WORKING,NORMAL,,2026-06-27 12:12:15
R03386,WP034,Othappai,1,1079,8,WORKING,NORMAL,,2026-06-27 23:59:44
R03387,WP034,Othappai,1,2620,14,WORKING,NORMAL,,2026-07-26 13:42:10
R03388,WP034,Othappai,1,3687,13,WORKING,NORMAL,,2026-06-28 01:42:30
R03389,WP034,Othappai,0,0,0,NOT_WORKING,CRITICAL,Zero flow detected,2026-07-02 16:24:26
R03390,WP034,Othappai,1,2697,10,WORKING,NORMAL,,2026-06-29 04:31:54
R03391,WP034,Othappai,1,3816,8,WORKING,NORMAL,,2026-07-02 21:22:46
R03392,WP034,Othappai,1,2963,6,WORKING,NORMAL,,2026-06-26 20:49:20
R03393,WP034,Othappai,1,1738,14,WORKING,NORMAL,,2026-07-17 00:59:48
R03394,WP034,Othappai,1,3661,14,WORKING,NORMAL,,2026-07-18 19:23:39
R03395,WP034,Othappai,1,3963,7,WORKING,NORMAL,,2026-07-22 13:51:36
R03396,WP034,Othappai,1,2960,10,WORKING,NORMAL,,2026-07-19 12:37:42
R03397,WP034,Othappai,1,1213,14,WORKING,NORMAL,,2026-07-10 12:16:49
R03398,WP034,Othappai,1,1302,9,WORKING,NORMAL,,2026-06-29 21:22:13
R03399,WP034,Othappai,0,0,0,NOT_WORKING,CRITICAL,Zero flow detected,2026-06-28 16:32:33
R03400,WP034,Othappai,1,1441,7,WORKING,NORMAL,,2026-06-28 17:11:23
R03401,WP035,Sholavaram,1,3057,12,WORKING,NORMAL,,2026-07-12 07:13:15
R03402,WP035,Sholavaram,1,974,5,LOW_FLOW,MEDIUM,Flow below operational threshold,2026-07-17 16:42:34
R03403,WP035,Sholavaram,1,3295,10,WORKING,NORMAL,,2026-07-12 21:12:30
R03404,WP035,Sholavaram,1,2851,8,WORKING,NORMAL,,2026-07-25 13:26:50
R03405,WP035,Sholavaram,1,1638,6,WORKING,NORMAL,,2026-07-05 15:57:10
R03406,WP035,Sholavaram,1,3431,11,WORKING,NORMAL,,2026-07-13 19:50:49
R03407,WP035,Sholavaram,1,2197,9,WORKING,NORMAL,,2026-07-23 06:03:30
R03408,WP035,Sholavaram,1,242,4,LOW_FLOW,MEDIUM,Flow below operational threshold,2026-07-01 07:55:43
R03409,WP035,Sholavaram,1,1727,13,WORKING,NORMAL,,2026-06-28 12:12:55
R03410,WP035,Sholavaram,1,1653,13,WORKING,NORMAL,,2026-06-29 08:16:11
R03411,WP035,Sholavaram,1,2503,11,WORKING,NORMAL,,2026-07-20 08:45:23
R03412,WP035,Sholavaram,1,334,1,LOW_FLOW,MEDIUM,Flow below operational threshold,2026-06-28 02:47:54
R03413,WP035,Sholavaram,1,1589,14,WORKING,NORMAL,,2026-07-06 02:54:12
R03414,WP035,Sholavaram,1,1267,10,WORKING,NORMAL,,2026-07-10 22:43:49
R03415,WP035,Sholavaram,1,2447,6,WORKING,NORMAL,,2026-07-26 02:03:21
R03416,WP035,Sholavaram,1,3467,11,WORKING,NORMAL,,2026-07-10 06:02:50
R03417,WP035,Sholavaram,1,1381,6,WORKING,NORMAL,,2026-07-06 17:20:50
R03418,WP035,Sholavaram,1,3645,5,WORKING,NORMAL,,2026-07-05 01:32:22
R03419,WP035,Sholavaram,1,1658,10,WORKING,NORMAL,,2026-07-21 21:22:35
R03420,WP035,Sholavaram,1,2508,13,WORKING,NORMAL,,2026-06-30 02:08:38
R03421,WP035,Sholavaram,1,1490,14,WORKING,NORMAL,,2026-06-27 17:23:42
R03422,WP035,Sholavaram,1,2539,11,WORKING,NORMAL,,2026-07-25 02:32:24
R03423,WP035,Sholavaram,1,2280,14,WORKING,NORMAL,,2026-06-30 15:20:43
R03424,WP035,Sholavaram,0,0,0,NOT_WORKING,CRITICAL,Zero flow detected,2026-07-23 03:10:39
R03425,WP035,Sholavaram,0,0,0,NOT_WORKING,CRITICAL,Zero flow detected,2026-07-19 02:38:35
R03426,WP035,Sholavaram,1,2592,10,WORKING,NORMAL,,2026-06-26 20:29:19
R03427,WP035,Sholavaram,1,3496,6,WORKING,NORMAL,,2026-06-27 02:16:06
R03428,WP035,Sholavaram,1,1690,5,WORKING,NORMAL,,2026-07-02 13:00:22
R03429,WP035,Sholavaram,1,1637,13,WORKING,NORMAL,,2026-07-06 17:08:04
R03430,WP035,Sholavaram,1,2990,7,WORKING,NORMAL,,2026-07-25 09:37:29
R03431,WP035,Sholavaram,1,2389,6,WORKING,NORMAL,,2026-07-24 03:58:58
R03432,WP035,Sholavaram,0,0,0,NOT_WORKING,CRITICAL,Zero flow detected,2026-07-12 03:32:32
R03433,WP035,Sholavaram,1,826,3,LOW_FLOW,MEDIUM,Flow below operational threshold,2026-07-01 08:16:09
R03434,WP035,Sholavaram,1,949,4,LOW_FLOW,MEDIUM,Flow below operational threshold,2026-07-23 09:04:42
R03435,WP035,Sholavaram,1,914,1,LOW_FLOW,MEDIUM,Flow below operational threshold,2026-07-08 07:59:38
R03436,WP035,Sholavaram,1,1699,13,WORKING,NORMAL,,2026-07-24 23:29:50
R03437,WP035,Sholavaram,1,1164,11,WORKING,NORMAL,,2026-07-25 21:03:13
R03438,WP035,Sholavaram,1,3142,6,WORKING,NORMAL,,2026-06-28 10:00:19
R03439,WP035,Sholavaram,1,2940,12,WORKING,NORMAL,,2026-07-16 03:05:55
R03440,WP035,Sholavaram,1,3020,7,WORKING,NORMAL,,2026-06-27 03:06:32
R03441,WP035,Sholavaram,0,0,0,NOT_WORKING,CRITICAL,Zero flow detected,2026-07-17 17:07:42
R03442,WP035,Sholavaram,1,2245,13,WORKING,NORMAL,,2026-07-08 23:41:53
R03443,WP035,Sholavaram,1,3105,13,WORKING,NORMAL,,2026-07-17 18:13:56
R03444,WP035,Sholavaram,1,1754,10,WORKING,NORMAL,,2026-07-17 11:51:38
R03445,WP035,Sholavaram,1,2073,9,WORKING,NORMAL,,2026-07-02 00:21:43
R03446,WP035,Sholavaram,1,1130,8,WORKING,NORMAL,,2026-07-16 03:54:14
R03447,WP035,Sholavaram,1,2091,11,WORKING,NORMAL,,2026-07-17 12:00:25
R03448,WP035,Sholavaram,1,1082,6,WORKING,NORMAL,,2026-07-16 08:14:20
R03449,WP035,Sholavaram,1,989,4,LOW_FLOW,MEDIUM,Flow below operational threshold,2026-07-09 10:09:29
R03450,WP035,Sholavaram,1,1048,8,WORKING,NORMAL,,2026-07-14 19:13:16
R03451,WP035,Sholavaram,1,2255,9,WORKING,NORMAL,,2026-07-09 15:19:33
R03452,WP035,Sholavaram,1,803,1,LOW_FLOW,MEDIUM,Flow below operational threshold,2026-07-09 04:58:34
R03453,WP035,Sholavaram,1,1922,8,WORKING,NORMAL,,2026-07-20 09:08:51
R03454,WP035,Sholavaram,1,3195,8,WORKING,NORMAL,,2026-07-25 17:37:29
R03455,WP035,Sholavaram,1,1727,5,WORKING,NORMAL,,2026-07-14 12:36:02
R03456,WP035,Sholavaram,1,1681,8,WORKING,NORMAL,,2026-07-16 07:56:39
R03457,WP035,Sholavaram,1,1850,12,WORKING,NORMAL,,2026-07-23 19:21:53
R03458,WP035,Sholavaram,1,2239,9,WORKING,NORMAL,,2026-07-14 16:58:05
R03459,WP035,Sholavaram,1,3708,7,WORKING,NORMAL,,2026-07-03 05:59:45
R03460,WP035,Sholavaram,1,3443,7,WORKING,NORMAL,,2026-06-30 03:56:32
R03461,WP035,Sholavaram,1,1436,12,WORKING,NORMAL,,2026-07-06 13:55:59
R03462,WP035,Sholavaram,0,0,0,NOT_WORKING,CRITICAL,Zero flow detected,2026-07-17 09:53:56
R03463,WP035,Sholavaram,1,1783,6,WORKING,NORMAL,,2026-07-06 13:48:36
R03464,WP035,Sholavaram,1,1237,7,WORKING,NORMAL,,2026-07-20 20:07:15
R03465,WP035,Sholavaram,1,1721,9,WORKING,NORMAL,,2026-07-24 15:20:30
R03466,WP035,Sholavaram,1,1707,11,WORKING,NORMAL,,2026-06-26 21:23:51
R03467,WP035,Sholavaram,1,2494,5,WORKING,NORMAL,,2026-07-23 21:08:00
R03468,WP035,Sholavaram,1,3308,11,WORKING,NORMAL,,2026-07-25 21:31:40
R03469,WP035,Sholavaram,1,1736,8,WORKING,NORMAL,,2026-07-12 16:34:16
R03470,WP035,Sholavaram,1,2846,6,WORKING,NORMAL,,2026-06-29 20:46:51
R03471,WP035,Sholavaram,1,1343,5,WORKING,NORMAL,,2026-07-04 22:09:14
R03472,WP035,Sholavaram,1,1834,5,WORKING,NORMAL,,2026-07-13 19:36:46
R03473,WP035,Sholavaram,1,3854,10,WORKING,NORMAL,,2026-07-22 16:58:54
R03474,WP035,Sholavaram,1,2653,11,WORKING,NORMAL,,2026-06-27 05:33:12
R03475,WP035,Sholavaram,1,2507,5,WORKING,NORMAL,,2026-07-13 17:16:04
R03476,WP035,Sholavaram,0,0,0,NOT_WORKING,CRITICAL,Zero flow detected,2026-07-14 19:30:40
R03477,WP035,Sholavaram,1,2382,11,WORKING,NORMAL,,2026-07-12 06:40:17
R03478,WP035,Sholavaram,1,3373,5,WORKING,NORMAL,,2026-07-21 19:20:57
R03479,WP035,Sholavaram,1,3843,5,WORKING,NORMAL,,2026-07-23 17:05:06
R03480,WP035,Sholavaram,1,3771,12,WORKING,NORMAL,,2026-07-01 14:18:41
R03481,WP035,Sholavaram,1,3598,5,WORKING,NORMAL,,2026-07-25 19:57:34
R03482,WP035,Sholavaram,1,646,2,LOW_FLOW,MEDIUM,Flow below operational threshold,2026-07-23 12:21:14
R03483,WP035,Sholavaram,1,3309,6,WORKING,NORMAL,,2026-07-15 15:16:09
R03484,WP035,Sholavaram,1,1454,9,WORKING,NORMAL,,2026-07-13 10:09:27
R03485,WP035,Sholavaram,1,1471,10,WORKING,NORMAL,,2026-07-12 11:32:19
R03486,WP035,Sholavaram,1,2313,12,WORKING,NORMAL,,2026-06-29 17:22:51
R03487,WP035,Sholavaram,1,3148,8,WORKING,NORMAL,,2026-06-26 19:40:16
R03488,WP035,Sholavaram,1,2452,8,WORKING,NORMAL,,2026-07-03 09:16:23
R03489,WP035,Sholavaram,1,2086,8,WORKING,NORMAL,,2026-07-18 13:02:15
R03490,WP035,Sholavaram,1,1030,14,WORKING,NORMAL,,2026-07-04 19:46:17
R03491,WP035,Sholavaram,1,1412,13,WORKING,NORMAL,,2026-07-21 22:01:30
R03492,WP035,Sholavaram,1,1480,6,WORKING,NORMAL,,2026-06-27 15:44:09
R03493,WP035,Sholavaram,1,1712,11,WORKING,NORMAL,,2026-07-20 00:35:44
R03494,WP035,Sholavaram,1,1187,14,WORKING,NORMAL,,2026-07-15 08:47:52
R03495,WP035,Sholavaram,1,2003,6,WORKING,NORMAL,,2026-07-04 15:56:52
R03496,WP035,Sholavaram,1,1814,14,WORKING,NORMAL,,2026-07-26 10:37:33
R03497,WP035,Sholavaram,0,0,0,NOT_WORKING,CRITICAL,Zero flow detected,2026-07-13 18:15:53
R03498,WP035,Sholavaram,1,3391,7,WORKING,NORMAL,,2026-07-04 20:41:08
R03499,WP035,Sholavaram,0,0,0,NOT_WORKING,CRITICAL,Zero flow detected,2026-07-26 07:12:38
R03500,WP035,Sholavaram,1,2298,6,WORKING,NORMAL,,2026-07-21 20:53:22
R03501,WP036,Putlur,1,3494,7,WORKING,NORMAL,,2026-07-22 02:53:12
R03502,WP036,Putlur,1,636,1,LOW_FLOW,MEDIUM,Flow below operational threshold,2026-07-10 05:26:16
R03503,WP036,Putlur,1,2108,10,WORKING,NORMAL,,2026-07-16 11:11:03
R03504,WP036,Putlur,1,1676,7,WORKING,NORMAL,,2026-07-19 17:19:34
R03505,WP036,Putlur,1,3591,14,WORKING,NORMAL,,2026-07-21 19:15:32
R03506,WP036,Putlur,0,0,0,NOT_WORKING,CRITICAL,Zero flow detected,2026-07-08 10:39:32
R03507,WP036,Putlur,1,1220,14,WORKING,NORMAL,,2026-07-13 08:58:52
R03508,WP036,Putlur,1,2290,11,WORKING,NORMAL,,2026-07-01 07:26:15
R03509,WP036,Putlur,1,1419,8,WORKING,NORMAL,,2026-06-26 18:59:19
R03510,WP036,Putlur,1,1918,12,WORKING,NORMAL,,2026-07-02 17:35:45
R03511,WP036,Putlur,1,2823,9,WORKING,NORMAL,,2026-06-30 17:55:30
R03512,WP036,Putlur,1,1424,10,WORKING,NORMAL,,2026-07-06 15:40:21
R03513,WP036,Putlur,1,1010,5,WORKING,NORMAL,,2026-07-16 17:51:55
R03514,WP036,Putlur,1,2965,13,WORKING,NORMAL,,2026-07-06 04:55:26
R03515,WP036,Putlur,1,2390,5,WORKING,NORMAL,,2026-07-23 05:14:43
R03516,WP036,Putlur,1,1836,5,WORKING,NORMAL,,2026-07-23 16:33:34
R03517,WP036,Putlur,1,3180,7,WORKING,NORMAL,,2026-07-14 08:15:52
R03518,WP036,Putlur,1,1708,7,WORKING,NORMAL,,2026-07-17 08:56:31
R03519,WP036,Putlur,1,743,1,LOW_FLOW,MEDIUM,Flow below operational threshold,2026-07-26 07:45:44
R03520,WP036,Putlur,1,2872,9,WORKING,NORMAL,,2026-07-11 15:29:05
R03521,WP036,Putlur,1,3002,10,WORKING,NORMAL,,2026-06-29 16:23:04
R03522,WP036,Putlur,1,830,5,LOW_FLOW,MEDIUM,Flow below operational threshold,2026-07-18 00:51:30
R03523,WP036,Putlur,1,1471,8,WORKING,NORMAL,,2026-07-25 23:43:42
R03524,WP036,Putlur,1,1831,10,WORKING,NORMAL,,2026-07-05 06:06:26
R03525,WP036,Putlur,1,1345,6,WORKING,NORMAL,,2026-07-04 05:17:17
R03526,WP036,Putlur,1,2793,7,WORKING,NORMAL,,2026-07-17 14:26:17
R03527,WP036,Putlur,1,3807,13,WORKING,NORMAL,,2026-07-17 05:47:51
R03528,WP036,Putlur,1,440,3,LOW_FLOW,MEDIUM,Flow below operational threshold,2026-07-09 17:27:30
R03529,WP036,Putlur,1,2480,8,WORKING,NORMAL,,2026-07-24 12:38:50
R03530,WP036,Putlur,1,1936,14,WORKING,NORMAL,,2026-07-04 23:23:15
R03531,WP036,Putlur,1,491,2,LOW_FLOW,MEDIUM,Flow below operational threshold,2026-06-30 19:02:30
R03532,WP036,Putlur,1,3825,9,WORKING,NORMAL,,2026-07-06 07:53:35
R03533,WP036,Putlur,1,2212,12,WORKING,NORMAL,,2026-07-05 01:52:54
R03534,WP036,Putlur,1,3125,10,WORKING,NORMAL,,2026-07-20 18:12:20
R03535,WP036,Putlur,1,3499,14,WORKING,NORMAL,,2026-07-23 18:10:26
R03536,WP036,Putlur,1,2179,13,WORKING,NORMAL,,2026-07-22 09:52:54
R03537,WP036,Putlur,1,1054,13,WORKING,NORMAL,,2026-07-21 03:50:09
R03538,WP036,Putlur,1,3179,5,WORKING,NORMAL,,2026-07-02 12:40:43
R03539,WP036,Putlur,1,3397,7,WORKING,NORMAL,,2026-07-14 01:24:13
R03540,WP036,Putlur,1,823,2,LOW_FLOW,MEDIUM,Flow below operational threshold,2026-07-10 12:26:24
R03541,WP036,Putlur,1,2597,10,WORKING,NORMAL,,2026-06-26 20:11:47
R03542,WP036,Putlur,1,1875,11,WORKING,NORMAL,,2026-07-14 10:03:03
R03543,WP036,Putlur,1,2000,13,WORKING,NORMAL,,2026-07-23 03:22:27
R03544,WP036,Putlur,1,1238,11,WORKING,NORMAL,,2026-07-09 16:51:22
R03545,WP036,Putlur,0,0,0,NOT_WORKING,CRITICAL,Zero flow detected,2026-07-14 16:23:47
R03546,WP036,Putlur,1,3286,8,WORKING,NORMAL,,2026-06-28 11:04:16
R03547,WP036,Putlur,1,1676,6,WORKING,NORMAL,,2026-07-03 04:51:29
R03548,WP036,Putlur,1,3348,13,WORKING,NORMAL,,2026-07-15 10:40:30
R03549,WP036,Putlur,1,1384,8,WORKING,NORMAL,,2026-07-21 06:54:16
R03550,WP036,Putlur,1,2504,8,WORKING,NORMAL,,2026-07-23 13:33:06
R03551,WP036,Putlur,1,1326,6,WORKING,NORMAL,,2026-07-08 21:56:59
R03552,WP036,Putlur,1,2234,14,WORKING,NORMAL,,2026-07-12 12:46:43
R03553,WP036,Putlur,1,2788,11,WORKING,NORMAL,,2026-07-19 18:30:51
R03554,WP036,Putlur,1,3303,8,WORKING,NORMAL,,2026-07-09 13:56:52
R03555,WP036,Putlur,1,1707,5,WORKING,NORMAL,,2026-06-29 20:22:02
R03556,WP036,Putlur,1,2753,5,WORKING,NORMAL,,2026-07-14 15:28:55
R03557,WP036,Putlur,1,2480,6,WORKING,NORMAL,,2026-07-04 23:30:33
R03558,WP036,Putlur,1,3119,6,WORKING,NORMAL,,2026-07-16 01:15:03
R03559,WP036,Putlur,1,1414,13,WORKING,NORMAL,,2026-07-15 22:16:52
R03560,WP036,Putlur,1,3085,5,WORKING,NORMAL,,2026-07-18 12:43:18
R03561,WP036,Putlur,1,2251,8,WORKING,NORMAL,,2026-07-08 20:00:38
R03562,WP036,Putlur,1,1169,13,WORKING,NORMAL,,2026-07-16 13:17:04
R03563,WP036,Putlur,1,1560,8,WORKING,NORMAL,,2026-06-30 22:48:48
R03564,WP036,Putlur,1,3206,11,WORKING,NORMAL,,2026-07-07 23:36:44
R03565,WP036,Putlur,1,2471,8,WORKING,NORMAL,,2026-07-21 15:54:40
R03566,WP036,Putlur,1,1903,8,WORKING,NORMAL,,2026-07-16 16:47:57
R03567,WP036,Putlur,1,2739,7,WORKING,NORMAL,,2026-07-08 01:51:41
R03568,WP036,Putlur,1,2350,8,WORKING,NORMAL,,2026-07-09 07:30:13
R03569,WP036,Putlur,1,1718,8,WORKING,NORMAL,,2026-07-16 06:58:19
R03570,WP036,Putlur,1,3681,11,WORKING,NORMAL,,2026-07-06 11:53:00
R03571,WP036,Putlur,0,0,0,NOT_WORKING,CRITICAL,Zero flow detected,2026-07-21 00:30:30
R03572,WP036,Putlur,1,3166,6,WORKING,NORMAL,,2026-07-22 01:11:14
R03573,WP036,Putlur,1,680,1,LOW_FLOW,MEDIUM,Flow below operational threshold,2026-07-14 00:22:40
R03574,WP036,Putlur,1,1824,9,WORKING,NORMAL,,2026-06-27 17:18:26
R03575,WP036,Putlur,1,1829,9,WORKING,NORMAL,,2026-07-01 15:57:10
R03576,WP036,Putlur,1,1371,14,WORKING,NORMAL,,2026-07-20 23:51:28
R03577,WP036,Putlur,1,2154,6,WORKING,NORMAL,,2026-07-04 09:26:32
R03578,WP036,Putlur,1,961,5,LOW_FLOW,MEDIUM,Flow below operational threshold,2026-07-13 22:53:55
R03579,WP036,Putlur,1,2789,13,WORKING,NORMAL,,2026-07-11 03:41:43
R03580,WP036,Putlur,1,3158,12,WORKING,NORMAL,,2026-07-02 06:38:58
R03581,WP036,Putlur,1,3506,6,WORKING,NORMAL,,2026-07-18 10:09:54
R03582,WP036,Putlur,1,751,3,LOW_FLOW,MEDIUM,Flow below operational threshold,2026-07-22 03:10:14
R03583,WP036,Putlur,1,1775,11,WORKING,NORMAL,,2026-07-06 23:49:10
R03584,WP036,Putlur,1,3457,7,WORKING,NORMAL,,2026-07-04 07:30:00
R03585,WP036,Putlur,1,3479,8,WORKING,NORMAL,,2026-07-08 14:23:38
R03586,WP036,Putlur,1,3226,6,WORKING,NORMAL,,2026-07-03 20:45:02
R03587,WP036,Putlur,1,3569,8,WORKING,NORMAL,,2026-07-04 09:13:32
R03588,WP036,Putlur,1,3087,9,WORKING,NORMAL,,2026-07-23 11:04:54
R03589,WP036,Putlur,1,1843,11,WORKING,NORMAL,,2026-07-14 05:39:17
R03590,WP036,Putlur,1,1461,11,WORKING,NORMAL,,2026-07-15 21:15:45
R03591,WP036,Putlur,1,1224,9,WORKING,NORMAL,,2026-07-18 07:51:46
R03592,WP036,Putlur,1,1583,13,WORKING,NORMAL,,2026-07-01 09:15:39
R03593,WP036,Putlur,1,270,2,LOW_FLOW,MEDIUM,Flow below operational threshold,2026-06-27 01:32:33
R03594,WP036,Putlur,1,3199,14,WORKING,NORMAL,,2026-07-05 20:38:07
R03595,WP036,Putlur,1,1436,13,WORKING,NORMAL,,2026-07-01 12:46:14
R03596,WP036,Putlur,1,3509,5,WORKING,NORMAL,,2026-07-18 06:16:35
R03597,WP036,Putlur,1,447,2,LOW_FLOW,MEDIUM,Flow below operational threshold,2026-07-25 20:36:03
R03598,WP036,Putlur,1,3736,5,WORKING,NORMAL,,2026-07-24 15:11:53
R03599,WP036,Putlur,1,1848,9,WORKING,NORMAL,,2026-06-29 17:46:20
R03600,WP036,Putlur,1,3022,7,WORKING,NORMAL,,2026-07-11 00:10:46
R03601,WP037,Putlur,1,1267,12,WORKING,NORMAL,,2026-07-11 05:51:19
R03602,WP037,Putlur,1,3770,14,WORKING,NORMAL,,2026-07-22 00:34:50
R03603,WP037,Putlur,1,3788,13,WORKING,NORMAL,,2026-07-21 02:18:39
R03604,WP037,Putlur,1,3785,8,WORKING,NORMAL,,2026-07-07 16:46:53
R03605,WP037,Putlur,1,3165,8,WORKING,NORMAL,,2026-06-28 22:29:14
R03606,WP037,Putlur,1,2410,13,WORKING,NORMAL,,2026-06-26 22:06:29
R03607,WP037,Putlur,1,3775,7,WORKING,NORMAL,,2026-06-29 08:40:07
R03608,WP037,Putlur,1,1453,5,WORKING,NORMAL,,2026-07-16 00:35:17
R03609,WP037,Putlur,1,2341,6,WORKING,NORMAL,,2026-07-21 13:47:19
R03610,WP037,Putlur,0,0,0,NOT_WORKING,CRITICAL,Zero flow detected,2026-07-17 09:40:45
R03611,WP037,Putlur,1,1522,6,WORKING,NORMAL,,2026-07-25 08:17:45
R03612,WP037,Putlur,1,3749,6,WORKING,NORMAL,,2026-07-14 11:52:37
R03613,WP037,Putlur,1,1130,13,WORKING,NORMAL,,2026-07-06 07:26:25
R03614,WP037,Putlur,1,1076,9,WORKING,NORMAL,,2026-07-12 11:03:22
R03615,WP037,Putlur,1,2219,11,WORKING,NORMAL,,2026-07-25 05:59:15
R03616,WP037,Putlur,1,1403,5,WORKING,NORMAL,,2026-06-27 06:18:20
R03617,WP037,Putlur,0,0,0,NOT_WORKING,CRITICAL,Zero flow detected,2026-07-07 22:51:32
R03618,WP037,Putlur,1,3785,12,WORKING,NORMAL,,2026-07-06 19:37:40
R03619,WP037,Putlur,1,1983,5,WORKING,NORMAL,,2026-07-10 06:41:31
R03620,WP037,Putlur,1,3025,10,WORKING,NORMAL,,2026-07-23 18:02:23
R03621,WP037,Putlur,1,2848,12,WORKING,NORMAL,,2026-06-28 15:55:17
R03622,WP037,Putlur,1,1459,13,WORKING,NORMAL,,2026-07-11 05:04:52
R03623,WP037,Putlur,1,2943,5,WORKING,NORMAL,,2026-07-02 06:05:53
R03624,WP037,Putlur,1,2569,14,WORKING,NORMAL,,2026-07-25 22:18:28
R03625,WP037,Putlur,1,1600,7,WORKING,NORMAL,,2026-07-07 20:16:46
R03626,WP037,Putlur,1,1717,7,WORKING,NORMAL,,2026-07-20 10:15:09
R03627,WP037,Putlur,1,1583,11,WORKING,NORMAL,,2026-06-30 05:48:22
R03628,WP037,Putlur,1,2936,10,WORKING,NORMAL,,2026-07-01 13:59:50
R03629,WP037,Putlur,1,2814,10,WORKING,NORMAL,,2026-07-06 04:45:00
R03630,WP037,Putlur,1,2695,10,WORKING,NORMAL,,2026-07-19 21:20:15
R03631,WP037,Putlur,1,3030,8,WORKING,NORMAL,,2026-07-10 10:54:45
R03632,WP037,Putlur,1,3918,6,WORKING,NORMAL,,2026-07-05 10:04:14
R03633,WP037,Putlur,1,2334,10,WORKING,NORMAL,,2026-07-12 10:53:16
R03634,WP037,Putlur,1,1674,12,WORKING,NORMAL,,2026-07-17 04:29:53
R03635,WP037,Putlur,1,1048,14,WORKING,NORMAL,,2026-07-26 01:41:01
R03636,WP037,Putlur,1,265,2,LOW_FLOW,MEDIUM,Flow below operational threshold,2026-06-30 01:56:05
R03637,WP037,Putlur,1,2037,8,WORKING,NORMAL,,2026-07-23 14:42:23
R03638,WP037,Putlur,1,2174,5,WORKING,NORMAL,,2026-07-17 18:28:40
R03639,WP037,Putlur,0,0,0,NOT_WORKING,CRITICAL,Zero flow detected,2026-07-26 06:02:19
R03640,WP037,Putlur,1,2442,10,WORKING,NORMAL,,2026-07-20 12:54:37
R03641,WP037,Putlur,1,3011,8,WORKING,NORMAL,,2026-07-26 08:14:20
R03642,WP037,Putlur,1,3375,8,WORKING,NORMAL,,2026-06-29 03:48:40
R03643,WP037,Putlur,1,1188,13,WORKING,NORMAL,,2026-07-13 00:38:49
R03644,WP037,Putlur,1,1319,5,WORKING,NORMAL,,2026-06-28 13:09:37
R03645,WP037,Putlur,1,1232,11,WORKING,NORMAL,,2026-07-07 08:26:09
R03646,WP037,Putlur,1,2659,9,WORKING,NORMAL,,2026-07-23 04:34:21
R03647,WP037,Putlur,1,2613,11,WORKING,NORMAL,,2026-07-12 12:40:19
R03648,WP037,Putlur,1,892,3,LOW_FLOW,MEDIUM,Flow below operational threshold,2026-07-08 00:50:11
R03649,WP037,Putlur,1,2901,11,WORKING,NORMAL,,2026-07-20 09:17:19
R03650,WP037,Putlur,1,547,2,LOW_FLOW,MEDIUM,Flow below operational threshold,2026-07-26 08:40:52
R03651,WP037,Putlur,1,1631,9,WORKING,NORMAL,,2026-07-02 10:23:25
R03652,WP037,Putlur,1,1309,7,WORKING,NORMAL,,2026-07-23 06:00:04
R03653,WP037,Putlur,1,796,2,LOW_FLOW,MEDIUM,Flow below operational threshold,2026-07-19 22:00:32
R03654,WP037,Putlur,1,3726,8,WORKING,NORMAL,,2026-07-05 19:23:47
R03655,WP037,Putlur,1,348,1,LOW_FLOW,MEDIUM,Flow below operational threshold,2026-06-27 17:37:43
R03656,WP037,Putlur,1,2854,11,WORKING,NORMAL,,2026-07-09 16:38:10
R03657,WP037,Putlur,1,1111,8,WORKING,NORMAL,,2026-07-01 21:58:56
R03658,WP037,Putlur,1,3136,10,WORKING,NORMAL,,2026-07-14 04:39:37
R03659,WP037,Putlur,1,3703,12,WORKING,NORMAL,,2026-07-01 17:04:56
R03660,WP037,Putlur,1,2233,6,WORKING,NORMAL,,2026-07-15 01:15:04
R03661,WP037,Putlur,1,1253,6,WORKING,NORMAL,,2026-07-13 11:57:26
R03662,WP037,Putlur,1,2698,13,WORKING,NORMAL,,2026-07-13 01:46:49
R03663,WP037,Putlur,1,296,4,LOW_FLOW,MEDIUM,Flow below operational threshold,2026-06-27 12:51:06
R03664,WP037,Putlur,1,2953,5,WORKING,NORMAL,,2026-07-02 01:30:18
R03665,WP037,Putlur,0,0,0,NOT_WORKING,CRITICAL,Zero flow detected,2026-07-25 02:21:19
R03666,WP037,Putlur,1,2606,8,WORKING,NORMAL,,2026-07-14 07:23:58
R03667,WP037,Putlur,1,2850,9,WORKING,NORMAL,,2026-06-27 00:09:25
R03668,WP037,Putlur,1,1828,9,WORKING,NORMAL,,2026-07-04 20:50:22
R03669,WP037,Putlur,1,1038,9,WORKING,NORMAL,,2026-06-28 13:57:20
R03670,WP037,Putlur,1,2377,9,WORKING,NORMAL,,2026-07-05 01:37:01
R03671,WP037,Putlur,1,1103,8,WORKING,NORMAL,,2026-06-26 22:11:14
R03672,WP037,Putlur,1,2114,5,WORKING,NORMAL,,2026-07-14 21:20:39
R03673,WP037,Putlur,1,2546,13,WORKING,NORMAL,,2026-06-29 19:35:00
R03674,WP037,Putlur,1,2974,12,WORKING,NORMAL,,2026-07-17 21:01:17
R03675,WP037,Putlur,1,2451,9,WORKING,NORMAL,,2026-07-18 08:12:47
R03676,WP037,Putlur,1,1163,10,WORKING,NORMAL,,2026-07-10 22:50:41
R03677,WP037,Putlur,1,1530,6,WORKING,NORMAL,,2026-07-23 18:02:05
R03678,WP037,Putlur,1,2799,9,WORKING,NORMAL,,2026-06-30 06:36:46
R03679,WP037,Putlur,1,508,3,LOW_FLOW,MEDIUM,Flow below operational threshold,2026-07-11 00:56:46
R03680,WP037,Putlur,1,1518,14,WORKING,NORMAL,,2026-07-23 21:06:06
R03681,WP037,Putlur,1,1324,12,WORKING,NORMAL,,2026-07-09 01:14:11
R03682,WP037,Putlur,1,3279,7,WORKING,NORMAL,,2026-07-13 06:59:58
R03683,WP037,Putlur,1,1944,11,WORKING,NORMAL,,2026-07-03 07:19:40
R03684,WP037,Putlur,1,2741,6,WORKING,NORMAL,,2026-07-13 10:55:15
R03685,WP037,Putlur,1,2943,6,WORKING,NORMAL,,2026-06-30 21:48:57
R03686,WP037,Putlur,1,1949,9,WORKING,NORMAL,,2026-07-07 19:51:37
R03687,WP037,Putlur,1,3464,6,WORKING,NORMAL,,2026-06-27 13:22:44
R03688,WP037,Putlur,1,1896,5,WORKING,NORMAL,,2026-06-29 02:32:11
R03689,WP037,Putlur,1,3922,8,WORKING,NORMAL,,2026-07-04 17:38:20
R03690,WP037,Putlur,1,2500,14,WORKING,NORMAL,,2026-07-26 06:37:50
R03691,WP037,Putlur,1,1622,6,WORKING,NORMAL,,2026-07-13 12:07:52
R03692,WP037,Putlur,1,1111,9,WORKING,NORMAL,,2026-06-28 04:39:35
R03693,WP037,Putlur,1,2946,7,WORKING,NORMAL,,2026-07-23 15:20:18
R03694,WP037,Putlur,1,1696,10,WORKING,NORMAL,,2026-07-13 04:52:55
R03695,WP037,Putlur,0,0,0,NOT_WORKING,CRITICAL,Zero flow detected,2026-06-28 04:38:09
R03696,WP037,Putlur,1,2292,11,WORKING,NORMAL,,2026-06-27 07:37:15
R03697,WP037,Putlur,1,1626,10,WORKING,NORMAL,,2026-07-03 04:36:16
R03698,WP037,Putlur,1,3702,13,WORKING,NORMAL,,2026-07-04 11:23:05
R03699,WP037,Putlur,1,3665,7,WORKING,NORMAL,,2026-07-21 18:45:21
R03700,WP037,Putlur,1,1391,8,WORKING,NORMAL,,2026-06-28 16:23:25
R03701,WP038,Mappedu,1,765,2,LOW_FLOW,MEDIUM,Flow below operational threshold,2026-07-07 18:07:46
R03702,WP038,Mappedu,1,3911,10,WORKING,NORMAL,,2026-07-24 16:14:30
R03703,WP038,Mappedu,1,2829,12,WORKING,NORMAL,,2026-07-16 02:11:25
R03704,WP038,Mappedu,1,2661,5,WORKING,NORMAL,,2026-07-03 01:34:02
R03705,WP038,Mappedu,1,1996,7,WORKING,NORMAL,,2026-07-04 00:26:30
R03706,WP038,Mappedu,1,993,4,LOW_FLOW,MEDIUM,Flow below operational threshold,2026-07-06 22:51:03
R03707,WP038,Mappedu,1,2308,13,WORKING,NORMAL,,2026-06-27 01:43:02
R03708,WP038,Mappedu,1,2160,14,WORKING,NORMAL,,2026-07-05 22:49:31
R03709,WP038,Mappedu,1,3891,13,WORKING,NORMAL,,2026-07-21 14:17:32
R03710,WP038,Mappedu,1,1986,9,WORKING,NORMAL,,2026-07-13 04:00:19
R03711,WP038,Mappedu,1,2535,6,WORKING,NORMAL,,2026-07-02 01:44:27
R03712,WP038,Mappedu,1,588,1,LOW_FLOW,MEDIUM,Flow below operational threshold,2026-07-14 11:41:23
R03713,WP038,Mappedu,1,3889,5,WORKING,NORMAL,,2026-07-20 12:32:51
R03714,WP038,Mappedu,1,3564,5,WORKING,NORMAL,,2026-07-25 19:35:18
R03715,WP038,Mappedu,1,1265,7,WORKING,NORMAL,,2026-06-30 00:54:52
R03716,WP038,Mappedu,1,1644,14,WORKING,NORMAL,,2026-07-02 06:15:39
R03717,WP038,Mappedu,1,1644,7,WORKING,NORMAL,,2026-06-30 00:54:51
R03718,WP038,Mappedu,0,0,0,NOT_WORKING,CRITICAL,Zero flow detected,2026-07-18 19:09:44
R03719,WP038,Mappedu,1,2635,13,WORKING,NORMAL,,2026-07-05 15:36:00
R03720,WP038,Mappedu,1,1395,8,WORKING,NORMAL,,2026-07-22 11:43:35
R03721,WP038,Mappedu,1,1188,7,WORKING,NORMAL,,2026-07-04 05:47:59
R03722,WP038,Mappedu,1,1266,12,WORKING,NORMAL,,2026-07-23 22:06:37
R03723,WP038,Mappedu,1,299,4,LOW_FLOW,MEDIUM,Flow below operational threshold,2026-06-28 16:03:34
R03724,WP038,Mappedu,1,3063,6,WORKING,NORMAL,,2026-07-13 04:13:42
R03725,WP038,Mappedu,0,0,0,NOT_WORKING,CRITICAL,Zero flow detected,2026-07-01 16:15:40
R03726,WP038,Mappedu,1,1481,13,WORKING,NORMAL,,2026-07-15 02:01:11
R03727,WP038,Mappedu,1,3271,12,WORKING,NORMAL,,2026-07-14 15:26:53
R03728,WP038,Mappedu,1,1635,6,WORKING,NORMAL,,2026-07-20 06:32:05
R03729,WP038,Mappedu,1,3363,14,WORKING,NORMAL,,2026-07-11 01:56:54
R03730,WP038,Mappedu,1,1920,12,WORKING,NORMAL,,2026-07-02 19:03:37
R03731,WP038,Mappedu,1,3476,7,WORKING,NORMAL,,2026-07-03 16:15:38
R03732,WP038,Mappedu,1,407,3,LOW_FLOW,MEDIUM,Flow below operational threshold,2026-07-22 06:40:20
R03733,WP038,Mappedu,1,3116,11,WORKING,NORMAL,,2026-07-18 00:40:43
R03734,WP038,Mappedu,1,1242,5,WORKING,NORMAL,,2026-06-29 13:41:04
R03735,WP038,Mappedu,1,2601,12,WORKING,NORMAL,,2026-06-28 16:09:41
R03736,WP038,Mappedu,1,2974,7,WORKING,NORMAL,,2026-07-25 00:49:22
R03737,WP038,Mappedu,1,2029,8,WORKING,NORMAL,,2026-07-11 16:44:18
R03738,WP038,Mappedu,1,3789,13,WORKING,NORMAL,,2026-07-11 16:01:29
R03739,WP038,Mappedu,1,2874,7,WORKING,NORMAL,,2026-07-10 02:34:23
R03740,WP038,Mappedu,1,3715,8,WORKING,NORMAL,,2026-07-17 15:58:26
R03741,WP038,Mappedu,0,0,0,NOT_WORKING,CRITICAL,Zero flow detected,2026-07-26 01:36:15
R03742,WP038,Mappedu,1,3453,5,WORKING,NORMAL,,2026-07-05 18:46:47
R03743,WP038,Mappedu,1,3992,13,WORKING,NORMAL,,2026-06-28 20:41:42
R03744,WP038,Mappedu,1,3838,6,WORKING,NORMAL,,2026-07-26 01:31:11
R03745,WP038,Mappedu,1,1660,8,WORKING,NORMAL,,2026-06-28 01:40:26
R03746,WP038,Mappedu,1,956,4,LOW_FLOW,MEDIUM,Flow below operational threshold,2026-06-28 14:57:47
R03747,WP038,Mappedu,1,2656,9,WORKING,NORMAL,,2026-07-12 21:56:59
R03748,WP038,Mappedu,1,1848,7,WORKING,NORMAL,,2026-07-02 21:14:42
R03749,WP038,Mappedu,1,486,1,LOW_FLOW,MEDIUM,Flow below operational threshold,2026-07-21 01:31:49
R03750,WP038,Mappedu,1,1741,6,WORKING,NORMAL,,2026-07-08 19:03:44
R03751,WP038,Mappedu,1,1585,13,WORKING,NORMAL,,2026-07-02 17:29:40
R03752,WP038,Mappedu,1,3369,7,WORKING,NORMAL,,2026-07-11 07:20:11
R03753,WP038,Mappedu,1,1807,6,WORKING,NORMAL,,2026-07-25 01:15:59
R03754,WP038,Mappedu,1,3473,5,WORKING,NORMAL,,2026-07-10 14:38:35
R03755,WP038,Mappedu,1,3187,11,WORKING,NORMAL,,2026-07-12 22:10:32
R03756,WP038,Mappedu,1,619,2,LOW_FLOW,MEDIUM,Flow below operational threshold,2026-06-29 12:51:44
R03757,WP038,Mappedu,1,714,4,LOW_FLOW,MEDIUM,Flow below operational threshold,2026-07-05 20:06:23
R03758,WP038,Mappedu,1,3586,12,WORKING,NORMAL,,2026-07-14 01:43:47
R03759,WP038,Mappedu,1,846,2,LOW_FLOW,MEDIUM,Flow below operational threshold,2026-06-27 08:31:22
R03760,WP038,Mappedu,1,2234,5,WORKING,NORMAL,,2026-07-13 06:47:06
R03761,WP038,Mappedu,1,2824,8,WORKING,NORMAL,,2026-07-11 16:49:47
R03762,WP038,Mappedu,1,3170,7,WORKING,NORMAL,,2026-07-18 22:37:21
R03763,WP038,Mappedu,1,3503,6,WORKING,NORMAL,,2026-07-19 17:40:47
R03764,WP038,Mappedu,1,275,5,LOW_FLOW,MEDIUM,Flow below operational threshold,2026-07-13 05:38:14
R03765,WP038,Mappedu,1,3682,9,WORKING,NORMAL,,2026-07-17 16:13:54
R03766,WP038,Mappedu,1,1005,8,WORKING,NORMAL,,2026-07-17 00:33:50
R03767,WP038,Mappedu,1,1198,7,WORKING,NORMAL,,2026-07-22 08:43:19
R03768,WP038,Mappedu,1,3954,9,WORKING,NORMAL,,2026-06-28 23:11:17
R03769,WP038,Mappedu,1,1405,7,WORKING,NORMAL,,2026-07-12 19:53:08
R03770,WP038,Mappedu,1,1566,13,WORKING,NORMAL,,2026-07-01 21:30:45
R03771,WP038,Mappedu,1,3850,5,WORKING,NORMAL,,2026-06-30 09:16:02
R03772,WP038,Mappedu,1,2826,12,WORKING,NORMAL,,2026-06-28 18:17:54
R03773,WP038,Mappedu,1,2452,11,WORKING,NORMAL,,2026-07-02 07:05:50
R03774,WP038,Mappedu,1,401,2,LOW_FLOW,MEDIUM,Flow below operational threshold,2026-07-12 22:45:30
R03775,WP038,Mappedu,1,1785,14,WORKING,NORMAL,,2026-06-29 05:43:56
R03776,WP038,Mappedu,1,621,3,LOW_FLOW,MEDIUM,Flow below operational threshold,2026-07-24 17:10:11
R03777,WP038,Mappedu,1,2061,6,WORKING,NORMAL,,2026-07-18 20:27:42
R03778,WP038,Mappedu,1,912,3,LOW_FLOW,MEDIUM,Flow below operational threshold,2026-07-25 03:55:20
R03779,WP038,Mappedu,1,3735,6,WORKING,NORMAL,,2026-07-10 00:18:21
R03780,WP038,Mappedu,1,731,2,LOW_FLOW,MEDIUM,Flow below operational threshold,2026-07-09 21:39:58
R03781,WP038,Mappedu,1,2137,12,WORKING,NORMAL,,2026-07-07 14:39:31
R03782,WP038,Mappedu,1,3615,6,WORKING,NORMAL,,2026-07-06 19:25:01
R03783,WP038,Mappedu,1,1130,6,WORKING,NORMAL,,2026-07-01 08:42:35
R03784,WP038,Mappedu,0,0,0,NOT_WORKING,CRITICAL,Zero flow detected,2026-07-18 18:47:37
R03785,WP038,Mappedu,1,3403,6,WORKING,NORMAL,,2026-06-29 06:43:25
R03786,WP038,Mappedu,1,3756,11,WORKING,NORMAL,,2026-07-21 08:37:44
R03787,WP038,Mappedu,0,0,0,NOT_WORKING,CRITICAL,Zero flow detected,2026-07-26 14:36:59
R03788,WP038,Mappedu,1,3195,8,WORKING,NORMAL,,2026-07-15 04:06:43
R03789,WP038,Mappedu,1,2109,9,WORKING,NORMAL,,2026-07-03 21:49:10
R03790,WP038,Mappedu,1,1219,14,WORKING,NORMAL,,2026-06-28 21:12:18
R03791,WP038,Mappedu,0,0,0,NOT_WORKING,CRITICAL,Zero flow detected,2026-07-16 03:28:18
R03792,WP038,Mappedu,1,2520,10,WORKING,NORMAL,,2026-07-03 07:23:02
R03793,WP038,Mappedu,1,498,1,LOW_FLOW,MEDIUM,Flow below operational threshold,2026-07-04 05:59:50
R03794,WP038,Mappedu,1,1864,7,WORKING,NORMAL,,2026-07-12 10:54:46
R03795,WP038,Mappedu,1,2706,11,WORKING,NORMAL,,2026-07-21 11:41:56
R03796,WP038,Mappedu,1,1807,9,WORKING,NORMAL,,2026-07-11 19:00:51
R03797,WP038,Mappedu,1,1830,7,WORKING,NORMAL,,2026-07-18 00:04:46
R03798,WP038,Mappedu,1,1550,10,WORKING,NORMAL,,2026-07-05 05:13:28
R03799,WP038,Mappedu,1,1313,11,WORKING,NORMAL,,2026-07-25 17:45:18
R03800,WP038,Mappedu,1,3064,11,WORKING,NORMAL,,2026-07-06 17:29:45
R03801,WP039,Senji,1,3028,11,WORKING,NORMAL,,2026-07-15 11:35:09
R03802,WP039,Senji,1,3708,7,WORKING,NORMAL,,2026-07-17 10:38:25
R03803,WP039,Senji,1,1562,14,WORKING,NORMAL,,2026-07-05 12:29:16
R03804,WP039,Senji,1,3896,14,WORKING,NORMAL,,2026-07-04 17:43:20
R03805,WP039,Senji,1,3873,14,WORKING,NORMAL,,2026-07-06 12:06:53
R03806,WP039,Senji,1,3074,6,WORKING,NORMAL,,2026-07-12 21:43:16
R03807,WP039,Senji,1,324,5,LOW_FLOW,MEDIUM,Flow below operational threshold,2026-07-07 19:49:17
R03808,WP039,Senji,1,2423,9,WORKING,NORMAL,,2026-06-28 22:35:02
R03809,WP039,Senji,1,3039,13,WORKING,NORMAL,,2026-07-25 00:18:14
R03810,WP039,Senji,1,3810,8,WORKING,NORMAL,,2026-07-11 22:30:49
R03811,WP039,Senji,1,3848,11,WORKING,NORMAL,,2026-07-14 02:06:38
R03812,WP039,Senji,1,2925,7,WORKING,NORMAL,,2026-07-10 06:16:43
R03813,WP039,Senji,1,2852,10,WORKING,NORMAL,,2026-07-05 23:38:34
R03814,WP039,Senji,1,2472,12,WORKING,NORMAL,,2026-07-04 11:49:31
R03815,WP039,Senji,1,3009,5,WORKING,NORMAL,,2026-07-08 17:31:47
R03816,WP039,Senji,1,3324,10,WORKING,NORMAL,,2026-07-21 19:15:01
R03817,WP039,Senji,1,2625,8,WORKING,NORMAL,,2026-07-11 22:00:36
R03818,WP039,Senji,1,742,3,LOW_FLOW,MEDIUM,Flow below operational threshold,2026-07-11 03:20:47
R03819,WP039,Senji,1,1673,12,WORKING,NORMAL,,2026-07-09 16:21:23
R03820,WP039,Senji,1,3484,7,WORKING,NORMAL,,2026-07-11 07:26:45
R03821,WP039,Senji,1,1944,8,WORKING,NORMAL,,2026-07-11 13:41:27
R03822,WP039,Senji,1,2703,12,WORKING,NORMAL,,2026-07-16 21:51:34
R03823,WP039,Senji,1,1728,11,WORKING,NORMAL,,2026-07-18 18:09:07
R03824,WP039,Senji,1,2352,9,WORKING,NORMAL,,2026-07-15 07:46:14
R03825,WP039,Senji,1,1286,5,WORKING,NORMAL,,2026-06-27 08:28:15
R03826,WP039,Senji,1,786,2,LOW_FLOW,MEDIUM,Flow below operational threshold,2026-07-21 07:34:58
R03827,WP039,Senji,1,871,2,LOW_FLOW,MEDIUM,Flow below operational threshold,2026-07-17 06:49:08
R03828,WP039,Senji,1,2780,6,WORKING,NORMAL,,2026-07-20 14:43:25
R03829,WP039,Senji,1,1157,9,WORKING,NORMAL,,2026-07-07 23:14:18
R03830,WP039,Senji,1,1512,11,WORKING,NORMAL,,2026-07-19 14:19:31
R03831,WP039,Senji,1,1815,14,WORKING,NORMAL,,2026-07-21 01:25:34
R03832,WP039,Senji,1,3332,14,WORKING,NORMAL,,2026-07-20 02:27:00
R03833,WP039,Senji,1,1630,8,WORKING,NORMAL,,2026-07-04 04:41:44
R03834,WP039,Senji,1,3141,10,WORKING,NORMAL,,2026-07-24 01:14:20
R03835,WP039,Senji,1,1993,11,WORKING,NORMAL,,2026-07-14 03:49:22
R03836,WP039,Senji,1,2124,5,WORKING,NORMAL,,2026-07-10 05:47:02
R03837,WP039,Senji,1,3690,12,WORKING,NORMAL,,2026-07-12 08:50:12
R03838,WP039,Senji,1,3481,5,WORKING,NORMAL,,2026-07-23 14:11:32
R03839,WP039,Senji,1,1016,12,WORKING,NORMAL,,2026-07-20 19:13:22
R03840,WP039,Senji,1,3391,5,WORKING,NORMAL,,2026-07-13 13:34:05
R03841,WP039,Senji,1,3545,12,WORKING,NORMAL,,2026-07-05 15:06:39
R03842,WP039,Senji,1,1684,14,WORKING,NORMAL,,2026-07-03 12:15:01
R03843,WP039,Senji,1,2941,11,WORKING,NORMAL,,2026-07-12 12:50:29
R03844,WP039,Senji,1,2854,11,WORKING,NORMAL,,2026-07-14 13:35:53
R03845,WP039,Senji,1,2423,9,WORKING,NORMAL,,2026-07-08 23:47:20
R03846,WP039,Senji,1,2113,5,WORKING,NORMAL,,2026-06-27 21:01:46
R03847,WP039,Senji,1,336,3,LOW_FLOW,MEDIUM,Flow below operational threshold,2026-07-16 13:23:11
R03848,WP039,Senji,0,0,0,NOT_WORKING,CRITICAL,Zero flow detected,2026-06-29 10:47:44
R03849,WP039,Senji,1,1490,11,WORKING,NORMAL,,2026-06-28 22:42:10
R03850,WP039,Senji,1,3953,7,WORKING,NORMAL,,2026-07-10 07:21:28
R03851,WP039,Senji,1,1762,14,WORKING,NORMAL,,2026-07-12 00:06:49
R03852,WP039,Senji,1,2821,7,WORKING,NORMAL,,2026-07-18 15:02:31
R03853,WP039,Senji,1,520,3,LOW_FLOW,MEDIUM,Flow below operational threshold,2026-07-15 18:54:59
R03854,WP039,Senji,1,2505,14,WORKING,NORMAL,,2026-07-18 03:41:36
R03855,WP039,Senji,1,733,5,LOW_FLOW,MEDIUM,Flow below operational threshold,2026-07-07 13:40:26
R03856,WP039,Senji,1,3895,10,WORKING,NORMAL,,2026-06-29 08:10:08
R03857,WP039,Senji,1,2822,13,WORKING,NORMAL,,2026-07-14 04:08:25
R03858,WP039,Senji,1,465,5,LOW_FLOW,MEDIUM,Flow below operational threshold,2026-07-16 04:21:14
R03859,WP039,Senji,1,3770,6,WORKING,NORMAL,,2026-07-04 03:32:19
R03860,WP039,Senji,1,2458,11,WORKING,NORMAL,,2026-07-19 20:21:55
R03861,WP039,Senji,1,1846,8,WORKING,NORMAL,,2026-07-21 01:00:37
R03862,WP039,Senji,1,1548,8,WORKING,NORMAL,,2026-07-17 23:12:42
R03863,WP039,Senji,1,2063,7,WORKING,NORMAL,,2026-07-12 18:02:24
R03864,WP039,Senji,1,2455,13,WORKING,NORMAL,,2026-07-06 20:17:00
R03865,WP039,Senji,1,3323,12,WORKING,NORMAL,,2026-07-14 19:09:46
R03866,WP039,Senji,1,1109,7,WORKING,NORMAL,,2026-07-11 01:01:36
R03867,WP039,Senji,1,1826,7,WORKING,NORMAL,,2026-07-09 18:11:16
R03868,WP039,Senji,1,1154,8,WORKING,NORMAL,,2026-07-05 02:20:59
R03869,WP039,Senji,1,2706,14,WORKING,NORMAL,,2026-06-29 23:53:17
R03870,WP039,Senji,1,1766,12,WORKING,NORMAL,,2026-07-20 06:47:48
R03871,WP039,Senji,1,3416,13,WORKING,NORMAL,,2026-06-29 23:02:49
R03872,WP039,Senji,0,0,0,NOT_WORKING,CRITICAL,Zero flow detected,2026-07-11 10:59:21
R03873,WP039,Senji,1,1982,12,WORKING,NORMAL,,2026-07-25 06:36:35
R03874,WP039,Senji,1,2340,5,WORKING,NORMAL,,2026-07-22 00:59:58
R03875,WP039,Senji,1,1841,13,WORKING,NORMAL,,2026-07-08 11:06:31
R03876,WP039,Senji,1,3666,14,WORKING,NORMAL,,2026-07-13 09:27:35
R03877,WP039,Senji,1,3251,13,WORKING,NORMAL,,2026-07-15 14:10:29
R03878,WP039,Senji,0,0,0,NOT_WORKING,CRITICAL,Zero flow detected,2026-07-22 00:42:21
R03879,WP039,Senji,1,2319,14,WORKING,NORMAL,,2026-07-17 02:23:58
R03880,WP039,Senji,1,200,5,LOW_FLOW,MEDIUM,Flow below operational threshold,2026-07-10 10:38:57
R03881,WP039,Senji,1,3327,12,WORKING,NORMAL,,2026-07-11 11:47:09
R03882,WP039,Senji,1,2676,5,WORKING,NORMAL,,2026-07-12 22:15:04
R03883,WP039,Senji,0,0,0,NOT_WORKING,CRITICAL,Zero flow detected,2026-07-03 02:17:08
R03884,WP039,Senji,1,1038,10,WORKING,NORMAL,,2026-06-27 16:30:44
R03885,WP039,Senji,1,3741,12,WORKING,NORMAL,,2026-07-15 04:29:49
R03886,WP039,Senji,1,527,3,LOW_FLOW,MEDIUM,Flow below operational threshold,2026-07-14 04:19:31
R03887,WP039,Senji,1,3139,14,WORKING,NORMAL,,2026-07-14 06:03:49
R03888,WP039,Senji,1,3098,9,WORKING,NORMAL,,2026-07-26 14:05:04
R03889,WP039,Senji,1,2126,12,WORKING,NORMAL,,2026-07-02 13:21:23
R03890,WP039,Senji,1,3807,13,WORKING,NORMAL,,2026-07-17 20:19:15
R03891,WP039,Senji,1,3331,12,WORKING,NORMAL,,2026-06-27 15:21:42
R03892,WP039,Senji,1,3801,13,WORKING,NORMAL,,2026-06-27 03:59:17
R03893,WP039,Senji,1,3747,9,WORKING,NORMAL,,2026-07-08 02:38:09
R03894,WP039,Senji,1,3308,7,WORKING,NORMAL,,2026-07-03 07:31:45
R03895,WP039,Senji,1,1213,9,WORKING,NORMAL,,2026-07-15 17:52:15
R03896,WP039,Senji,1,437,1,LOW_FLOW,MEDIUM,Flow below operational threshold,2026-07-08 04:11:11
R03897,WP039,Senji,1,2410,8,WORKING,NORMAL,,2026-07-07 15:51:27
R03898,WP039,Senji,1,3483,14,WORKING,NORMAL,,2026-07-16 05:50:49
R03899,WP039,Senji,1,269,3,LOW_FLOW,MEDIUM,Flow below operational threshold,2026-07-03 17:47:45
R03900,WP039,Senji,1,2153,8,WORKING,NORMAL,,2026-07-18 11:08:10
R03901,WP040,Katchur,1,3377,5,WORKING,NORMAL,,2026-07-18 05:01:43
R03902,WP040,Katchur,1,2226,6,WORKING,NORMAL,,2026-06-29 20:49:49
R03903,WP040,Katchur,1,1471,8,WORKING,NORMAL,,2026-07-05 13:22:20
R03904,WP040,Katchur,1,2605,10,WORKING,NORMAL,,2026-07-17 16:08:10
R03905,WP040,Katchur,1,1579,11,WORKING,NORMAL,,2026-07-25 11:59:54
R03906,WP040,Katchur,1,3904,6,WORKING,NORMAL,,2026-07-05 21:51:20
R03907,WP040,Katchur,1,832,5,LOW_FLOW,MEDIUM,Flow below operational threshold,2026-07-16 00:35:03
R03908,WP040,Katchur,1,1349,8,WORKING,NORMAL,,2026-07-04 15:57:11
R03909,WP040,Katchur,1,2784,6,WORKING,NORMAL,,2026-07-09 22:29:06
R03910,WP040,Katchur,1,705,4,LOW_FLOW,MEDIUM,Flow below operational threshold,2026-07-14 20:54:43
R03911,WP040,Katchur,1,3486,5,WORKING,NORMAL,,2026-07-26 08:34:22
R03912,WP040,Katchur,1,3455,6,WORKING,NORMAL,,2026-07-15 18:35:25
R03913,WP040,Katchur,1,1606,11,WORKING,NORMAL,,2026-07-08 12:06:27
R03914,WP040,Katchur,1,3374,5,WORKING,NORMAL,,2026-07-22 12:29:27
R03915,WP040,Katchur,1,2035,11,WORKING,NORMAL,,2026-07-11 20:15:40
R03916,WP040,Katchur,1,3909,8,WORKING,NORMAL,,2026-06-30 06:52:01
R03917,WP040,Katchur,1,522,3,LOW_FLOW,MEDIUM,Flow below operational threshold,2026-06-26 19:39:40
R03918,WP040,Katchur,1,2799,11,WORKING,NORMAL,,2026-07-10 03:53:37
R03919,WP040,Katchur,1,1269,9,WORKING,NORMAL,,2026-07-21 08:14:43
R03920,WP040,Katchur,1,2883,14,WORKING,NORMAL,,2026-07-23 17:07:06
R03921,WP040,Katchur,1,2255,14,WORKING,NORMAL,,2026-07-06 09:17:56
R03922,WP040,Katchur,1,3968,11,WORKING,NORMAL,,2026-07-07 21:40:41
R03923,WP040,Katchur,1,3478,10,WORKING,NORMAL,,2026-07-06 08:33:10
R03924,WP040,Katchur,1,1008,9,WORKING,NORMAL,,2026-07-16 11:50:43
R03925,WP040,Katchur,1,2720,6,WORKING,NORMAL,,2026-07-08 12:16:14
R03926,WP040,Katchur,1,3811,10,WORKING,NORMAL,,2026-07-15 08:47:07
R03927,WP040,Katchur,1,1628,9,WORKING,NORMAL,,2026-06-30 13:44:24
R03928,WP040,Katchur,1,2441,12,WORKING,NORMAL,,2026-07-22 12:12:26
R03929,WP040,Katchur,1,3946,9,WORKING,NORMAL,,2026-07-25 19:07:25
R03930,WP040,Katchur,1,3935,14,WORKING,NORMAL,,2026-06-26 21:05:15
R03931,WP040,Katchur,1,1918,7,WORKING,NORMAL,,2026-07-01 08:53:29
R03932,WP040,Katchur,1,1207,8,WORKING,NORMAL,,2026-07-23 07:05:28
R03933,WP040,Katchur,1,3119,7,WORKING,NORMAL,,2026-07-24 12:29:22
R03934,WP040,Katchur,1,1035,11,WORKING,NORMAL,,2026-07-22 15:47:43
R03935,WP040,Katchur,1,3011,7,WORKING,NORMAL,,2026-07-23 13:34:50
R03936,WP040,Katchur,1,2681,5,WORKING,NORMAL,,2026-07-22 22:42:07
R03937,WP040,Katchur,1,1276,13,WORKING,NORMAL,,2026-07-26 16:47:29
R03938,WP040,Katchur,1,2286,14,WORKING,NORMAL,,2026-07-04 01:48:56
R03939,WP040,Katchur,1,1871,7,WORKING,NORMAL,,2026-07-06 02:28:23
R03940,WP040,Katchur,1,1100,10,WORKING,NORMAL,,2026-07-21 02:44:37
R03941,WP040,Katchur,1,1938,11,WORKING,NORMAL,,2026-07-26 00:14:30
R03942,WP040,Katchur,0,0,0,NOT_WORKING,CRITICAL,Zero flow detected,2026-07-05 06:37:35
R03943,WP040,Katchur,1,3865,6,WORKING,NORMAL,,2026-07-22 17:38:16
R03944,WP040,Katchur,1,2285,8,WORKING,NORMAL,,2026-06-30 02:03:01
R03945,WP040,Katchur,1,1050,10,WORKING,NORMAL,,2026-07-20 23:27:57
R03946,WP040,Katchur,1,2026,9,WORKING,NORMAL,,2026-06-28 17:28:12
R03947,WP040,Katchur,1,2393,5,WORKING,NORMAL,,2026-07-08 04:00:35
R03948,WP040,Katchur,1,2950,11,WORKING,NORMAL,,2026-07-05 07:36:14
R03949,WP040,Katchur,1,3087,13,WORKING,NORMAL,,2026-06-29 10:17:33
R03950,WP040,Katchur,1,1657,12,WORKING,NORMAL,,2026-07-13 09:51:22
R03951,WP040,Katchur,1,1867,11,WORKING,NORMAL,,2026-07-22 06:43:40
R03952,WP040,Katchur,1,1435,5,WORKING,NORMAL,,2026-07-12 07:05:34
R03953,WP040,Katchur,1,2950,5,WORKING,NORMAL,,2026-07-08 01:10:18
R03954,WP040,Katchur,1,916,3,LOW_FLOW,MEDIUM,Flow below operational threshold,2026-07-06 08:40:10
R03955,WP040,Katchur,1,3290,11,WORKING,NORMAL,,2026-07-24 09:02:21
R03956,WP040,Katchur,1,2444,5,WORKING,NORMAL,,2026-07-21 17:42:40
R03957,WP040,Katchur,1,2846,14,WORKING,NORMAL,,2026-07-01 07:42:34
R03958,WP040,Katchur,1,3571,13,WORKING,NORMAL,,2026-07-05 13:44:12
R03959,WP040,Katchur,1,2488,14,WORKING,NORMAL,,2026-06-29 21:08:44
R03960,WP040,Katchur,1,1133,12,WORKING,NORMAL,,2026-07-25 16:41:24
R03961,WP040,Katchur,1,2187,7,WORKING,NORMAL,,2026-07-05 05:14:54
R03962,WP040,Katchur,1,3416,9,WORKING,NORMAL,,2026-06-27 23:38:04
R03963,WP040,Katchur,1,2706,8,WORKING,NORMAL,,2026-07-05 03:50:41
R03964,WP040,Katchur,1,1307,9,WORKING,NORMAL,,2026-06-30 18:30:12
R03965,WP040,Katchur,1,2674,9,WORKING,NORMAL,,2026-07-15 01:18:13
R03966,WP040,Katchur,1,1632,13,WORKING,NORMAL,,2026-07-09 01:04:13
R03967,WP040,Katchur,1,1892,12,WORKING,NORMAL,,2026-07-15 13:39:24
R03968,WP040,Katchur,1,2276,7,WORKING,NORMAL,,2026-07-03 21:02:38
R03969,WP040,Katchur,1,1820,7,WORKING,NORMAL,,2026-07-13 13:41:48
R03970,WP040,Katchur,1,3296,13,WORKING,NORMAL,,2026-07-19 03:16:47
R03971,WP040,Katchur,1,2096,13,WORKING,NORMAL,,2026-07-07 07:25:08
R03972,WP040,Katchur,1,3866,14,WORKING,NORMAL,,2026-07-11 10:24:52
R03973,WP040,Katchur,0,0,0,NOT_WORKING,CRITICAL,Zero flow detected,2026-07-18 04:25:41
R03974,WP040,Katchur,1,3570,5,WORKING,NORMAL,,2026-07-07 13:49:58
R03975,WP040,Katchur,1,907,1,LOW_FLOW,MEDIUM,Flow below operational threshold,2026-07-08 17:04:37
R03976,WP040,Katchur,1,1560,5,WORKING,NORMAL,,2026-06-29 14:24:36
R03977,WP040,Katchur,1,397,2,LOW_FLOW,MEDIUM,Flow below operational threshold,2026-07-24 22:10:54
R03978,WP040,Katchur,1,2226,8,WORKING,NORMAL,,2026-06-29 06:31:18
R03979,WP040,Katchur,1,2288,9,WORKING,NORMAL,,2026-07-24 02:05:51
R03980,WP040,Katchur,1,2874,9,WORKING,NORMAL,,2026-07-03 05:31:49
R03981,WP040,Katchur,1,1245,6,WORKING,NORMAL,,2026-07-18 23:40:21
R03982,WP040,Katchur,1,1432,8,WORKING,NORMAL,,2026-07-12 20:42:00
R03983,WP040,Katchur,1,1365,12,WORKING,NORMAL,,2026-07-13 14:25:07
R03984,WP040,Katchur,1,1664,6,WORKING,NORMAL,,2026-07-10 13:17:07
R03985,WP040,Katchur,1,3192,13,WORKING,NORMAL,,2026-07-02 03:34:36
R03986,WP040,Katchur,1,3703,7,WORKING,NORMAL,,2026-07-25 06:09:24
R03987,WP040,Katchur,1,1558,14,WORKING,NORMAL,,2026-07-18 02:43:08
R03988,WP040,Katchur,1,593,2,LOW_FLOW,MEDIUM,Flow below operational threshold,2026-07-17 19:35:07
R03989,WP040,Katchur,1,3777,10,WORKING,NORMAL,,2026-06-29 18:55:55
R03990,WP040,Katchur,1,712,1,LOW_FLOW,MEDIUM,Flow below operational threshold,2026-06-29 13:24:28
R03991,WP040,Katchur,1,790,2,LOW_FLOW,MEDIUM,Flow below operational threshold,2026-07-15 09:37:29
R03992,WP040,Katchur,1,1193,8,WORKING,NORMAL,,2026-07-25 06:04:09
R03993,WP040,Katchur,0,0,0,NOT_WORKING,CRITICAL,Zero flow detected,2026-07-07 06:27:53
R03994,WP040,Katchur,1,3904,11,WORKING,NORMAL,,2026-07-15 17:28:09
R03995,WP040,Katchur,1,1447,12,WORKING,NORMAL,,2026-07-12 00:20:59
R03996,WP040,Katchur,1,2131,12,WORKING,NORMAL,,2026-07-26 03:41:29
R03997,WP040,Katchur,1,3276,13,WORKING,NORMAL,,2026-07-07 13:55:27
R03998,WP040,Katchur,1,2343,5,WORKING,NORMAL,,2026-07-09 08:41:53
R03999,WP040,Katchur,1,1978,5,WORKING,NORMAL,,2026-07-06 14:03:20
R04000,WP040,Katchur,1,3722,10,WORKING,NORMAL,,2026-07-15 16:26:49
R04001,WP041,Putlur,1,3293,5,WORKING,NORMAL,,2026-07-13 06:33:13
R04002,WP041,Putlur,0,0,0,NOT_WORKING,CRITICAL,Zero flow detected,2026-07-02 09:27:51
R04003,WP041,Putlur,1,637,5,LOW_FLOW,MEDIUM,Flow below operational threshold,2026-07-06 15:19:39
R04004,WP041,Putlur,1,3741,13,WORKING,NORMAL,,2026-07-08 23:38:02
R04005,WP041,Putlur,1,2579,12,WORKING,NORMAL,,2026-07-25 04:47:13
R04006,WP041,Putlur,1,2586,7,WORKING,NORMAL,,2026-07-04 09:12:41
R04007,WP041,Putlur,1,318,5,LOW_FLOW,MEDIUM,Flow below operational threshold,2026-07-21 17:03:33
R04008,WP041,Putlur,1,3076,5,WORKING,NORMAL,,2026-06-29 09:11:41
R04009,WP041,Putlur,1,1742,6,WORKING,NORMAL,,2026-07-02 08:43:01
R04010,WP041,Putlur,1,2278,8,WORKING,NORMAL,,2026-07-03 02:02:10
R04011,WP041,Putlur,1,1728,13,WORKING,NORMAL,,2026-06-30 10:06:26
R04012,WP041,Putlur,1,2043,14,WORKING,NORMAL,,2026-07-20 14:44:28
R04013,WP041,Putlur,1,2683,14,WORKING,NORMAL,,2026-07-12 19:26:44
R04014,WP041,Putlur,1,2198,11,WORKING,NORMAL,,2026-07-12 21:51:43
R04015,WP041,Putlur,1,3944,6,WORKING,NORMAL,,2026-07-15 20:16:11
R04016,WP041,Putlur,1,1135,11,WORKING,NORMAL,,2026-07-19 12:52:28
R04017,WP041,Putlur,1,3822,13,WORKING,NORMAL,,2026-07-19 12:18:01
R04018,WP041,Putlur,1,322,5,LOW_FLOW,MEDIUM,Flow below operational threshold,2026-07-19 13:15:59
R04019,WP041,Putlur,1,3345,8,WORKING,NORMAL,,2026-07-19 06:57:40
R04020,WP041,Putlur,1,2138,7,WORKING,NORMAL,,2026-07-10 21:39:14
R04021,WP041,Putlur,1,1007,11,WORKING,NORMAL,,2026-07-25 22:43:43
R04022,WP041,Putlur,1,3861,11,WORKING,NORMAL,,2026-07-15 17:55:48
R04023,WP041,Putlur,1,596,3,LOW_FLOW,MEDIUM,Flow below operational threshold,2026-07-14 00:26:46
R04024,WP041,Putlur,1,326,1,LOW_FLOW,MEDIUM,Flow below operational threshold,2026-07-11 10:40:36
R04025,WP041,Putlur,1,3111,7,WORKING,NORMAL,,2026-07-07 10:01:51
R04026,WP041,Putlur,1,3051,5,WORKING,NORMAL,,2026-07-23 20:39:43
R04027,WP041,Putlur,1,1885,6,WORKING,NORMAL,,2026-07-06 16:59:42
R04028,WP041,Putlur,1,2448,11,WORKING,NORMAL,,2026-07-21 02:15:39
R04029,WP041,Putlur,1,678,4,LOW_FLOW,MEDIUM,Flow below operational threshold,2026-07-13 03:30:14
R04030,WP041,Putlur,1,1368,7,WORKING,NORMAL,,2026-07-20 03:13:25
R04031,WP041,Putlur,1,2959,14,WORKING,NORMAL,,2026-06-27 17:04:06
R04032,WP041,Putlur,1,2866,8,WORKING,NORMAL,,2026-07-02 05:00:56
R04033,WP041,Putlur,1,2969,13,WORKING,NORMAL,,2026-07-10 14:21:19
R04034,WP041,Putlur,1,2873,7,WORKING,NORMAL,,2026-07-08 18:52:18
R04035,WP041,Putlur,1,1774,9,WORKING,NORMAL,,2026-07-14 01:47:05
R04036,WP041,Putlur,0,0,0,NOT_WORKING,CRITICAL,Zero flow detected,2026-07-16 19:30:28
R04037,WP041,Putlur,0,0,0,NOT_WORKING,CRITICAL,Zero flow detected,2026-06-29 20:24:07
R04038,WP041,Putlur,1,3083,14,WORKING,NORMAL,,2026-07-12 20:56:00
R04039,WP041,Putlur,1,2421,7,WORKING,NORMAL,,2026-07-22 15:10:46
R04040,WP041,Putlur,1,2615,13,WORKING,NORMAL,,2026-07-05 00:58:46
R04041,WP041,Putlur,1,3915,6,WORKING,NORMAL,,2026-06-28 18:28:30
R04042,WP041,Putlur,1,1376,13,WORKING,NORMAL,,2026-07-10 08:01:12
R04043,WP041,Putlur,1,1469,12,WORKING,NORMAL,,2026-07-02 23:01:19
R04044,WP041,Putlur,1,3273,13,WORKING,NORMAL,,2026-06-29 12:59:44
R04045,WP041,Putlur,1,3372,13,WORKING,NORMAL,,2026-07-12 09:30:00
R04046,WP041,Putlur,1,2269,9,WORKING,NORMAL,,2026-07-02 01:07:47
R04047,WP041,Putlur,1,2894,8,WORKING,NORMAL,,2026-07-16 07:41:26
R04048,WP041,Putlur,1,331,1,LOW_FLOW,MEDIUM,Flow below operational threshold,2026-07-06 20:29:37
R04049,WP041,Putlur,1,1067,10,WORKING,NORMAL,,2026-07-22 02:59:13
R04050,WP041,Putlur,1,3871,7,WORKING,NORMAL,,2026-07-24 21:22:48
R04051,WP041,Putlur,1,970,1,LOW_FLOW,MEDIUM,Flow below operational threshold,2026-07-02 04:33:42
R04052,WP041,Putlur,1,2234,8,WORKING,NORMAL,,2026-07-15 11:38:38
R04053,WP041,Putlur,0,0,0,NOT_WORKING,CRITICAL,Zero flow detected,2026-07-19 00:41:04
R04054,WP041,Putlur,1,1278,12,WORKING,NORMAL,,2026-07-16 22:04:17
R04055,WP041,Putlur,1,2696,5,WORKING,NORMAL,,2026-07-10 20:44:10
R04056,WP041,Putlur,1,3063,11,WORKING,NORMAL,,2026-07-26 10:53:00
R04057,WP041,Putlur,1,3187,8,WORKING,NORMAL,,2026-07-08 13:45:28
R04058,WP041,Putlur,1,3252,8,WORKING,NORMAL,,2026-07-11 14:19:43
R04059,WP041,Putlur,1,1111,10,WORKING,NORMAL,,2026-07-20 02:45:26
R04060,WP041,Putlur,1,914,2,LOW_FLOW,MEDIUM,Flow below operational threshold,2026-07-09 17:15:27
R04061,WP041,Putlur,1,3668,8,WORKING,NORMAL,,2026-07-08 21:34:35
R04062,WP041,Putlur,1,2760,9,WORKING,NORMAL,,2026-07-05 11:58:16
R04063,WP041,Putlur,1,306,1,LOW_FLOW,MEDIUM,Flow below operational threshold,2026-07-10 22:32:18
R04064,WP041,Putlur,1,747,5,LOW_FLOW,MEDIUM,Flow below operational threshold,2026-07-02 20:38:05
R04065,WP041,Putlur,1,646,4,LOW_FLOW,MEDIUM,Flow below operational threshold,2026-06-29 09:37:18
R04066,WP041,Putlur,1,3290,11,WORKING,NORMAL,,2026-07-15 18:52:29
R04067,WP041,Putlur,1,1117,8,WORKING,NORMAL,,2026-07-22 10:07:51
R04068,WP041,Putlur,1,2484,6,WORKING,NORMAL,,2026-06-29 22:51:59
R04069,WP041,Putlur,1,3768,7,WORKING,NORMAL,,2026-07-06 12:03:12
R04070,WP041,Putlur,1,265,2,LOW_FLOW,MEDIUM,Flow below operational threshold,2026-06-30 01:31:25
R04071,WP041,Putlur,0,0,0,NOT_WORKING,CRITICAL,Zero flow detected,2026-06-29 18:23:08
R04072,WP041,Putlur,1,1552,9,WORKING,NORMAL,,2026-07-19 20:39:04
R04073,WP041,Putlur,1,3200,13,WORKING,NORMAL,,2026-06-27 17:44:06
R04074,WP041,Putlur,1,2273,9,WORKING,NORMAL,,2026-07-25 05:37:33
R04075,WP041,Putlur,1,299,5,LOW_FLOW,MEDIUM,Flow below operational threshold,2026-07-05 12:36:09
R04076,WP041,Putlur,1,1902,8,WORKING,NORMAL,,2026-07-12 10:20:50
R04077,WP041,Putlur,1,1499,6,WORKING,NORMAL,,2026-06-26 17:44:18
R04078,WP041,Putlur,1,3372,11,WORKING,NORMAL,,2026-07-01 11:21:48
R04079,WP041,Putlur,1,890,5,LOW_FLOW,MEDIUM,Flow below operational threshold,2026-07-14 06:03:33
R04080,WP041,Putlur,1,1122,10,WORKING,NORMAL,,2026-07-22 05:52:56
R04081,WP041,Putlur,1,2736,6,WORKING,NORMAL,,2026-07-17 11:58:24
R04082,WP041,Putlur,1,2062,14,WORKING,NORMAL,,2026-07-16 01:26:09
R04083,WP041,Putlur,1,3253,8,WORKING,NORMAL,,2026-07-09 19:37:01
R04084,WP041,Putlur,1,2016,14,WORKING,NORMAL,,2026-07-16 11:50:10
R04085,WP041,Putlur,1,1522,7,WORKING,NORMAL,,2026-07-13 05:06:07
R04086,WP041,Putlur,1,3090,9,WORKING,NORMAL,,2026-07-07 15:44:53
R04087,WP041,Putlur,1,1958,12,WORKING,NORMAL,,2026-07-23 20:47:32
R04088,WP041,Putlur,1,1507,9,WORKING,NORMAL,,2026-06-28 03:24:46
R04089,WP041,Putlur,1,3471,14,WORKING,NORMAL,,2026-07-05 22:04:44
R04090,WP041,Putlur,1,1616,7,WORKING,NORMAL,,2026-07-22 21:29:06
R04091,WP041,Putlur,1,2779,6,WORKING,NORMAL,,2026-07-21 12:44:02
R04092,WP041,Putlur,1,3043,7,WORKING,NORMAL,,2026-07-22 17:40:26
R04093,WP041,Putlur,1,2626,8,WORKING,NORMAL,,2026-06-30 10:38:47
R04094,WP041,Putlur,1,3641,14,WORKING,NORMAL,,2026-07-25 13:38:49
R04095,WP041,Putlur,1,1392,12,WORKING,NORMAL,,2026-07-10 03:48:11
R04096,WP041,Putlur,1,1903,12,WORKING,NORMAL,,2026-07-08 08:18:42
R04097,WP041,Putlur,1,3110,9,WORKING,NORMAL,,2026-07-26 11:42:37
R04098,WP041,Putlur,1,1819,7,WORKING,NORMAL,,2026-07-14 00:40:58
R04099,WP041,Putlur,1,1110,5,WORKING,NORMAL,,2026-07-12 13:45:55
R04100,WP041,Putlur,1,1257,5,WORKING,NORMAL,,2026-07-08 07:12:33
R04101,WP042,Pannur,1,3898,9,WORKING,NORMAL,,2026-07-08 10:44:59
R04102,WP042,Pannur,1,222,2,LOW_FLOW,MEDIUM,Flow below operational threshold,2026-07-08 15:51:02
R04103,WP042,Pannur,1,1773,9,WORKING,NORMAL,,2026-06-27 13:15:11
R04104,WP042,Pannur,1,3644,10,WORKING,NORMAL,,2026-07-17 09:32:27
R04105,WP042,Pannur,1,3660,10,WORKING,NORMAL,,2026-07-09 13:10:07
R04106,WP042,Pannur,1,1967,10,WORKING,NORMAL,,2026-07-22 01:52:05
R04107,WP042,Pannur,1,984,2,LOW_FLOW,MEDIUM,Flow below operational threshold,2026-07-03 19:39:28
R04108,WP042,Pannur,1,2094,13,WORKING,NORMAL,,2026-06-29 18:32:26
R04109,WP042,Pannur,1,1602,9,WORKING,NORMAL,,2026-07-02 18:08:29
R04110,WP042,Pannur,1,3508,11,WORKING,NORMAL,,2026-07-06 22:52:09
R04111,WP042,Pannur,1,2966,10,WORKING,NORMAL,,2026-07-13 09:09:30
R04112,WP042,Pannur,1,2743,9,WORKING,NORMAL,,2026-07-23 05:41:54
R04113,WP042,Pannur,1,860,2,LOW_FLOW,MEDIUM,Flow below operational threshold,2026-07-05 01:46:22
R04114,WP042,Pannur,1,1000,5,WORKING,NORMAL,,2026-07-02 05:46:16
R04115,WP042,Pannur,1,1037,8,WORKING,NORMAL,,2026-07-01 01:02:33
R04116,WP042,Pannur,1,1629,10,WORKING,NORMAL,,2026-07-20 09:35:25
R04117,WP042,Pannur,1,1765,9,WORKING,NORMAL,,2026-07-24 06:24:54
R04118,WP042,Pannur,1,3935,9,WORKING,NORMAL,,2026-07-10 14:35:42
R04119,WP042,Pannur,1,3481,6,WORKING,NORMAL,,2026-07-02 19:54:42
R04120,WP042,Pannur,1,3685,14,WORKING,NORMAL,,2026-07-06 01:25:52
R04121,WP042,Pannur,1,3836,14,WORKING,NORMAL,,2026-07-06 04:12:47
R04122,WP042,Pannur,1,1732,13,WORKING,NORMAL,,2026-07-14 07:47:12
R04123,WP042,Pannur,1,630,4,LOW_FLOW,MEDIUM,Flow below operational threshold,2026-07-03 21:58:41
R04124,WP042,Pannur,1,1891,14,WORKING,NORMAL,,2026-07-10 09:24:46
R04125,WP042,Pannur,1,3811,14,WORKING,NORMAL,,2026-07-15 15:39:57
R04126,WP042,Pannur,1,1040,9,WORKING,NORMAL,,2026-06-30 14:27:31
R04127,WP042,Pannur,1,2443,14,WORKING,NORMAL,,2026-07-03 12:09:43
R04128,WP042,Pannur,1,957,4,LOW_FLOW,MEDIUM,Flow below operational threshold,2026-07-10 06:34:19
R04129,WP042,Pannur,1,3184,8,WORKING,NORMAL,,2026-07-03 09:37:21
R04130,WP042,Pannur,0,0,0,NOT_WORKING,CRITICAL,Zero flow detected,2026-06-27 22:11:53
R04131,WP042,Pannur,1,1953,12,WORKING,NORMAL,,2026-07-10 19:07:24
R04132,WP042,Pannur,1,1693,6,WORKING,NORMAL,,2026-07-08 12:20:42
R04133,WP042,Pannur,1,2525,14,WORKING,NORMAL,,2026-06-28 19:49:09
R04134,WP042,Pannur,1,3421,6,WORKING,NORMAL,,2026-07-11 08:14:37
R04135,WP042,Pannur,1,1260,10,WORKING,NORMAL,,2026-06-27 09:50:15
R04136,WP042,Pannur,1,717,3,LOW_FLOW,MEDIUM,Flow below operational threshold,2026-07-01 22:34:07
R04137,WP042,Pannur,1,3675,5,WORKING,NORMAL,,2026-07-13 16:00:20
R04138,WP042,Pannur,1,880,4,LOW_FLOW,MEDIUM,Flow below operational threshold,2026-07-02 18:13:04
R04139,WP042,Pannur,1,3444,7,WORKING,NORMAL,,2026-07-24 08:44:17
R04140,WP042,Pannur,1,842,5,LOW_FLOW,MEDIUM,Flow below operational threshold,2026-07-21 12:22:21
R04141,WP042,Pannur,1,3608,10,WORKING,NORMAL,,2026-07-11 05:22:51
R04142,WP042,Pannur,0,0,0,NOT_WORKING,CRITICAL,Zero flow detected,2026-07-16 13:04:50
R04143,WP042,Pannur,1,1228,13,WORKING,NORMAL,,2026-07-10 08:05:01
R04144,WP042,Pannur,1,3051,9,WORKING,NORMAL,,2026-06-27 15:48:08
R04145,WP042,Pannur,1,255,4,LOW_FLOW,MEDIUM,Flow below operational threshold,2026-07-26 08:01:36
R04146,WP042,Pannur,1,957,5,LOW_FLOW,MEDIUM,Flow below operational threshold,2026-07-08 19:42:52
R04147,WP042,Pannur,1,1886,6,WORKING,NORMAL,,2026-07-07 13:34:17
R04148,WP042,Pannur,1,2354,11,WORKING,NORMAL,,2026-06-26 18:22:22
R04149,WP042,Pannur,1,1280,6,WORKING,NORMAL,,2026-07-19 03:27:46
R04150,WP042,Pannur,1,633,2,LOW_FLOW,MEDIUM,Flow below operational threshold,2026-07-22 16:03:02
R04151,WP042,Pannur,1,2967,14,WORKING,NORMAL,,2026-07-22 09:43:01
R04152,WP042,Pannur,1,1102,6,WORKING,NORMAL,,2026-07-08 18:22:53
R04153,WP042,Pannur,1,3704,14,WORKING,NORMAL,,2026-07-18 11:17:15
R04154,WP042,Pannur,1,2766,12,WORKING,NORMAL,,2026-07-08 17:23:35
R04155,WP042,Pannur,0,0,0,NOT_WORKING,CRITICAL,Zero flow detected,2026-07-02 16:55:11
R04156,WP042,Pannur,1,2643,13,WORKING,NORMAL,,2026-07-06 09:18:37
R04157,WP042,Pannur,1,1964,11,WORKING,NORMAL,,2026-07-24 03:15:25
R04158,WP042,Pannur,1,361,1,LOW_FLOW,MEDIUM,Flow below operational threshold,2026-07-05 11:13:02
R04159,WP042,Pannur,1,3665,6,WORKING,NORMAL,,2026-06-29 15:47:50
R04160,WP042,Pannur,1,3063,12,WORKING,NORMAL,,2026-07-09 01:22:44
R04161,WP042,Pannur,1,1310,8,WORKING,NORMAL,,2026-07-02 18:40:23
R04162,WP042,Pannur,1,211,5,LOW_FLOW,MEDIUM,Flow below operational threshold,2026-07-12 03:30:03
R04163,WP042,Pannur,1,1850,8,WORKING,NORMAL,,2026-07-04 02:58:01
R04164,WP042,Pannur,1,1713,5,WORKING,NORMAL,,2026-07-04 22:21:43
R04165,WP042,Pannur,1,1419,7,WORKING,NORMAL,,2026-07-08 12:17:20
R04166,WP042,Pannur,1,2202,5,WORKING,NORMAL,,2026-07-21 14:25:01
R04167,WP042,Pannur,1,2535,11,WORKING,NORMAL,,2026-07-25 11:44:59
R04168,WP042,Pannur,1,441,3,LOW_FLOW,MEDIUM,Flow below operational threshold,2026-07-11 15:12:01
R04169,WP042,Pannur,1,1216,7,WORKING,NORMAL,,2026-07-01 12:30:35
R04170,WP042,Pannur,1,2669,13,WORKING,NORMAL,,2026-07-06 10:21:14
R04171,WP042,Pannur,1,3565,5,WORKING,NORMAL,,2026-07-03 02:12:19
R04172,WP042,Pannur,1,3689,14,WORKING,NORMAL,,2026-07-15 12:31:37
R04173,WP042,Pannur,1,1479,5,WORKING,NORMAL,,2026-06-30 06:28:16
R04174,WP042,Pannur,1,2735,11,WORKING,NORMAL,,2026-07-15 05:55:02
R04175,WP042,Pannur,1,3532,14,WORKING,NORMAL,,2026-06-27 23:40:42
R04176,WP042,Pannur,1,3477,5,WORKING,NORMAL,,2026-07-04 21:10:38
R04177,WP042,Pannur,1,2972,6,WORKING,NORMAL,,2026-07-24 02:02:01
R04178,WP042,Pannur,1,2579,14,WORKING,NORMAL,,2026-07-04 07:51:46
R04179,WP042,Pannur,1,2522,5,WORKING,NORMAL,,2026-07-25 07:07:44
R04180,WP042,Pannur,1,2153,12,WORKING,NORMAL,,2026-07-17 18:22:17
R04181,WP042,Pannur,1,3229,8,WORKING,NORMAL,,2026-07-06 09:32:17
R04182,WP042,Pannur,0,0,0,NOT_WORKING,CRITICAL,Zero flow detected,2026-07-18 10:14:27
R04183,WP042,Pannur,1,1981,13,WORKING,NORMAL,,2026-07-13 22:30:33
R04184,WP042,Pannur,1,1598,9,WORKING,NORMAL,,2026-07-20 13:41:33
R04185,WP042,Pannur,1,3637,7,WORKING,NORMAL,,2026-07-20 07:48:53
R04186,WP042,Pannur,1,407,2,LOW_FLOW,MEDIUM,Flow below operational threshold,2026-07-17 13:09:59
R04187,WP042,Pannur,1,1291,13,WORKING,NORMAL,,2026-07-02 19:20:04
R04188,WP042,Pannur,1,3442,12,WORKING,NORMAL,,2026-07-08 02:45:31
R04189,WP042,Pannur,1,1546,10,WORKING,NORMAL,,2026-07-13 13:35:51
R04190,WP042,Pannur,1,3659,8,WORKING,NORMAL,,2026-06-29 02:57:58
R04191,WP042,Pannur,1,2566,7,WORKING,NORMAL,,2026-07-20 14:52:07
R04192,WP042,Pannur,1,3455,6,WORKING,NORMAL,,2026-07-11 03:39:57
R04193,WP042,Pannur,1,1780,7,WORKING,NORMAL,,2026-07-17 21:52:16
R04194,WP042,Pannur,1,2649,5,WORKING,NORMAL,,2026-07-02 06:21:15
R04195,WP042,Pannur,1,3042,13,WORKING,NORMAL,,2026-07-18 03:54:34
R04196,WP042,Pannur,1,1291,10,WORKING,NORMAL,,2026-07-16 21:55:43
R04197,WP042,Pannur,1,3965,8,WORKING,NORMAL,,2026-07-02 20:22:47
R04198,WP042,Pannur,1,1064,13,WORKING,NORMAL,,2026-07-05 02:40:44
R04199,WP042,Pannur,1,524,5,LOW_FLOW,MEDIUM,Flow below operational threshold,2026-07-21 11:48:04
R04200,WP042,Pannur,1,3676,10,WORKING,NORMAL,,2026-07-17 05:13:27
R04201,WP043,Perambakkam,1,3070,9,WORKING,NORMAL,,2026-07-19 10:47:51
R04202,WP043,Perambakkam,1,2448,5,WORKING,NORMAL,,2026-07-06 20:59:23
R04203,WP043,Perambakkam,1,2661,13,WORKING,NORMAL,,2026-07-22 09:50:46
R04204,WP043,Perambakkam,1,2426,13,WORKING,NORMAL,,2026-06-30 01:36:34
R04205,WP043,Perambakkam,1,2951,13,WORKING,NORMAL,,2026-07-26 05:41:02
R04206,WP043,Perambakkam,1,3989,9,WORKING,NORMAL,,2026-07-12 14:15:15
R04207,WP043,Perambakkam,1,1182,13,WORKING,NORMAL,,2026-07-05 15:49:52
R04208,WP043,Perambakkam,1,3420,14,WORKING,NORMAL,,2026-06-29 23:14:07
R04209,WP043,Perambakkam,1,1657,14,WORKING,NORMAL,,2026-07-02 14:33:17
R04210,WP043,Perambakkam,1,1510,14,WORKING,NORMAL,,2026-07-06 01:41:28
R04211,WP043,Perambakkam,1,3610,6,WORKING,NORMAL,,2026-07-14 17:22:10
R04212,WP043,Perambakkam,1,3141,5,WORKING,NORMAL,,2026-07-12 20:54:54
R04213,WP043,Perambakkam,1,3892,12,WORKING,NORMAL,,2026-07-11 09:28:54
R04214,WP043,Perambakkam,1,403,4,LOW_FLOW,MEDIUM,Flow below operational threshold,2026-07-02 07:29:19
R04215,WP043,Perambakkam,1,2119,6,WORKING,NORMAL,,2026-07-09 06:33:35
R04216,WP043,Perambakkam,1,1021,6,WORKING,NORMAL,,2026-07-13 01:13:21
R04217,WP043,Perambakkam,1,2337,5,WORKING,NORMAL,,2026-07-13 17:56:25
R04218,WP043,Perambakkam,1,3362,12,WORKING,NORMAL,,2026-06-30 11:01:27
R04219,WP043,Perambakkam,1,611,4,LOW_FLOW,MEDIUM,Flow below operational threshold,2026-07-25 22:17:24
R04220,WP043,Perambakkam,1,2734,10,WORKING,NORMAL,,2026-07-26 04:53:31
R04221,WP043,Perambakkam,1,3922,9,WORKING,NORMAL,,2026-07-03 09:19:24
R04222,WP043,Perambakkam,1,1483,14,WORKING,NORMAL,,2026-07-16 10:17:14
R04223,WP043,Perambakkam,1,3304,14,WORKING,NORMAL,,2026-07-20 20:47:07
R04224,WP043,Perambakkam,1,3019,12,WORKING,NORMAL,,2026-07-04 10:32:45
R04225,WP043,Perambakkam,1,1058,8,WORKING,NORMAL,,2026-07-04 01:26:28
R04226,WP043,Perambakkam,1,3613,9,WORKING,NORMAL,,2026-07-19 15:26:17
R04227,WP043,Perambakkam,1,1089,10,WORKING,NORMAL,,2026-07-13 16:21:15
R04228,WP043,Perambakkam,1,1258,8,WORKING,NORMAL,,2026-07-05 04:36:57
R04229,WP043,Perambakkam,0,0,0,NOT_WORKING,CRITICAL,Zero flow detected,2026-07-04 12:59:38
R04230,WP043,Perambakkam,1,663,5,LOW_FLOW,MEDIUM,Flow below operational threshold,2026-07-25 14:13:51
R04231,WP043,Perambakkam,1,703,4,LOW_FLOW,MEDIUM,Flow below operational threshold,2026-07-01 18:03:12
R04232,WP043,Perambakkam,1,2734,10,WORKING,NORMAL,,2026-07-26 01:44:35
R04233,WP043,Perambakkam,1,2526,13,WORKING,NORMAL,,2026-07-24 03:36:13
R04234,WP043,Perambakkam,1,3956,8,WORKING,NORMAL,,2026-07-23 12:32:33
R04235,WP043,Perambakkam,1,1326,11,WORKING,NORMAL,,2026-07-23 11:44:40
R04236,WP043,Perambakkam,1,3900,6,WORKING,NORMAL,,2026-06-28 14:18:07
R04237,WP043,Perambakkam,1,3969,10,WORKING,NORMAL,,2026-07-25 22:18:08
R04238,WP043,Perambakkam,1,1281,8,WORKING,NORMAL,,2026-07-11 23:29:57
R04239,WP043,Perambakkam,1,1489,9,WORKING,NORMAL,,2026-07-24 15:46:04
R04240,WP043,Perambakkam,1,1518,12,WORKING,NORMAL,,2026-06-27 03:37:16
R04241,WP043,Perambakkam,1,269,4,LOW_FLOW,MEDIUM,Flow below operational threshold,2026-06-29 16:26:31
R04242,WP043,Perambakkam,0,0,0,NOT_WORKING,CRITICAL,Zero flow detected,2026-07-12 22:45:00
R04243,WP043,Perambakkam,1,3856,14,WORKING,NORMAL,,2026-07-21 20:44:34
R04244,WP043,Perambakkam,1,1544,9,WORKING,NORMAL,,2026-07-21 13:01:22
R04245,WP043,Perambakkam,1,2097,13,WORKING,NORMAL,,2026-07-11 19:27:38
R04246,WP043,Perambakkam,1,3370,12,WORKING,NORMAL,,2026-07-22 23:37:13
R04247,WP043,Perambakkam,1,1409,13,WORKING,NORMAL,,2026-07-06 09:35:51
R04248,WP043,Perambakkam,1,1965,11,WORKING,NORMAL,,2026-07-23 07:48:35
R04249,WP043,Perambakkam,1,3685,13,WORKING,NORMAL,,2026-07-11 08:35:45
R04250,WP043,Perambakkam,1,3525,13,WORKING,NORMAL,,2026-06-30 20:42:38
R04251,WP043,Perambakkam,1,3704,7,WORKING,NORMAL,,2026-07-03 04:33:52
R04252,WP043,Perambakkam,0,0,0,NOT_WORKING,CRITICAL,Zero flow detected,2026-06-28 21:23:02
R04253,WP043,Perambakkam,1,3955,12,WORKING,NORMAL,,2026-07-16 01:50:03
R04254,WP043,Perambakkam,0,0,0,NOT_WORKING,CRITICAL,Zero flow detected,2026-07-09 10:31:50
R04255,WP043,Perambakkam,1,1588,10,WORKING,NORMAL,,2026-07-04 11:51:29
R04256,WP043,Perambakkam,1,3158,12,WORKING,NORMAL,,2026-07-15 23:50:54
R04257,WP043,Perambakkam,1,3395,7,WORKING,NORMAL,,2026-06-26 19:38:41
R04258,WP043,Perambakkam,1,3368,9,WORKING,NORMAL,,2026-07-16 05:31:03
R04259,WP043,Perambakkam,1,1838,5,WORKING,NORMAL,,2026-07-21 09:13:48
R04260,WP043,Perambakkam,1,2193,7,WORKING,NORMAL,,2026-06-26 18:35:38
R04261,WP043,Perambakkam,0,0,0,NOT_WORKING,CRITICAL,Zero flow detected,2026-06-30 16:24:19
R04262,WP043,Perambakkam,1,3353,11,WORKING,NORMAL,,2026-07-09 02:45:26
R04263,WP043,Perambakkam,1,755,4,LOW_FLOW,MEDIUM,Flow below operational threshold,2026-07-18 21:16:25
R04264,WP043,Perambakkam,1,2338,13,WORKING,NORMAL,,2026-07-09 08:40:59
R04265,WP043,Perambakkam,1,2531,6,WORKING,NORMAL,,2026-07-01 23:30:45
R04266,WP043,Perambakkam,1,3647,8,WORKING,NORMAL,,2026-07-07 01:34:57
R04267,WP043,Perambakkam,1,3199,10,WORKING,NORMAL,,2026-07-09 23:53:51
R04268,WP043,Perambakkam,1,2516,14,WORKING,NORMAL,,2026-07-05 19:45:01
R04269,WP043,Perambakkam,1,1799,6,WORKING,NORMAL,,2026-07-07 08:54:35
R04270,WP043,Perambakkam,1,2614,6,WORKING,NORMAL,,2026-07-23 04:25:30
R04271,WP043,Perambakkam,1,1260,10,WORKING,NORMAL,,2026-07-22 19:40:03
R04272,WP043,Perambakkam,1,2426,7,WORKING,NORMAL,,2026-07-18 15:21:40
R04273,WP043,Perambakkam,1,2263,11,WORKING,NORMAL,,2026-06-27 20:56:13
R04274,WP043,Perambakkam,1,3418,10,WORKING,NORMAL,,2026-07-23 14:16:09
R04275,WP043,Perambakkam,1,2580,11,WORKING,NORMAL,,2026-07-01 21:15:15
R04276,WP043,Perambakkam,1,2995,11,WORKING,NORMAL,,2026-07-09 15:41:21
R04277,WP043,Perambakkam,1,1863,12,WORKING,NORMAL,,2026-07-17 06:07:45
R04278,WP043,Perambakkam,1,2710,10,WORKING,NORMAL,,2026-07-24 18:27:12
R04279,WP043,Perambakkam,1,1307,6,WORKING,NORMAL,,2026-07-14 11:29:03
R04280,WP043,Perambakkam,1,2408,13,WORKING,NORMAL,,2026-07-05 11:44:24
R04281,WP043,Perambakkam,1,1862,12,WORKING,NORMAL,,2026-07-06 19:05:37
R04282,WP043,Perambakkam,1,345,3,LOW_FLOW,MEDIUM,Flow below operational threshold,2026-07-06 05:44:15
R04283,WP043,Perambakkam,1,3623,14,WORKING,NORMAL,,2026-07-04 09:47:53
R04284,WP043,Perambakkam,1,979,5,LOW_FLOW,MEDIUM,Flow below operational threshold,2026-06-27 07:43:51
R04285,WP043,Perambakkam,1,3456,5,WORKING,NORMAL,,2026-06-29 23:53:17
R04286,WP043,Perambakkam,1,1355,11,WORKING,NORMAL,,2026-07-23 16:44:45
R04287,WP043,Perambakkam,1,2742,11,WORKING,NORMAL,,2026-07-17 15:09:54
R04288,WP043,Perambakkam,1,3466,8,WORKING,NORMAL,,2026-07-10 12:06:00
R04289,WP043,Perambakkam,1,2266,14,WORKING,NORMAL,,2026-07-26 06:18:44
R04290,WP043,Perambakkam,1,3657,14,WORKING,NORMAL,,2026-06-30 06:55:01
R04291,WP043,Perambakkam,1,3673,6,WORKING,NORMAL,,2026-07-16 11:02:31
R04292,WP043,Perambakkam,1,2459,7,WORKING,NORMAL,,2026-07-14 20:04:30
R04293,WP043,Perambakkam,1,2316,8,WORKING,NORMAL,,2026-07-18 07:42:30
R04294,WP043,Perambakkam,1,1425,6,WORKING,NORMAL,,2026-07-16 19:01:48
R04295,WP043,Perambakkam,1,1190,12,WORKING,NORMAL,,2026-07-14 07:41:51
R04296,WP043,Perambakkam,1,3026,13,WORKING,NORMAL,,2026-07-02 13:40:04
R04297,WP043,Perambakkam,1,2147,9,WORKING,NORMAL,,2026-06-27 13:33:53
R04298,WP043,Perambakkam,1,1316,8,WORKING,NORMAL,,2026-06-27 08:17:54
R04299,WP043,Perambakkam,1,3654,13,WORKING,NORMAL,,2026-07-25 07:55:25
R04300,WP043,Perambakkam,1,709,5,LOW_FLOW,MEDIUM,Flow below operational threshold,2026-07-06 07:32:55
R04301,WP044,Putlur,1,3325,8,WORKING,NORMAL,,2026-07-07 20:54:36
R04302,WP044,Putlur,1,3888,9,WORKING,NORMAL,,2026-07-12 14:13:04
R04303,WP044,Putlur,1,1268,5,WORKING,NORMAL,,2026-07-08 18:18:11
R04304,WP044,Putlur,1,1525,13,WORKING,NORMAL,,2026-07-20 17:32:21
R04305,WP044,Putlur,0,0,0,NOT_WORKING,CRITICAL,Zero flow detected,2026-07-01 13:44:34
R04306,WP044,Putlur,1,2621,12,WORKING,NORMAL,,2026-06-30 07:00:14
R04307,WP044,Putlur,1,600,5,LOW_FLOW,MEDIUM,Flow below operational threshold,2026-07-04 16:44:47
R04308,WP044,Putlur,1,3772,11,WORKING,NORMAL,,2026-06-30 18:30:51
R04309,WP044,Putlur,1,1658,5,WORKING,NORMAL,,2026-06-30 15:15:54
R04310,WP044,Putlur,1,2283,6,WORKING,NORMAL,,2026-07-24 21:12:26
R04311,WP044,Putlur,1,2131,5,WORKING,NORMAL,,2026-07-14 12:59:32
R04312,WP044,Putlur,1,584,5,LOW_FLOW,MEDIUM,Flow below operational threshold,2026-07-23 07:21:19
R04313,WP044,Putlur,1,1338,8,WORKING,NORMAL,,2026-07-25 23:33:14
R04314,WP044,Putlur,1,1112,14,WORKING,NORMAL,,2026-07-03 21:59:17
R04315,WP044,Putlur,1,3517,9,WORKING,NORMAL,,2026-07-22 11:49:27
R04316,WP044,Putlur,1,1077,11,WORKING,NORMAL,,2026-07-16 17:37:43
R04317,WP044,Putlur,1,3029,13,WORKING,NORMAL,,2026-07-24 04:36:42
R04318,WP044,Putlur,1,3914,11,WORKING,NORMAL,,2026-07-04 13:04:44
R04319,WP044,Putlur,1,2082,12,WORKING,NORMAL,,2026-06-28 04:51:46
R04320,WP044,Putlur,1,1403,13,WORKING,NORMAL,,2026-07-02 04:10:40
R04321,WP044,Putlur,1,1186,12,WORKING,NORMAL,,2026-06-29 05:15:46
R04322,WP044,Putlur,1,2065,13,WORKING,NORMAL,,2026-07-05 02:52:49
R04323,WP044,Putlur,1,2838,14,WORKING,NORMAL,,2026-07-08 20:11:19
R04324,WP044,Putlur,1,1707,9,WORKING,NORMAL,,2026-07-05 15:24:22
R04325,WP044,Putlur,1,2917,11,WORKING,NORMAL,,2026-07-17 00:55:01
R04326,WP044,Putlur,1,1963,7,WORKING,NORMAL,,2026-07-20 11:49:38
R04327,WP044,Putlur,1,2771,6,WORKING,NORMAL,,2026-07-17 21:20:04
R04328,WP044,Putlur,1,1909,6,WORKING,NORMAL,,2026-06-27 23:17:11
R04329,WP044,Putlur,1,2150,13,WORKING,NORMAL,,2026-07-14 18:07:27
R04330,WP044,Putlur,1,1440,14,WORKING,NORMAL,,2026-07-10 21:03:01
R04331,WP044,Putlur,1,1577,5,WORKING,NORMAL,,2026-07-04 16:08:00
R04332,WP044,Putlur,1,2495,5,WORKING,NORMAL,,2026-07-17 10:10:24
R04333,WP044,Putlur,1,1905,7,WORKING,NORMAL,,2026-07-05 15:35:47
R04334,WP044,Putlur,1,3424,11,WORKING,NORMAL,,2026-07-12 20:14:40
R04335,WP044,Putlur,1,2541,5,WORKING,NORMAL,,2026-07-08 12:09:43
R04336,WP044,Putlur,1,2067,8,WORKING,NORMAL,,2026-07-07 13:26:18
R04337,WP044,Putlur,1,837,5,LOW_FLOW,MEDIUM,Flow below operational threshold,2026-07-02 00:03:29
R04338,WP044,Putlur,1,3197,12,WORKING,NORMAL,,2026-07-20 10:57:58
R04339,WP044,Putlur,1,3345,10,WORKING,NORMAL,,2026-07-15 12:02:14
R04340,WP044,Putlur,1,3890,9,WORKING,NORMAL,,2026-07-25 22:43:35
R04341,WP044,Putlur,1,965,3,LOW_FLOW,MEDIUM,Flow below operational threshold,2026-07-19 03:48:40
R04342,WP044,Putlur,1,3617,6,WORKING,NORMAL,,2026-07-18 07:07:35
R04343,WP044,Putlur,1,2781,12,WORKING,NORMAL,,2026-07-07 09:32:47
R04344,WP044,Putlur,1,970,1,LOW_FLOW,MEDIUM,Flow below operational threshold,2026-07-21 16:48:51
R04345,WP044,Putlur,1,2855,6,WORKING,NORMAL,,2026-07-17 02:51:34
R04346,WP044,Putlur,1,1145,10,WORKING,NORMAL,,2026-07-22 09:31:16
R04347,WP044,Putlur,1,2194,11,WORKING,NORMAL,,2026-06-28 02:53:42
R04348,WP044,Putlur,1,1652,14,WORKING,NORMAL,,2026-07-23 14:02:15
R04349,WP044,Putlur,1,3221,5,WORKING,NORMAL,,2026-06-27 17:26:10
R04350,WP044,Putlur,1,2853,6,WORKING,NORMAL,,2026-07-01 05:58:50
R04351,WP044,Putlur,1,3008,10,WORKING,NORMAL,,2026-06-30 21:44:19
R04352,WP044,Putlur,1,3538,5,WORKING,NORMAL,,2026-07-06 03:07:41
R04353,WP044,Putlur,1,2609,8,WORKING,NORMAL,,2026-07-16 21:12:53
R04354,WP044,Putlur,1,2909,12,WORKING,NORMAL,,2026-07-05 23:13:46
R04355,WP044,Putlur,1,574,2,LOW_FLOW,MEDIUM,Flow below operational threshold,2026-07-12 14:15:23
R04356,WP044,Putlur,1,1000,7,WORKING,NORMAL,,2026-07-19 23:06:24
R04357,WP044,Putlur,1,1262,9,WORKING,NORMAL,,2026-07-04 07:09:23
R04358,WP044,Putlur,0,0,0,NOT_WORKING,CRITICAL,Zero flow detected,2026-07-09 16:05:01
R04359,WP044,Putlur,1,2874,6,WORKING,NORMAL,,2026-07-13 14:55:25
R04360,WP044,Putlur,1,3755,8,WORKING,NORMAL,,2026-07-13 00:47:50
R04361,WP044,Putlur,1,2148,10,WORKING,NORMAL,,2026-07-14 01:49:30
R04362,WP044,Putlur,1,3770,7,WORKING,NORMAL,,2026-07-02 12:10:27
R04363,WP044,Putlur,1,2368,11,WORKING,NORMAL,,2026-06-29 16:39:04
R04364,WP044,Putlur,1,3356,5,WORKING,NORMAL,,2026-07-25 12:18:27
R04365,WP044,Putlur,1,3255,13,WORKING,NORMAL,,2026-07-21 03:49:41
R04366,WP044,Putlur,1,2449,9,WORKING,NORMAL,,2026-07-08 03:42:45
R04367,WP044,Putlur,1,1382,12,WORKING,NORMAL,,2026-07-18 09:57:24
R04368,WP044,Putlur,0,0,0,NOT_WORKING,CRITICAL,Zero flow detected,2026-07-24 17:08:09
R04369,WP044,Putlur,1,2556,8,WORKING,NORMAL,,2026-07-22 06:02:31
R04370,WP044,Putlur,1,337,3,LOW_FLOW,MEDIUM,Flow below operational threshold,2026-07-16 08:48:21
R04371,WP044,Putlur,1,3408,6,WORKING,NORMAL,,2026-06-28 02:37:58
R04372,WP044,Putlur,1,1778,14,WORKING,NORMAL,,2026-07-03 06:44:25
R04373,WP044,Putlur,1,2046,7,WORKING,NORMAL,,2026-07-24 22:23:23
R04374,WP044,Putlur,1,2457,13,WORKING,NORMAL,,2026-07-23 19:17:48
R04375,WP044,Putlur,1,1983,11,WORKING,NORMAL,,2026-07-07 21:31:22
R04376,WP044,Putlur,1,3229,6,WORKING,NORMAL,,2026-07-12 19:45:52
R04377,WP044,Putlur,1,1894,14,WORKING,NORMAL,,2026-06-29 03:47:15
R04378,WP044,Putlur,1,2210,13,WORKING,NORMAL,,2026-07-22 09:46:35
R04379,WP044,Putlur,1,1976,5,WORKING,NORMAL,,2026-06-27 09:56:37
R04380,WP044,Putlur,1,1220,8,WORKING,NORMAL,,2026-06-28 22:22:25
R04381,WP044,Putlur,1,2142,7,WORKING,NORMAL,,2026-07-05 07:15:29
R04382,WP044,Putlur,1,1146,10,WORKING,NORMAL,,2026-06-30 21:45:27
R04383,WP044,Putlur,1,3981,7,WORKING,NORMAL,,2026-07-14 11:44:55
R04384,WP044,Putlur,1,3971,10,WORKING,NORMAL,,2026-07-04 04:19:24
R04385,WP044,Putlur,1,1637,12,WORKING,NORMAL,,2026-07-01 17:10:50
R04386,WP044,Putlur,1,2925,13,WORKING,NORMAL,,2026-07-07 02:40:53
R04387,WP044,Putlur,1,899,3,LOW_FLOW,MEDIUM,Flow below operational threshold,2026-07-02 23:33:43
R04388,WP044,Putlur,1,1769,12,WORKING,NORMAL,,2026-07-04 06:18:43
R04389,WP044,Putlur,1,1992,13,WORKING,NORMAL,,2026-07-04 09:56:08
R04390,WP044,Putlur,1,2838,14,WORKING,NORMAL,,2026-06-30 08:35:36
R04391,WP044,Putlur,1,2131,7,WORKING,NORMAL,,2026-07-07 01:00:29
R04392,WP044,Putlur,1,3031,13,WORKING,NORMAL,,2026-07-10 00:20:23
R04393,WP044,Putlur,1,1875,10,WORKING,NORMAL,,2026-06-28 11:48:42
R04394,WP044,Putlur,1,261,1,LOW_FLOW,MEDIUM,Flow below operational threshold,2026-06-26 19:15:22
R04395,WP044,Putlur,1,2800,14,WORKING,NORMAL,,2026-06-29 15:13:28
R04396,WP044,Putlur,1,1094,10,WORKING,NORMAL,,2026-07-13 23:54:38
R04397,WP044,Putlur,1,2768,14,WORKING,NORMAL,,2026-07-02 23:11:30
R04398,WP044,Putlur,1,1439,13,WORKING,NORMAL,,2026-07-25 23:21:31
R04399,WP044,Putlur,1,1069,12,WORKING,NORMAL,,2026-07-11 05:05:35
R04400,WP044,Putlur,1,1706,9,WORKING,NORMAL,,2026-07-05 11:00:31
R04401,WP045,Othappai,1,2562,13,WORKING,NORMAL,,2026-07-13 02:19:51
R04402,WP045,Othappai,1,1165,10,WORKING,NORMAL,,2026-07-17 03:07:04
R04403,WP045,Othappai,1,2948,9,WORKING,NORMAL,,2026-07-01 21:02:02
R04404,WP045,Othappai,1,3635,9,WORKING,NORMAL,,2026-07-14 08:06:50
R04405,WP045,Othappai,1,2738,7,WORKING,NORMAL,,2026-07-23 04:57:54
R04406,WP045,Othappai,1,2819,13,WORKING,NORMAL,,2026-07-24 17:53:03
R04407,WP045,Othappai,1,3170,8,WORKING,NORMAL,,2026-06-28 09:03:46
R04408,WP045,Othappai,1,234,5,LOW_FLOW,MEDIUM,Flow below operational threshold,2026-07-03 15:47:19
R04409,WP045,Othappai,1,2924,13,WORKING,NORMAL,,2026-07-20 01:30:05
R04410,WP045,Othappai,1,2572,7,WORKING,NORMAL,,2026-07-22 19:25:12
R04411,WP045,Othappai,1,284,2,LOW_FLOW,MEDIUM,Flow below operational threshold,2026-07-11 01:40:00
R04412,WP045,Othappai,1,1642,13,WORKING,NORMAL,,2026-07-10 19:08:35
R04413,WP045,Othappai,1,3084,11,WORKING,NORMAL,,2026-07-08 10:22:38
R04414,WP045,Othappai,1,2752,5,WORKING,NORMAL,,2026-06-28 02:51:28
R04415,WP045,Othappai,1,2454,14,WORKING,NORMAL,,2026-07-25 08:26:22
R04416,WP045,Othappai,1,1810,7,WORKING,NORMAL,,2026-06-30 07:45:07
R04417,WP045,Othappai,1,2254,13,WORKING,NORMAL,,2026-07-13 02:42:35
R04418,WP045,Othappai,1,2539,6,WORKING,NORMAL,,2026-07-18 10:51:14
R04419,WP045,Othappai,1,701,3,LOW_FLOW,MEDIUM,Flow below operational threshold,2026-07-10 06:47:13
R04420,WP045,Othappai,0,0,0,NOT_WORKING,CRITICAL,Zero flow detected,2026-06-30 03:11:42
R04421,WP045,Othappai,1,1715,13,WORKING,NORMAL,,2026-07-01 22:11:08
R04422,WP045,Othappai,1,3847,6,WORKING,NORMAL,,2026-07-14 19:58:23
R04423,WP045,Othappai,1,492,4,LOW_FLOW,MEDIUM,Flow below operational threshold,2026-07-09 13:50:29
R04424,WP045,Othappai,1,3365,11,WORKING,NORMAL,,2026-07-08 06:54:09
R04425,WP045,Othappai,1,1814,6,WORKING,NORMAL,,2026-07-19 15:10:57
R04426,WP045,Othappai,1,2194,5,WORKING,NORMAL,,2026-07-01 08:26:42
R04427,WP045,Othappai,1,3996,7,WORKING,NORMAL,,2026-07-11 15:14:32
R04428,WP045,Othappai,1,451,1,LOW_FLOW,MEDIUM,Flow below operational threshold,2026-07-14 12:34:31
R04429,WP045,Othappai,1,3152,9,WORKING,NORMAL,,2026-07-02 08:54:13
R04430,WP045,Othappai,1,2781,12,WORKING,NORMAL,,2026-07-21 20:32:54
R04431,WP045,Othappai,1,1427,9,WORKING,NORMAL,,2026-07-25 14:53:43
R04432,WP045,Othappai,1,2247,6,WORKING,NORMAL,,2026-07-06 04:10:08
R04433,WP045,Othappai,1,2225,11,WORKING,NORMAL,,2026-07-21 02:06:24
R04434,WP045,Othappai,1,3910,6,WORKING,NORMAL,,2026-06-30 20:08:32
R04435,WP045,Othappai,1,2291,6,WORKING,NORMAL,,2026-07-10 12:47:23
R04436,WP045,Othappai,1,1526,12,WORKING,NORMAL,,2026-07-02 19:17:11
R04437,WP045,Othappai,1,3186,8,WORKING,NORMAL,,2026-07-05 03:27:34
R04438,WP045,Othappai,1,2526,13,WORKING,NORMAL,,2026-07-17 12:17:14
R04439,WP045,Othappai,1,1750,7,WORKING,NORMAL,,2026-06-27 17:52:58
R04440,WP045,Othappai,1,2072,8,WORKING,NORMAL,,2026-07-08 13:10:18
R04441,WP045,Othappai,1,608,2,LOW_FLOW,MEDIUM,Flow below operational threshold,2026-07-06 13:19:29
R04442,WP045,Othappai,1,1013,10,WORKING,NORMAL,,2026-07-12 12:14:33
R04443,WP045,Othappai,1,2415,11,WORKING,NORMAL,,2026-07-01 17:51:39
R04444,WP045,Othappai,1,2208,11,WORKING,NORMAL,,2026-07-06 22:08:34
R04445,WP045,Othappai,1,1025,5,WORKING,NORMAL,,2026-07-25 16:19:48
R04446,WP045,Othappai,1,2141,14,WORKING,NORMAL,,2026-07-10 19:19:57
R04447,WP045,Othappai,1,2494,6,WORKING,NORMAL,,2026-07-16 07:22:38
R04448,WP045,Othappai,1,3621,6,WORKING,NORMAL,,2026-07-03 13:52:56
R04449,WP045,Othappai,1,2884,8,WORKING,NORMAL,,2026-07-09 22:10:26
R04450,WP045,Othappai,1,3941,11,WORKING,NORMAL,,2026-07-18 23:35:48
R04451,WP045,Othappai,1,3337,5,WORKING,NORMAL,,2026-07-11 17:28:02
R04452,WP045,Othappai,1,2460,5,WORKING,NORMAL,,2026-07-15 08:13:03
R04453,WP045,Othappai,1,1244,12,WORKING,NORMAL,,2026-07-02 16:50:46
R04454,WP045,Othappai,1,1680,12,WORKING,NORMAL,,2026-07-08 22:49:40
R04455,WP045,Othappai,1,2937,6,WORKING,NORMAL,,2026-07-20 13:58:03
R04456,WP045,Othappai,1,3496,5,WORKING,NORMAL,,2026-07-20 02:45:01
R04457,WP045,Othappai,0,0,0,NOT_WORKING,CRITICAL,Zero flow detected,2026-07-24 18:32:56
R04458,WP045,Othappai,1,1097,10,WORKING,NORMAL,,2026-07-22 19:13:42
R04459,WP045,Othappai,1,1981,7,WORKING,NORMAL,,2026-07-09 14:32:02
R04460,WP045,Othappai,1,2388,8,WORKING,NORMAL,,2026-06-30 06:56:19
R04461,WP045,Othappai,1,1106,9,WORKING,NORMAL,,2026-07-09 20:46:13
R04462,WP045,Othappai,1,3896,12,WORKING,NORMAL,,2026-07-23 02:59:20
R04463,WP045,Othappai,1,200,5,LOW_FLOW,MEDIUM,Flow below operational threshold,2026-07-19 17:41:16
R04464,WP045,Othappai,1,1578,9,WORKING,NORMAL,,2026-07-26 16:03:36
R04465,WP045,Othappai,1,2197,5,WORKING,NORMAL,,2026-07-05 12:46:06
R04466,WP045,Othappai,1,1323,14,WORKING,NORMAL,,2026-06-28 18:26:26
R04467,WP045,Othappai,1,3220,8,WORKING,NORMAL,,2026-07-23 22:56:17
R04468,WP045,Othappai,1,2736,7,WORKING,NORMAL,,2026-07-04 07:20:52
R04469,WP045,Othappai,1,2211,8,WORKING,NORMAL,,2026-07-02 19:39:40
R04470,WP045,Othappai,1,3341,13,WORKING,NORMAL,,2026-07-24 11:51:34
R04471,WP045,Othappai,1,1927,12,WORKING,NORMAL,,2026-07-15 16:47:41
R04472,WP045,Othappai,1,2782,13,WORKING,NORMAL,,2026-07-20 01:51:12
R04473,WP045,Othappai,1,3172,11,WORKING,NORMAL,,2026-07-03 01:58:42
R04474,WP045,Othappai,1,2453,12,WORKING,NORMAL,,2026-07-23 08:53:30
R04475,WP045,Othappai,0,0,0,NOT_WORKING,CRITICAL,Zero flow detected,2026-07-19 22:04:56
R04476,WP045,Othappai,1,2492,7,WORKING,NORMAL,,2026-07-20 20:32:15
R04477,WP045,Othappai,1,3432,14,WORKING,NORMAL,,2026-07-06 07:59:51
R04478,WP045,Othappai,1,2292,12,WORKING,NORMAL,,2026-07-18 17:10:50
R04479,WP045,Othappai,1,3769,6,WORKING,NORMAL,,2026-07-26 04:28:17
R04480,WP045,Othappai,1,1805,13,WORKING,NORMAL,,2026-07-24 14:15:13
R04481,WP045,Othappai,1,2101,10,WORKING,NORMAL,,2026-07-08 10:21:35
R04482,WP045,Othappai,1,3306,10,WORKING,NORMAL,,2026-07-03 16:53:15
R04483,WP045,Othappai,1,618,5,LOW_FLOW,MEDIUM,Flow below operational threshold,2026-07-07 07:11:42
R04484,WP045,Othappai,1,3220,12,WORKING,NORMAL,,2026-06-30 13:30:05
R04485,WP045,Othappai,1,1529,7,WORKING,NORMAL,,2026-07-05 09:01:52
R04486,WP045,Othappai,1,3341,6,WORKING,NORMAL,,2026-07-15 12:15:25
R04487,WP045,Othappai,1,3886,9,WORKING,NORMAL,,2026-07-07 19:37:04
R04488,WP045,Othappai,1,1193,14,WORKING,NORMAL,,2026-07-22 01:12:01
R04489,WP045,Othappai,1,1803,9,WORKING,NORMAL,,2026-07-03 19:54:16
R04490,WP045,Othappai,1,2947,7,WORKING,NORMAL,,2026-07-24 20:30:33
R04491,WP045,Othappai,1,3540,8,WORKING,NORMAL,,2026-07-04 04:24:08
R04492,WP045,Othappai,1,2362,5,WORKING,NORMAL,,2026-07-12 23:42:22
R04493,WP045,Othappai,1,2959,7,WORKING,NORMAL,,2026-07-12 22:57:32
R04494,WP045,Othappai,1,1962,8,WORKING,NORMAL,,2026-07-10 15:43:20
R04495,WP045,Othappai,1,645,1,LOW_FLOW,MEDIUM,Flow below operational threshold,2026-07-03 12:15:50
R04496,WP045,Othappai,1,3048,8,WORKING,NORMAL,,2026-07-05 15:06:54
R04497,WP045,Othappai,1,3877,13,WORKING,NORMAL,,2026-07-11 14:43:54
R04498,WP045,Othappai,1,2308,8,WORKING,NORMAL,,2026-07-08 14:11:13
R04499,WP045,Othappai,1,1440,8,WORKING,NORMAL,,2026-07-21 12:07:10
R04500,WP045,Othappai,1,1254,5,WORKING,NORMAL,,2026-07-18 02:32:50
R04501,WP046,Katchur,1,2052,6,WORKING,NORMAL,,2026-07-25 16:30:35
R04502,WP046,Katchur,1,1387,5,WORKING,NORMAL,,2026-07-01 18:12:47
R04503,WP046,Katchur,1,3454,5,WORKING,NORMAL,,2026-07-09 16:47:01
R04504,WP046,Katchur,1,3629,5,WORKING,NORMAL,,2026-07-14 23:48:12
R04505,WP046,Katchur,1,1999,7,WORKING,NORMAL,,2026-07-06 07:14:22
R04506,WP046,Katchur,1,1370,10,WORKING,NORMAL,,2026-07-18 23:51:10
R04507,WP046,Katchur,1,2412,14,WORKING,NORMAL,,2026-07-24 14:53:26
R04508,WP046,Katchur,1,1478,5,WORKING,NORMAL,,2026-07-01 00:39:16
R04509,WP046,Katchur,1,1183,12,WORKING,NORMAL,,2026-07-17 05:41:49
R04510,WP046,Katchur,1,1578,9,WORKING,NORMAL,,2026-07-25 14:57:59
R04511,WP046,Katchur,1,3408,12,WORKING,NORMAL,,2026-07-14 14:27:18
R04512,WP046,Katchur,1,2607,8,WORKING,NORMAL,,2026-07-11 18:56:24
R04513,WP046,Katchur,1,2393,13,WORKING,NORMAL,,2026-07-06 23:35:00
R04514,WP046,Katchur,1,559,3,LOW_FLOW,MEDIUM,Flow below operational threshold,2026-07-10 02:27:45
R04515,WP046,Katchur,1,3614,5,WORKING,NORMAL,,2026-07-09 22:14:35
R04516,WP046,Katchur,1,1982,7,WORKING,NORMAL,,2026-07-06 12:34:44
R04517,WP046,Katchur,1,2896,6,WORKING,NORMAL,,2026-07-26 09:10:40
R04518,WP046,Katchur,1,3674,10,WORKING,NORMAL,,2026-07-26 07:38:15
R04519,WP046,Katchur,1,1834,12,WORKING,NORMAL,,2026-07-05 11:02:49
R04520,WP046,Katchur,1,406,1,LOW_FLOW,MEDIUM,Flow below operational threshold,2026-06-27 02:35:26
R04521,WP046,Katchur,1,1124,13,WORKING,NORMAL,,2026-06-29 22:20:44
R04522,WP046,Katchur,1,2598,6,WORKING,NORMAL,,2026-07-24 07:25:45
R04523,WP046,Katchur,1,1253,13,WORKING,NORMAL,,2026-07-23 03:34:45
R04524,WP046,Katchur,0,0,0,NOT_WORKING,CRITICAL,Zero flow detected,2026-07-25 05:26:45
R04525,WP046,Katchur,1,1080,10,WORKING,NORMAL,,2026-07-16 01:38:18
R04526,WP046,Katchur,1,1001,9,WORKING,NORMAL,,2026-07-19 15:43:34
R04527,WP046,Katchur,1,3537,6,WORKING,NORMAL,,2026-07-20 16:11:44
R04528,WP046,Katchur,1,2315,10,WORKING,NORMAL,,2026-07-13 22:29:44
R04529,WP046,Katchur,1,364,3,LOW_FLOW,MEDIUM,Flow below operational threshold,2026-07-13 03:36:26
R04530,WP046,Katchur,1,2375,9,WORKING,NORMAL,,2026-07-02 18:54:35
R04531,WP046,Katchur,1,2455,12,WORKING,NORMAL,,2026-07-08 07:52:59
R04532,WP046,Katchur,1,1104,13,WORKING,NORMAL,,2026-07-22 09:28:10
R04533,WP046,Katchur,1,2438,12,WORKING,NORMAL,,2026-07-02 16:45:16
R04534,WP046,Katchur,1,258,5,LOW_FLOW,MEDIUM,Flow below operational threshold,2026-07-22 03:43:04
R04535,WP046,Katchur,1,1946,6,WORKING,NORMAL,,2026-07-10 22:22:39
R04536,WP046,Katchur,1,1952,13,WORKING,NORMAL,,2026-06-27 04:05:39
R04537,WP046,Katchur,0,0,0,NOT_WORKING,CRITICAL,Zero flow detected,2026-07-15 18:16:02
R04538,WP046,Katchur,1,1949,7,WORKING,NORMAL,,2026-07-01 05:40:12
R04539,WP046,Katchur,1,255,3,LOW_FLOW,MEDIUM,Flow below operational threshold,2026-07-23 23:10:49
R04540,WP046,Katchur,1,3568,10,WORKING,NORMAL,,2026-06-28 07:55:21
R04541,WP046,Katchur,1,1100,8,WORKING,NORMAL,,2026-07-18 19:30:04
R04542,WP046,Katchur,1,1522,13,WORKING,NORMAL,,2026-07-07 11:16:51
R04543,WP046,Katchur,1,2052,10,WORKING,NORMAL,,2026-06-27 03:24:13
R04544,WP046,Katchur,1,1351,6,WORKING,NORMAL,,2026-06-30 05:56:52
R04545,WP046,Katchur,1,2114,10,WORKING,NORMAL,,2026-07-22 15:57:56
R04546,WP046,Katchur,1,3985,10,WORKING,NORMAL,,2026-07-26 00:22:39
R04547,WP046,Katchur,1,1378,13,WORKING,NORMAL,,2026-07-05 21:24:23
R04548,WP046,Katchur,1,3065,9,WORKING,NORMAL,,2026-07-11 03:59:32
R04549,WP046,Katchur,1,3476,8,WORKING,NORMAL,,2026-07-07 23:21:14
R04550,WP046,Katchur,1,3915,12,WORKING,NORMAL,,2026-07-16 23:20:38
R04551,WP046,Katchur,1,1411,9,WORKING,NORMAL,,2026-06-27 04:14:01
R04552,WP046,Katchur,1,2943,10,WORKING,NORMAL,,2026-07-07 11:00:50
R04553,WP046,Katchur,1,2862,12,WORKING,NORMAL,,2026-07-05 09:54:35
R04554,WP046,Katchur,1,1603,14,WORKING,NORMAL,,2026-07-20 08:23:10
R04555,WP046,Katchur,1,3522,10,WORKING,NORMAL,,2026-07-03 04:05:18
R04556,WP046,Katchur,1,988,1,LOW_FLOW,MEDIUM,Flow below operational threshold,2026-07-18 23:29:44
R04557,WP046,Katchur,1,748,1,LOW_FLOW,MEDIUM,Flow below operational threshold,2026-07-21 17:45:51
R04558,WP046,Katchur,1,404,5,LOW_FLOW,MEDIUM,Flow below operational threshold,2026-07-02 15:13:56
R04559,WP046,Katchur,1,3585,7,WORKING,NORMAL,,2026-07-13 16:05:46
R04560,WP046,Katchur,1,1635,5,WORKING,NORMAL,,2026-07-03 04:07:52
R04561,WP046,Katchur,1,1492,10,WORKING,NORMAL,,2026-06-28 02:19:35
R04562,WP046,Katchur,1,3195,8,WORKING,NORMAL,,2026-07-23 12:28:41
R04563,WP046,Katchur,1,2075,13,WORKING,NORMAL,,2026-07-21 05:45:29
R04564,WP046,Katchur,1,2120,6,WORKING,NORMAL,,2026-07-10 13:19:42
R04565,WP046,Katchur,1,1014,9,WORKING,NORMAL,,2026-07-24 11:42:38
R04566,WP046,Katchur,1,2810,8,WORKING,NORMAL,,2026-07-07 21:12:30
R04567,WP046,Katchur,1,2250,9,WORKING,NORMAL,,2026-07-09 19:17:32
R04568,WP046,Katchur,1,3497,11,WORKING,NORMAL,,2026-07-23 16:08:28
R04569,WP046,Katchur,1,3648,14,WORKING,NORMAL,,2026-07-11 06:45:27
R04570,WP046,Katchur,1,343,2,LOW_FLOW,MEDIUM,Flow below operational threshold,2026-07-01 20:06:12
R04571,WP046,Katchur,1,2968,8,WORKING,NORMAL,,2026-06-27 07:57:59
R04572,WP046,Katchur,1,2156,7,WORKING,NORMAL,,2026-06-29 11:59:12
R04573,WP046,Katchur,0,0,0,NOT_WORKING,CRITICAL,Zero flow detected,2026-07-17 21:01:51
R04574,WP046,Katchur,1,3979,6,WORKING,NORMAL,,2026-07-13 22:17:39
R04575,WP046,Katchur,1,1407,9,WORKING,NORMAL,,2026-07-21 23:37:45
R04576,WP046,Katchur,1,2640,13,WORKING,NORMAL,,2026-06-27 00:11:11
R04577,WP046,Katchur,1,1013,10,WORKING,NORMAL,,2026-06-28 09:37:28
R04578,WP046,Katchur,1,288,2,LOW_FLOW,MEDIUM,Flow below operational threshold,2026-07-23 17:21:46
R04579,WP046,Katchur,1,3396,8,WORKING,NORMAL,,2026-07-10 09:29:23
R04580,WP046,Katchur,1,2907,5,WORKING,NORMAL,,2026-06-29 12:56:14
R04581,WP046,Katchur,1,2228,11,WORKING,NORMAL,,2026-06-27 05:09:21
R04582,WP046,Katchur,1,1923,5,WORKING,NORMAL,,2026-07-07 01:57:14
R04583,WP046,Katchur,1,1108,13,WORKING,NORMAL,,2026-07-02 03:01:09
R04584,WP046,Katchur,1,2287,6,WORKING,NORMAL,,2026-07-20 11:20:24
R04585,WP046,Katchur,1,3511,7,WORKING,NORMAL,,2026-07-12 16:00:56
R04586,WP046,Katchur,1,1887,14,WORKING,NORMAL,,2026-07-20 07:54:26
R04587,WP046,Katchur,0,0,0,NOT_WORKING,CRITICAL,Zero flow detected,2026-07-08 14:31:12
R04588,WP046,Katchur,1,3928,13,WORKING,NORMAL,,2026-06-27 10:51:50
R04589,WP046,Katchur,1,1398,7,WORKING,NORMAL,,2026-07-21 19:09:00
R04590,WP046,Katchur,1,2545,10,WORKING,NORMAL,,2026-07-04 06:12:16
R04591,WP046,Katchur,1,3473,12,WORKING,NORMAL,,2026-07-02 22:33:21
R04592,WP046,Katchur,1,2618,8,WORKING,NORMAL,,2026-07-12 21:53:33
R04593,WP046,Katchur,1,1698,12,WORKING,NORMAL,,2026-06-30 14:40:52
R04594,WP046,Katchur,1,2566,12,WORKING,NORMAL,,2026-07-12 10:13:39
R04595,WP046,Katchur,1,1169,10,WORKING,NORMAL,,2026-07-02 19:34:44
R04596,WP046,Katchur,1,1734,10,WORKING,NORMAL,,2026-07-13 01:53:24
R04597,WP046,Katchur,1,1913,9,WORKING,NORMAL,,2026-07-13 09:02:24
R04598,WP046,Katchur,1,479,5,LOW_FLOW,MEDIUM,Flow below operational threshold,2026-06-30 06:57:04
R04599,WP046,Katchur,1,2705,14,WORKING,NORMAL,,2026-07-18 21:01:29
R04600,WP046,Katchur,1,1671,14,WORKING,NORMAL,,2026-06-27 01:59:39
R04601,WP047,Mappedu,1,849,2,LOW_FLOW,MEDIUM,Flow below operational threshold,2026-07-08 14:21:12
R04602,WP047,Mappedu,1,3193,7,WORKING,NORMAL,,2026-07-24 12:05:30
R04603,WP047,Mappedu,1,3506,14,WORKING,NORMAL,,2026-06-27 17:13:23
R04604,WP047,Mappedu,1,1922,13,WORKING,NORMAL,,2026-06-28 18:11:20
R04605,WP047,Mappedu,1,576,2,LOW_FLOW,MEDIUM,Flow below operational threshold,2026-07-11 18:13:01
R04606,WP047,Mappedu,1,2349,13,WORKING,NORMAL,,2026-06-28 09:21:17
R04607,WP047,Mappedu,1,1586,7,WORKING,NORMAL,,2026-07-03 03:17:19
R04608,WP047,Mappedu,1,1256,13,WORKING,NORMAL,,2026-07-03 11:10:04
R04609,WP047,Mappedu,1,1421,8,WORKING,NORMAL,,2026-07-12 06:07:51
R04610,WP047,Mappedu,1,2183,14,WORKING,NORMAL,,2026-07-08 05:00:31
R04611,WP047,Mappedu,1,3824,12,WORKING,NORMAL,,2026-07-20 19:38:10
R04612,WP047,Mappedu,1,3004,8,WORKING,NORMAL,,2026-07-25 14:15:05
R04613,WP047,Mappedu,1,1726,12,WORKING,NORMAL,,2026-07-25 10:02:05
R04614,WP047,Mappedu,1,1271,10,WORKING,NORMAL,,2026-07-07 20:52:53
R04615,WP047,Mappedu,1,904,5,LOW_FLOW,MEDIUM,Flow below operational threshold,2026-07-26 04:30:06
R04616,WP047,Mappedu,1,3863,5,WORKING,NORMAL,,2026-07-25 04:32:44
R04617,WP047,Mappedu,1,2691,13,WORKING,NORMAL,,2026-07-09 15:42:34
R04618,WP047,Mappedu,1,891,1,LOW_FLOW,MEDIUM,Flow below operational threshold,2026-07-09 01:19:41
R04619,WP047,Mappedu,1,2241,7,WORKING,NORMAL,,2026-07-09 06:00:11
R04620,WP047,Mappedu,0,0,0,NOT_WORKING,CRITICAL,Zero flow detected,2026-07-05 13:19:00
R04621,WP047,Mappedu,1,449,2,LOW_FLOW,MEDIUM,Flow below operational threshold,2026-07-09 02:03:44
R04622,WP047,Mappedu,1,1838,9,WORKING,NORMAL,,2026-07-21 14:28:28
R04623,WP047,Mappedu,1,396,5,LOW_FLOW,MEDIUM,Flow below operational threshold,2026-07-06 17:29:34
R04624,WP047,Mappedu,1,2367,14,WORKING,NORMAL,,2026-06-27 06:18:44
R04625,WP047,Mappedu,1,1710,14,WORKING,NORMAL,,2026-06-29 08:40:58
R04626,WP047,Mappedu,1,2724,5,WORKING,NORMAL,,2026-07-16 14:20:09
R04627,WP047,Mappedu,1,2910,7,WORKING,NORMAL,,2026-07-14 05:20:26
R04628,WP047,Mappedu,1,3179,14,WORKING,NORMAL,,2026-06-30 21:06:51
R04629,WP047,Mappedu,0,0,0,NOT_WORKING,CRITICAL,Zero flow detected,2026-07-07 21:57:40
R04630,WP047,Mappedu,1,1355,8,WORKING,NORMAL,,2026-07-07 19:55:52
R04631,WP047,Mappedu,1,3705,11,WORKING,NORMAL,,2026-07-21 23:58:25
R04632,WP047,Mappedu,1,760,3,LOW_FLOW,MEDIUM,Flow below operational threshold,2026-07-07 01:34:09
R04633,WP047,Mappedu,1,2048,9,WORKING,NORMAL,,2026-07-02 20:01:48
R04634,WP047,Mappedu,1,1880,14,WORKING,NORMAL,,2026-07-07 13:33:48
R04635,WP047,Mappedu,1,1566,5,WORKING,NORMAL,,2026-07-11 14:24:19
R04636,WP047,Mappedu,1,3137,14,WORKING,NORMAL,,2026-07-23 13:26:36
R04637,WP047,Mappedu,1,1402,11,WORKING,NORMAL,,2026-07-24 16:48:44
R04638,WP047,Mappedu,1,2588,6,WORKING,NORMAL,,2026-07-20 19:06:07
R04639,WP047,Mappedu,1,3037,10,WORKING,NORMAL,,2026-07-06 00:09:46
R04640,WP047,Mappedu,1,2907,10,WORKING,NORMAL,,2026-07-05 15:21:52
R04641,WP047,Mappedu,1,2182,11,WORKING,NORMAL,,2026-07-04 04:22:07
R04642,WP047,Mappedu,1,1837,13,WORKING,NORMAL,,2026-07-19 22:44:10
R04643,WP047,Mappedu,1,1487,13,WORKING,NORMAL,,2026-07-14 23:20:00
R04644,WP047,Mappedu,1,1730,14,WORKING,NORMAL,,2026-07-07 23:39:23
R04645,WP047,Mappedu,0,0,0,NOT_WORKING,CRITICAL,Zero flow detected,2026-06-27 21:38:54
R04646,WP047,Mappedu,1,274,2,LOW_FLOW,MEDIUM,Flow below operational threshold,2026-07-18 19:52:44
R04647,WP047,Mappedu,1,2375,10,WORKING,NORMAL,,2026-07-13 06:59:12
R04648,WP047,Mappedu,1,2993,11,WORKING,NORMAL,,2026-07-16 09:32:03
R04649,WP047,Mappedu,1,1026,11,WORKING,NORMAL,,2026-07-01 17:07:41
R04650,WP047,Mappedu,1,1336,13,WORKING,NORMAL,,2026-07-24 05:51:23
R04651,WP047,Mappedu,1,2288,9,WORKING,NORMAL,,2026-07-26 13:58:57
R04652,WP047,Mappedu,1,3010,8,WORKING,NORMAL,,2026-07-15 04:36:23
R04653,WP047,Mappedu,1,489,1,LOW_FLOW,MEDIUM,Flow below operational threshold,2026-07-07 01:33:21
R04654,WP047,Mappedu,1,1238,14,WORKING,NORMAL,,2026-07-13 23:33:15
R04655,WP047,Mappedu,1,1789,9,WORKING,NORMAL,,2026-07-01 12:17:55
R04656,WP047,Mappedu,1,1039,7,WORKING,NORMAL,,2026-07-13 15:23:10
R04657,WP047,Mappedu,1,2299,5,WORKING,NORMAL,,2026-07-19 13:19:01
R04658,WP047,Mappedu,1,1197,7,WORKING,NORMAL,,2026-07-25 10:54:45
R04659,WP047,Mappedu,1,1391,12,WORKING,NORMAL,,2026-07-13 07:21:28
R04660,WP047,Mappedu,1,2209,7,WORKING,NORMAL,,2026-07-22 06:37:52
R04661,WP047,Mappedu,1,989,1,LOW_FLOW,MEDIUM,Flow below operational threshold,2026-07-21 00:24:28
R04662,WP047,Mappedu,1,1020,14,WORKING,NORMAL,,2026-06-26 18:05:29
R04663,WP047,Mappedu,1,2824,8,WORKING,NORMAL,,2026-07-17 05:20:50
R04664,WP047,Mappedu,1,1125,10,WORKING,NORMAL,,2026-07-09 21:38:23
R04665,WP047,Mappedu,1,2238,11,WORKING,NORMAL,,2026-07-24 16:09:50
R04666,WP047,Mappedu,1,1227,8,WORKING,NORMAL,,2026-07-19 03:19:10
R04667,WP047,Mappedu,1,2541,10,WORKING,NORMAL,,2026-07-17 18:28:54
R04668,WP047,Mappedu,1,3436,5,WORKING,NORMAL,,2026-07-20 13:14:49
R04669,WP047,Mappedu,1,3798,8,WORKING,NORMAL,,2026-07-20 00:02:30
R04670,WP047,Mappedu,1,2280,10,WORKING,NORMAL,,2026-07-02 13:46:14
R04671,WP047,Mappedu,1,1936,5,WORKING,NORMAL,,2026-07-17 11:43:23
R04672,WP047,Mappedu,1,1718,10,WORKING,NORMAL,,2026-07-06 08:25:10
R04673,WP047,Mappedu,1,2686,9,WORKING,NORMAL,,2026-07-17 23:30:31
R04674,WP047,Mappedu,1,3562,12,WORKING,NORMAL,,2026-06-26 19:28:50
R04675,WP047,Mappedu,1,3502,6,WORKING,NORMAL,,2026-07-15 23:14:01
R04676,WP047,Mappedu,1,3534,10,WORKING,NORMAL,,2026-07-21 12:07:43
R04677,WP047,Mappedu,1,2496,7,WORKING,NORMAL,,2026-07-24 07:47:18
R04678,WP047,Mappedu,1,1213,13,WORKING,NORMAL,,2026-07-14 23:19:54
R04679,WP047,Mappedu,1,2894,11,WORKING,NORMAL,,2026-07-07 16:33:19
R04680,WP047,Mappedu,1,1605,10,WORKING,NORMAL,,2026-07-15 17:51:20
R04681,WP047,Mappedu,1,3761,10,WORKING,NORMAL,,2026-07-08 18:43:10
R04682,WP047,Mappedu,1,454,1,LOW_FLOW,MEDIUM,Flow below operational threshold,2026-07-11 11:09:00
R04683,WP047,Mappedu,1,3805,12,WORKING,NORMAL,,2026-07-11 11:42:45
R04684,WP047,Mappedu,1,3624,5,WORKING,NORMAL,,2026-07-13 10:35:45
R04685,WP047,Mappedu,1,1511,5,WORKING,NORMAL,,2026-07-19 02:42:59
R04686,WP047,Mappedu,1,3775,5,WORKING,NORMAL,,2026-06-27 07:31:16
R04687,WP047,Mappedu,1,951,5,LOW_FLOW,MEDIUM,Flow below operational threshold,2026-07-12 18:21:21
R04688,WP047,Mappedu,1,3837,8,WORKING,NORMAL,,2026-07-25 16:06:02
R04689,WP047,Mappedu,1,3841,5,WORKING,NORMAL,,2026-07-22 03:40:35
R04690,WP047,Mappedu,1,3732,11,WORKING,NORMAL,,2026-06-30 04:06:15
R04691,WP047,Mappedu,1,3860,10,WORKING,NORMAL,,2026-07-11 14:41:45
R04692,WP047,Mappedu,1,3422,5,WORKING,NORMAL,,2026-07-15 03:44:52
R04693,WP047,Mappedu,1,1429,6,WORKING,NORMAL,,2026-07-08 05:55:36
R04694,WP047,Mappedu,1,3441,9,WORKING,NORMAL,,2026-07-15 16:36:54
R04695,WP047,Mappedu,1,2654,5,WORKING,NORMAL,,2026-06-27 06:58:16
R04696,WP047,Mappedu,1,3745,12,WORKING,NORMAL,,2026-06-29 07:20:36
R04697,WP047,Mappedu,1,3657,11,WORKING,NORMAL,,2026-07-01 09:39:57
R04698,WP047,Mappedu,0,0,0,NOT_WORKING,CRITICAL,Zero flow detected,2026-07-13 18:56:45
R04699,WP047,Mappedu,1,1420,6,WORKING,NORMAL,,2026-07-20 23:05:51
R04700,WP047,Mappedu,1,3378,11,WORKING,NORMAL,,2026-07-15 21:46:18
R04701,WP048,Senji,1,1625,13,WORKING,NORMAL,,2026-07-20 18:52:45
R04702,WP048,Senji,1,2784,10,WORKING,NORMAL,,2026-07-04 09:55:27
R04703,WP048,Senji,1,2238,9,WORKING,NORMAL,,2026-07-23 12:11:07
R04704,WP048,Senji,1,3177,12,WORKING,NORMAL,,2026-07-23 07:14:39
R04705,WP048,Senji,1,2449,8,WORKING,NORMAL,,2026-07-14 09:37:10
R04706,WP048,Senji,1,1348,8,WORKING,NORMAL,,2026-07-04 12:41:10
R04707,WP048,Senji,1,3625,12,WORKING,NORMAL,,2026-07-08 12:56:24
R04708,WP048,Senji,1,2379,7,WORKING,NORMAL,,2026-07-17 14:51:45
R04709,WP048,Senji,1,3478,5,WORKING,NORMAL,,2026-06-28 03:17:18
R04710,WP048,Senji,1,1849,7,WORKING,NORMAL,,2026-07-03 05:50:08
R04711,WP048,Senji,1,1201,14,WORKING,NORMAL,,2026-07-13 17:45:38
R04712,WP048,Senji,1,320,4,LOW_FLOW,MEDIUM,Flow below operational threshold,2026-07-10 19:31:25
R04713,WP048,Senji,1,1445,13,WORKING,NORMAL,,2026-07-25 20:42:48
R04714,WP048,Senji,1,1526,14,WORKING,NORMAL,,2026-06-28 00:08:03
R04715,WP048,Senji,1,3325,10,WORKING,NORMAL,,2026-07-03 19:58:19
R04716,WP048,Senji,1,3667,14,WORKING,NORMAL,,2026-06-27 11:10:17
R04717,WP048,Senji,1,3190,5,WORKING,NORMAL,,2026-07-01 14:40:29
R04718,WP048,Senji,1,3093,10,WORKING,NORMAL,,2026-07-02 02:05:26
R04719,WP048,Senji,1,2851,7,WORKING,NORMAL,,2026-07-05 22:09:53
R04720,WP048,Senji,1,3202,13,WORKING,NORMAL,,2026-07-04 19:18:41
R04721,WP048,Senji,1,1520,14,WORKING,NORMAL,,2026-07-26 17:09:55
R04722,WP048,Senji,1,2484,10,WORKING,NORMAL,,2026-07-18 13:39:37
R04723,WP048,Senji,1,3990,7,WORKING,NORMAL,,2026-07-01 20:54:43
R04724,WP048,Senji,1,1333,14,WORKING,NORMAL,,2026-07-14 00:19:04
R04725,WP048,Senji,1,2547,7,WORKING,NORMAL,,2026-07-21 21:41:42
R04726,WP048,Senji,1,3018,6,WORKING,NORMAL,,2026-07-14 02:42:12
R04727,WP048,Senji,1,3435,10,WORKING,NORMAL,,2026-07-26 15:38:41
R04728,WP048,Senji,1,1167,14,WORKING,NORMAL,,2026-06-29 05:59:32
R04729,WP048,Senji,1,3172,10,WORKING,NORMAL,,2026-07-04 03:11:17
R04730,WP048,Senji,1,3273,5,WORKING,NORMAL,,2026-07-02 11:29:00
R04731,WP048,Senji,1,1876,9,WORKING,NORMAL,,2026-07-17 07:15:53
R04732,WP048,Senji,1,1474,10,WORKING,NORMAL,,2026-07-16 06:12:26
R04733,WP048,Senji,1,3731,10,WORKING,NORMAL,,2026-07-12 08:38:33
R04734,WP048,Senji,1,2940,5,WORKING,NORMAL,,2026-06-30 05:48:03
R04735,WP048,Senji,1,1108,12,WORKING,NORMAL,,2026-07-05 01:22:02
R04736,WP048,Senji,1,1771,5,WORKING,NORMAL,,2026-07-02 06:14:35
R04737,WP048,Senji,1,3922,7,WORKING,NORMAL,,2026-07-05 11:03:38
R04738,WP048,Senji,1,2128,6,WORKING,NORMAL,,2026-07-20 12:49:27
R04739,WP048,Senji,1,3414,8,WORKING,NORMAL,,2026-07-04 23:21:35
R04740,WP048,Senji,1,598,4,LOW_FLOW,MEDIUM,Flow below operational threshold,2026-07-22 18:20:39
R04741,WP048,Senji,1,2134,12,WORKING,NORMAL,,2026-07-01 14:02:30
R04742,WP048,Senji,1,2825,7,WORKING,NORMAL,,2026-07-17 17:54:33
R04743,WP048,Senji,1,1889,12,WORKING,NORMAL,,2026-07-04 22:40:50
R04744,WP048,Senji,1,2412,10,WORKING,NORMAL,,2026-07-23 07:51:20
R04745,WP048,Senji,1,1783,10,WORKING,NORMAL,,2026-07-25 07:02:15
R04746,WP048,Senji,1,3223,14,WORKING,NORMAL,,2026-07-06 10:27:04
R04747,WP048,Senji,1,1542,7,WORKING,NORMAL,,2026-07-01 07:05:50
R04748,WP048,Senji,1,2659,9,WORKING,NORMAL,,2026-07-13 02:34:18
R04749,WP048,Senji,1,1394,7,WORKING,NORMAL,,2026-06-28 18:51:10
R04750,WP048,Senji,1,1967,8,WORKING,NORMAL,,2026-07-02 13:29:56
R04751,WP048,Senji,1,2723,8,WORKING,NORMAL,,2026-07-01 11:26:35
R04752,WP048,Senji,1,3265,14,WORKING,NORMAL,,2026-07-16 03:19:25
R04753,WP048,Senji,1,2468,13,WORKING,NORMAL,,2026-06-28 23:11:44
R04754,WP048,Senji,1,1004,8,WORKING,NORMAL,,2026-07-04 00:34:08
R04755,WP048,Senji,1,2125,12,WORKING,NORMAL,,2026-07-25 10:22:13
R04756,WP048,Senji,1,2388,5,WORKING,NORMAL,,2026-07-10 16:13:18
R04757,WP048,Senji,1,1364,14,WORKING,NORMAL,,2026-07-01 00:02:19
R04758,WP048,Senji,0,0,0,NOT_WORKING,CRITICAL,Zero flow detected,2026-07-26 07:40:10
R04759,WP048,Senji,1,2217,9,WORKING,NORMAL,,2026-07-24 22:48:04
R04760,WP048,Senji,1,1769,10,WORKING,NORMAL,,2026-07-13 03:41:10
R04761,WP048,Senji,1,351,2,LOW_FLOW,MEDIUM,Flow below operational threshold,2026-07-11 02:26:16
R04762,WP048,Senji,1,2850,5,WORKING,NORMAL,,2026-07-16 12:47:34
R04763,WP048,Senji,1,1428,5,WORKING,NORMAL,,2026-07-07 17:18:38
R04764,WP048,Senji,1,2565,8,WORKING,NORMAL,,2026-07-10 07:36:58
R04765,WP048,Senji,1,3765,14,WORKING,NORMAL,,2026-06-26 18:49:22
R04766,WP048,Senji,1,1940,6,WORKING,NORMAL,,2026-07-12 09:39:52
R04767,WP048,Senji,1,1058,8,WORKING,NORMAL,,2026-07-20 01:38:35
R04768,WP048,Senji,1,2447,10,WORKING,NORMAL,,2026-07-22 03:07:33
R04769,WP048,Senji,1,3204,6,WORKING,NORMAL,,2026-07-16 09:06:44
R04770,WP048,Senji,1,3898,5,WORKING,NORMAL,,2026-07-25 12:36:27
R04771,WP048,Senji,1,2937,9,WORKING,NORMAL,,2026-07-26 05:22:49
R04772,WP048,Senji,1,1945,12,WORKING,NORMAL,,2026-07-07 11:09:02
R04773,WP048,Senji,1,3312,12,WORKING,NORMAL,,2026-07-03 12:18:06
R04774,WP048,Senji,0,0,0,NOT_WORKING,CRITICAL,Zero flow detected,2026-07-24 09:07:56
R04775,WP048,Senji,1,2044,6,WORKING,NORMAL,,2026-07-09 14:01:29
R04776,WP048,Senji,1,395,3,LOW_FLOW,MEDIUM,Flow below operational threshold,2026-06-27 04:57:46
R04777,WP048,Senji,1,1405,9,WORKING,NORMAL,,2026-06-28 06:36:44
R04778,WP048,Senji,1,339,4,LOW_FLOW,MEDIUM,Flow below operational threshold,2026-07-03 23:07:22
R04779,WP048,Senji,1,2894,12,WORKING,NORMAL,,2026-07-03 21:23:44
R04780,WP048,Senji,1,3354,11,WORKING,NORMAL,,2026-07-20 21:35:08
R04781,WP048,Senji,1,2905,9,WORKING,NORMAL,,2026-07-02 00:49:33
R04782,WP048,Senji,1,3416,10,WORKING,NORMAL,,2026-07-14 16:13:47
R04783,WP048,Senji,1,2737,13,WORKING,NORMAL,,2026-07-11 10:28:30
R04784,WP048,Senji,1,2365,6,WORKING,NORMAL,,2026-07-20 02:56:54
R04785,WP048,Senji,1,1979,10,WORKING,NORMAL,,2026-07-24 06:20:50
R04786,WP048,Senji,1,1350,7,WORKING,NORMAL,,2026-07-03 13:58:56
R04787,WP048,Senji,0,0,0,NOT_WORKING,CRITICAL,Zero flow detected,2026-07-13 20:16:06
R04788,WP048,Senji,1,2250,8,WORKING,NORMAL,,2026-07-02 06:16:08
R04789,WP048,Senji,1,1386,7,WORKING,NORMAL,,2026-07-02 02:13:06
R04790,WP048,Senji,1,754,2,LOW_FLOW,MEDIUM,Flow below operational threshold,2026-07-13 03:12:51
R04791,WP048,Senji,1,2550,5,WORKING,NORMAL,,2026-07-09 01:04:27
R04792,WP048,Senji,1,2574,11,WORKING,NORMAL,,2026-07-24 00:44:04
R04793,WP048,Senji,1,2266,10,WORKING,NORMAL,,2026-07-22 04:23:34
R04794,WP048,Senji,1,2426,13,WORKING,NORMAL,,2026-07-03 16:20:18
R04795,WP048,Senji,1,3510,13,WORKING,NORMAL,,2026-07-25 22:33:46
R04796,WP048,Senji,1,1642,11,WORKING,NORMAL,,2026-07-11 08:07:25
R04797,WP048,Senji,0,0,0,NOT_WORKING,CRITICAL,Zero flow detected,2026-06-27 09:22:04
R04798,WP048,Senji,1,384,1,LOW_FLOW,MEDIUM,Flow below operational threshold,2026-07-02 12:10:00
R04799,WP048,Senji,1,2290,7,WORKING,NORMAL,,2026-07-21 02:49:59
R04800,WP048,Senji,1,2945,13,WORKING,NORMAL,,2026-07-19 02:20:54
R04801,WP049,Putlur,1,1658,7,WORKING,NORMAL,,2026-07-07 20:33:46
R04802,WP049,Putlur,1,1759,5,WORKING,NORMAL,,2026-07-23 23:13:04
R04803,WP049,Putlur,1,2616,11,WORKING,NORMAL,,2026-07-14 21:32:51
R04804,WP049,Putlur,1,2242,14,WORKING,NORMAL,,2026-07-15 08:14:40
R04805,WP049,Putlur,1,2703,14,WORKING,NORMAL,,2026-07-04 09:41:08
R04806,WP049,Putlur,1,3821,12,WORKING,NORMAL,,2026-06-27 17:42:14
R04807,WP049,Putlur,1,1090,10,WORKING,NORMAL,,2026-07-24 07:09:38
R04808,WP049,Putlur,1,1337,12,WORKING,NORMAL,,2026-07-02 13:57:38
R04809,WP049,Putlur,1,1425,8,WORKING,NORMAL,,2026-07-01 04:08:03
R04810,WP049,Putlur,1,3313,6,WORKING,NORMAL,,2026-07-09 00:01:10
R04811,WP049,Putlur,1,1394,11,WORKING,NORMAL,,2026-07-26 16:35:10
R04812,WP049,Putlur,1,3047,9,WORKING,NORMAL,,2026-07-19 14:14:29
R04813,WP049,Putlur,1,3796,12,WORKING,NORMAL,,2026-07-06 06:19:58
R04814,WP049,Putlur,0,0,0,NOT_WORKING,CRITICAL,Zero flow detected,2026-07-22 14:08:15
R04815,WP049,Putlur,1,2183,14,WORKING,NORMAL,,2026-07-20 18:38:25
R04816,WP049,Putlur,1,1898,12,WORKING,NORMAL,,2026-06-29 17:38:51
R04817,WP049,Putlur,1,573,1,LOW_FLOW,MEDIUM,Flow below operational threshold,2026-07-08 13:58:39
R04818,WP049,Putlur,1,512,4,LOW_FLOW,MEDIUM,Flow below operational threshold,2026-07-02 10:43:16
R04819,WP049,Putlur,1,821,5,LOW_FLOW,MEDIUM,Flow below operational threshold,2026-07-26 07:38:59
R04820,WP049,Putlur,1,3491,7,WORKING,NORMAL,,2026-07-08 15:15:43
R04821,WP049,Putlur,1,2453,7,WORKING,NORMAL,,2026-07-23 10:17:41
R04822,WP049,Putlur,1,2833,8,WORKING,NORMAL,,2026-07-22 07:50:36
R04823,WP049,Putlur,1,2381,6,WORKING,NORMAL,,2026-07-08 23:58:00
R04824,WP049,Putlur,1,2959,14,WORKING,NORMAL,,2026-07-07 21:27:56
R04825,WP049,Putlur,1,1955,7,WORKING,NORMAL,,2026-07-13 00:43:57
R04826,WP049,Putlur,1,2715,9,WORKING,NORMAL,,2026-07-14 10:11:25
R04827,WP049,Putlur,1,3938,14,WORKING,NORMAL,,2026-07-21 06:26:20
R04828,WP049,Putlur,1,3818,12,WORKING,NORMAL,,2026-07-19 05:54:31
R04829,WP049,Putlur,1,2517,7,WORKING,NORMAL,,2026-07-03 17:34:20
R04830,WP049,Putlur,1,3458,13,WORKING,NORMAL,,2026-06-28 20:20:10
R04831,WP049,Putlur,1,3865,14,WORKING,NORMAL,,2026-07-21 12:47:17
R04832,WP049,Putlur,0,0,0,NOT_WORKING,CRITICAL,Zero flow detected,2026-06-27 11:41:41
R04833,WP049,Putlur,1,1600,9,WORKING,NORMAL,,2026-07-07 11:14:32
R04834,WP049,Putlur,1,2958,5,WORKING,NORMAL,,2026-07-01 09:54:29
R04835,WP049,Putlur,1,3101,5,WORKING,NORMAL,,2026-07-24 20:38:22
R04836,WP049,Putlur,1,3874,6,WORKING,NORMAL,,2026-06-28 08:00:03
R04837,WP049,Putlur,1,374,2,LOW_FLOW,MEDIUM,Flow below operational threshold,2026-07-15 22:13:50
R04838,WP049,Putlur,1,2218,7,WORKING,NORMAL,,2026-07-23 15:34:42
R04839,WP049,Putlur,1,2468,8,WORKING,NORMAL,,2026-07-11 07:21:55
R04840,WP049,Putlur,1,3442,9,WORKING,NORMAL,,2026-07-09 13:55:22
R04841,WP049,Putlur,1,390,3,LOW_FLOW,MEDIUM,Flow below operational threshold,2026-07-25 16:03:34
R04842,WP049,Putlur,1,3275,12,WORKING,NORMAL,,2026-07-09 05:38:11
R04843,WP049,Putlur,1,2427,10,WORKING,NORMAL,,2026-07-05 10:15:18
R04844,WP049,Putlur,1,2854,8,WORKING,NORMAL,,2026-07-19 13:01:41
R04845,WP049,Putlur,1,3164,7,WORKING,NORMAL,,2026-07-23 16:00:29
R04846,WP049,Putlur,1,1355,9,WORKING,NORMAL,,2026-06-30 12:37:19
R04847,WP049,Putlur,1,2990,11,WORKING,NORMAL,,2026-07-10 12:53:49
R04848,WP049,Putlur,1,2062,8,WORKING,NORMAL,,2026-07-14 23:13:37
R04849,WP049,Putlur,1,3346,8,WORKING,NORMAL,,2026-07-26 10:46:05
R04850,WP049,Putlur,1,2636,6,WORKING,NORMAL,,2026-07-08 13:13:13
R04851,WP049,Putlur,1,3174,8,WORKING,NORMAL,,2026-07-16 12:13:45
R04852,WP049,Putlur,1,2642,9,WORKING,NORMAL,,2026-07-20 06:34:06
R04853,WP049,Putlur,1,1660,6,WORKING,NORMAL,,2026-07-20 21:24:32
R04854,WP049,Putlur,1,248,3,LOW_FLOW,MEDIUM,Flow below operational threshold,2026-07-09 01:39:32
R04855,WP049,Putlur,1,1243,11,WORKING,NORMAL,,2026-06-28 17:20:48
R04856,WP049,Putlur,1,3905,11,WORKING,NORMAL,,2026-07-06 14:47:12
R04857,WP049,Putlur,1,3848,14,WORKING,NORMAL,,2026-07-10 21:51:29
R04858,WP049,Putlur,1,3236,6,WORKING,NORMAL,,2026-07-18 06:00:39
R04859,WP049,Putlur,1,1906,14,WORKING,NORMAL,,2026-06-27 17:46:35
R04860,WP049,Putlur,1,3918,6,WORKING,NORMAL,,2026-07-10 20:03:11
R04861,WP049,Putlur,1,1731,11,WORKING,NORMAL,,2026-06-29 01:37:03
R04862,WP049,Putlur,1,2778,5,WORKING,NORMAL,,2026-07-20 19:32:36
R04863,WP049,Putlur,1,1397,12,WORKING,NORMAL,,2026-07-24 14:17:28
R04864,WP049,Putlur,1,1178,9,WORKING,NORMAL,,2026-07-01 16:36:52
R04865,WP049,Putlur,1,3331,14,WORKING,NORMAL,,2026-07-11 17:19:34
R04866,WP049,Putlur,1,1584,12,WORKING,NORMAL,,2026-07-22 04:02:58
R04867,WP049,Putlur,1,2329,8,WORKING,NORMAL,,2026-07-17 17:29:53
R04868,WP049,Putlur,1,1656,8,WORKING,NORMAL,,2026-06-30 19:40:30
R04869,WP049,Putlur,1,2279,9,WORKING,NORMAL,,2026-07-23 08:02:29
R04870,WP049,Putlur,1,2049,14,WORKING,NORMAL,,2026-07-25 18:11:25
R04871,WP049,Putlur,1,1616,11,WORKING,NORMAL,,2026-07-18 18:42:52
R04872,WP049,Putlur,1,3759,5,WORKING,NORMAL,,2026-06-28 10:04:03
R04873,WP049,Putlur,1,2687,10,WORKING,NORMAL,,2026-07-05 12:15:03
R04874,WP049,Putlur,1,3983,9,WORKING,NORMAL,,2026-07-04 18:57:35
R04875,WP049,Putlur,1,2930,8,WORKING,NORMAL,,2026-07-13 16:44:04
R04876,WP049,Putlur,1,432,1,LOW_FLOW,MEDIUM,Flow below operational threshold,2026-07-14 14:33:39
R04877,WP049,Putlur,1,3542,13,WORKING,NORMAL,,2026-07-03 23:01:37
R04878,WP049,Putlur,1,2489,6,WORKING,NORMAL,,2026-07-25 19:23:53
R04879,WP049,Putlur,1,1701,12,WORKING,NORMAL,,2026-06-27 01:10:43
R04880,WP049,Putlur,1,2855,12,WORKING,NORMAL,,2026-07-01 14:32:56
R04881,WP049,Putlur,1,3231,5,WORKING,NORMAL,,2026-07-16 09:23:51
R04882,WP049,Putlur,1,915,4,LOW_FLOW,MEDIUM,Flow below operational threshold,2026-07-09 21:27:26
R04883,WP049,Putlur,1,2510,12,WORKING,NORMAL,,2026-07-19 03:20:50
R04884,WP049,Putlur,1,2845,5,WORKING,NORMAL,,2026-07-21 19:43:42
R04885,WP049,Putlur,1,1057,12,WORKING,NORMAL,,2026-06-30 23:13:31
R04886,WP049,Putlur,1,3059,10,WORKING,NORMAL,,2026-07-04 05:20:32
R04887,WP049,Putlur,1,3902,9,WORKING,NORMAL,,2026-06-27 10:36:21
R04888,WP049,Putlur,1,3093,12,WORKING,NORMAL,,2026-07-07 18:39:01
R04889,WP049,Putlur,1,3614,12,WORKING,NORMAL,,2026-06-28 12:04:35
R04890,WP049,Putlur,1,2300,12,WORKING,NORMAL,,2026-07-20 01:40:28
R04891,WP049,Putlur,1,3970,12,WORKING,NORMAL,,2026-07-22 05:31:28
R04892,WP049,Putlur,1,1128,10,WORKING,NORMAL,,2026-07-02 06:33:12
R04893,WP049,Putlur,1,3400,10,WORKING,NORMAL,,2026-07-13 09:09:49
R04894,WP049,Putlur,1,1778,7,WORKING,NORMAL,,2026-07-12 22:08:38
R04895,WP049,Putlur,0,0,0,NOT_WORKING,CRITICAL,Zero flow detected,2026-07-19 22:44:41
R04896,WP049,Putlur,1,2229,12,WORKING,NORMAL,,2026-07-13 15:55:29
R04897,WP049,Putlur,1,3669,5,WORKING,NORMAL,,2026-07-25 13:45:54
R04898,WP049,Putlur,1,2487,13,WORKING,NORMAL,,2026-07-16 02:41:31
R04899,WP049,Putlur,1,1571,6,WORKING,NORMAL,,2026-07-18 19:19:04
R04900,WP049,Putlur,1,2816,14,WORKING,NORMAL,,2026-07-07 11:40:06
R04901,WP050,Putlur,1,1133,13,WORKING,NORMAL,,2026-07-03 07:24:47
R04902,WP050,Putlur,1,1913,8,WORKING,NORMAL,,2026-07-24 17:09:25
R04903,WP050,Putlur,1,1693,11,WORKING,NORMAL,,2026-07-02 16:32:30
R04904,WP050,Putlur,1,2362,6,WORKING,NORMAL,,2026-07-18 09:49:23
R04905,WP050,Putlur,1,3063,7,WORKING,NORMAL,,2026-07-11 17:53:10
R04906,WP050,Putlur,1,1007,8,WORKING,NORMAL,,2026-06-28 23:17:47
R04907,WP050,Putlur,1,2125,8,WORKING,NORMAL,,2026-07-22 21:06:50
R04908,WP050,Putlur,1,1471,8,WORKING,NORMAL,,2026-07-26 06:25:55
R04909,WP050,Putlur,1,1333,9,WORKING,NORMAL,,2026-07-23 01:02:02
R04910,WP050,Putlur,1,3748,7,WORKING,NORMAL,,2026-07-01 03:51:26
R04911,WP050,Putlur,1,1497,13,WORKING,NORMAL,,2026-07-02 20:04:13
R04912,WP050,Putlur,1,2442,14,WORKING,NORMAL,,2026-07-11 16:28:36
R04913,WP050,Putlur,1,3705,9,WORKING,NORMAL,,2026-07-20 23:39:51
R04914,WP050,Putlur,1,493,3,LOW_FLOW,MEDIUM,Flow below operational threshold,2026-07-04 10:45:25
R04915,WP050,Putlur,1,277,4,LOW_FLOW,MEDIUM,Flow below operational threshold,2026-07-18 20:16:07
R04916,WP050,Putlur,1,1110,5,WORKING,NORMAL,,2026-07-10 20:41:30
R04917,WP050,Putlur,1,2554,9,WORKING,NORMAL,,2026-07-20 23:36:27
R04918,WP050,Putlur,1,3746,8,WORKING,NORMAL,,2026-07-03 02:37:20
R04919,WP050,Putlur,1,1312,13,WORKING,NORMAL,,2026-07-19 18:25:54
R04920,WP050,Putlur,1,3762,14,WORKING,NORMAL,,2026-07-01 17:34:00
R04921,WP050,Putlur,1,2827,9,WORKING,NORMAL,,2026-07-18 07:40:05
R04922,WP050,Putlur,1,3597,14,WORKING,NORMAL,,2026-07-19 16:22:08
R04923,WP050,Putlur,1,3883,14,WORKING,NORMAL,,2026-07-04 10:19:53
R04924,WP050,Putlur,0,0,0,NOT_WORKING,CRITICAL,Zero flow detected,2026-07-13 16:16:40
R04925,WP050,Putlur,1,381,2,LOW_FLOW,MEDIUM,Flow below operational threshold,2026-07-21 04:56:13
R04926,WP050,Putlur,1,2473,8,WORKING,NORMAL,,2026-07-03 20:09:08
R04927,WP050,Putlur,0,0,0,NOT_WORKING,CRITICAL,Zero flow detected,2026-07-11 08:46:38
R04928,WP050,Putlur,1,2055,6,WORKING,NORMAL,,2026-07-15 05:44:53
R04929,WP050,Putlur,1,1312,13,WORKING,NORMAL,,2026-07-16 02:46:10
R04930,WP050,Putlur,1,2185,7,WORKING,NORMAL,,2026-07-13 13:35:15
R04931,WP050,Putlur,1,1049,9,WORKING,NORMAL,,2026-07-01 16:39:37
R04932,WP050,Putlur,1,448,3,LOW_FLOW,MEDIUM,Flow below operational threshold,2026-07-07 22:56:33
R04933,WP050,Putlur,1,1448,14,WORKING,NORMAL,,2026-07-10 07:30:05
R04934,WP050,Putlur,1,2156,11,WORKING,NORMAL,,2026-07-07 13:40:28
R04935,WP050,Putlur,1,2248,9,WORKING,NORMAL,,2026-07-13 08:16:41
R04936,WP050,Putlur,1,282,5,LOW_FLOW,MEDIUM,Flow below operational threshold,2026-07-08 07:34:55
R04937,WP050,Putlur,1,3488,13,WORKING,NORMAL,,2026-07-09 13:23:45
R04938,WP050,Putlur,1,2156,8,WORKING,NORMAL,,2026-07-08 02:13:02
R04939,WP050,Putlur,1,1999,5,WORKING,NORMAL,,2026-07-05 09:43:46
R04940,WP050,Putlur,1,1704,12,WORKING,NORMAL,,2026-06-30 11:54:00
R04941,WP050,Putlur,1,1547,12,WORKING,NORMAL,,2026-07-17 09:13:45
R04942,WP050,Putlur,1,2884,6,WORKING,NORMAL,,2026-06-28 09:11:20
R04943,WP050,Putlur,1,3710,7,WORKING,NORMAL,,2026-07-19 01:22:09
R04944,WP050,Putlur,1,290,2,LOW_FLOW,MEDIUM,Flow below operational threshold,2026-07-01 22:14:38
R04945,WP050,Putlur,1,2798,8,WORKING,NORMAL,,2026-07-26 02:03:35
R04946,WP050,Putlur,1,3024,8,WORKING,NORMAL,,2026-07-12 04:31:47
R04947,WP050,Putlur,1,2716,12,WORKING,NORMAL,,2026-06-28 00:09:09
R04948,WP050,Putlur,1,2642,14,WORKING,NORMAL,,2026-07-09 21:07:37
R04949,WP050,Putlur,1,1164,5,WORKING,NORMAL,,2026-07-06 01:51:50
R04950,WP050,Putlur,1,3884,9,WORKING,NORMAL,,2026-07-25 04:46:47
R04951,WP050,Putlur,1,509,1,LOW_FLOW,MEDIUM,Flow below operational threshold,2026-07-17 04:58:55
R04952,WP050,Putlur,1,2187,8,WORKING,NORMAL,,2026-06-29 07:28:55
R04953,WP050,Putlur,0,0,0,NOT_WORKING,CRITICAL,Zero flow detected,2026-07-25 16:28:19
R04954,WP050,Putlur,1,1173,8,WORKING,NORMAL,,2026-06-28 11:02:46
R04955,WP050,Putlur,1,2258,6,WORKING,NORMAL,,2026-07-22 10:12:56
R04956,WP050,Putlur,0,0,0,NOT_WORKING,CRITICAL,Zero flow detected,2026-07-20 15:48:10
R04957,WP050,Putlur,1,3651,12,WORKING,NORMAL,,2026-07-25 23:46:43
R04958,WP050,Putlur,1,3453,9,WORKING,NORMAL,,2026-07-01 03:33:03
R04959,WP050,Putlur,1,2336,9,WORKING,NORMAL,,2026-07-03 02:56:07
R04960,WP050,Putlur,1,2537,9,WORKING,NORMAL,,2026-07-02 14:29:08
R04961,WP050,Putlur,1,3634,5,WORKING,NORMAL,,2026-07-16 18:48:08
R04962,WP050,Putlur,1,3514,14,WORKING,NORMAL,,2026-06-29 15:52:20
R04963,WP050,Putlur,1,2802,9,WORKING,NORMAL,,2026-07-19 06:26:28
R04964,WP050,Putlur,1,2618,5,WORKING,NORMAL,,2026-07-21 21:32:39
R04965,WP050,Putlur,1,337,5,LOW_FLOW,MEDIUM,Flow below operational threshold,2026-06-29 16:39:56
R04966,WP050,Putlur,1,3050,7,WORKING,NORMAL,,2026-07-03 15:26:53
R04967,WP050,Putlur,1,3609,6,WORKING,NORMAL,,2026-07-18 09:09:10
R04968,WP050,Putlur,1,1025,5,WORKING,NORMAL,,2026-07-07 00:45:56
R04969,WP050,Putlur,1,2135,11,WORKING,NORMAL,,2026-07-25 16:09:17
R04970,WP050,Putlur,1,3831,10,WORKING,NORMAL,,2026-07-02 07:06:22
R04971,WP050,Putlur,1,1438,10,WORKING,NORMAL,,2026-07-02 00:50:55
R04972,WP050,Putlur,1,3830,8,WORKING,NORMAL,,2026-06-28 11:00:50
R04973,WP050,Putlur,1,1474,8,WORKING,NORMAL,,2026-07-03 11:28:11
R04974,WP050,Putlur,0,0,0,NOT_WORKING,CRITICAL,Zero flow detected,2026-07-20 20:21:00
R04975,WP050,Putlur,1,2185,12,WORKING,NORMAL,,2026-07-02 02:03:31
R04976,WP050,Putlur,1,1749,13,WORKING,NORMAL,,2026-07-26 01:22:16
R04977,WP050,Putlur,1,2134,13,WORKING,NORMAL,,2026-07-10 22:04:19
R04978,WP050,Putlur,1,3468,11,WORKING,NORMAL,,2026-07-13 12:24:16
R04979,WP050,Putlur,1,3850,9,WORKING,NORMAL,,2026-07-21 23:49:53
R04980,WP050,Putlur,1,2212,8,WORKING,NORMAL,,2026-07-01 00:06:21
R04981,WP050,Putlur,1,2661,8,WORKING,NORMAL,,2026-07-12 23:12:07
R04982,WP050,Putlur,1,1379,12,WORKING,NORMAL,,2026-07-23 12:04:29
R04983,WP050,Putlur,1,2863,14,WORKING,NORMAL,,2026-07-15 07:18:33
R04984,WP050,Putlur,1,211,3,LOW_FLOW,MEDIUM,Flow below operational threshold,2026-07-13 06:24:30
R04985,WP050,Putlur,1,229,4,LOW_FLOW,MEDIUM,Flow below operational threshold,2026-06-27 03:11:47
R04986,WP050,Putlur,1,3629,12,WORKING,NORMAL,,2026-07-23 11:35:15
R04987,WP050,Putlur,1,923,1,LOW_FLOW,MEDIUM,Flow below operational threshold,2026-06-30 04:49:08
R04988,WP050,Putlur,1,849,1,LOW_FLOW,MEDIUM,Flow below operational threshold,2026-07-14 18:19:53
R04989,WP050,Putlur,1,2070,14,WORKING,NORMAL,,2026-07-11 02:33:27
R04990,WP050,Putlur,1,1833,8,WORKING,NORMAL,,2026-07-03 21:37:25
R04991,WP050,Putlur,1,294,1,LOW_FLOW,MEDIUM,Flow below operational threshold,2026-07-08 16:49:32
R04992,WP050,Putlur,1,3029,12,WORKING,NORMAL,,2026-06-28 12:37:47
R04993,WP050,Putlur,1,1247,14,WORKING,NORMAL,,2026-06-30 22:47:18
R04994,WP050,Putlur,1,639,3,LOW_FLOW,MEDIUM,Flow below operational threshold,2026-07-15 17:25:25
R04995,WP050,Putlur,1,1707,14,WORKING,NORMAL,,2026-07-15 02:25:08
R04996,WP050,Putlur,1,2130,7,WORKING,NORMAL,,2026-07-02 01:24:34
R04997,WP050,Putlur,1,2704,11,WORKING,NORMAL,,2026-07-10 01:35:38
R04998,WP050,Putlur,1,2474,6,WORKING,NORMAL,,2026-07-24 14:47:00
R04999,WP050,Putlur,1,3499,12,WORKING,NORMAL,,2026-06-30 13:20:48
R05000,WP050,Putlur,1,2898,12,WORKING,NORMAL,,2026-07-09 14:35:34
